time_s,v_ms,dv_ms2,gear,x_tot_m
1,0.0,0.0,0,0.0
2,0.0,0.0,0,0.0
3,0.0,0.0,0,0.0
4,0.0,0.0,0,0.0
5,0.0,0.0,0,0.0
6,0.0,0.0,0,0.0
7,0.0,0.0,0,0.0
8,0.0,0.0,0,0.0
9,0.0,0.0,0,0.0
10,0.0,0.0,0,0.0
11,0.0,0.0,0,0.0
12,0.0,0.0,0,0.0
13,0.0,0.0,0,0.0
14,0.0,0.0,0,0.0
15,0.0,0.0,0,0.0
16,0.0,0.0,0,0.0
17,0.0,0.0,0,0.0
18,0.0,0.0,0,0.0
19,0.0,0.0,0,0.0
20,0.0,0.0,0,0.0
21,0.0,1.3333333333333333,0,0.0
22,1.3333333333333333,1.3055555555555556,1,0.6666666666666666
23,2.638888888888889,1.1944444444444446,1,2.6527777777777777
24,3.8333333333333335,1.305555555555555,1,5.888888888888889
25,5.138888888888888,1.25,1,10.375
26,6.388888888888888,1.166666666666667,1,16.13888888888889
27,7.555555555555555,0.16666666666666696,1,23.11111111111111
28,7.722222222222222,0.3611111111111116,1,30.75
29,8.083333333333334,1.1666666666666643,1,38.65277777777778
30,9.249999999999998,0.4444444444444464,2,47.31944444444444
31,9.694444444444445,0.30555555555555536,2,56.791666666666664
32,10.0,0.05555555555555536,2,66.63888888888889
33,10.055555555555555,-0.16666666666666607,2,76.66666666666666
34,9.88888888888889,-0.27777777777777857,2,86.63888888888889
35,9.61111111111111,-0.2777777777777768,2,96.38888888888889
36,9.333333333333334,-0.2222222222222232,2,105.86111111111111
37,9.11111111111111,-0.25,2,115.08333333333334
38,8.86111111111111,-1.25,2,124.06944444444446
39,7.611111111111111,-0.9444444444444446,2,132.30555555555557
40,6.666666666666666,0.0,2,139.44444444444446
41,6.666666666666666,0.13888888888888928,2,146.11111111111111
42,6.805555555555555,0.11111111111111072,2,152.84722222222223
43,6.916666666666666,0.22222222222222232,2,159.70833333333334
44,7.138888888888888,0.5,2,166.73611111111111
45,7.638888888888888,0.8888888888888884,2,174.125
46,8.527777777777777,0.9166666666666679,2,182.20833333333334
47,9.444444444444445,0.6944444444444446,2,191.19444444444446
48,10.13888888888889,0.11111111111111072,2,200.98611111111111
49,10.25,-0.11111111111111072,2,211.18055555555557
50,10.13888888888889,-0.027777777777778567,2,221.37500000000003
51,10.11111111111111,-0.5833333333333339,2,231.50000000000003
52,9.527777777777777,-1.0277777777777768,2,241.31944444444446
53,8.5,-0.8611111111111116,2,250.33333333333334
54,7.638888888888888,-0.583333333333333,2,258.40277777777777
55,7.055555555555555,0.0,2,265.75
56,7.055555555555555,0.8611111111111107,2,272.80555555555554
57,7.916666666666666,0.9444444444444446,2,280.29166666666663
58,8.86111111111111,0.8055555555555554,2,288.68055555555554
59,9.666666666666666,0.6944444444444446,2,297.94444444444446
60,10.36111111111111,0.44444444444444464,2,307.95833333333337
61,10.805555555555555,0.19444444444444464,2,318.5416666666667
62,11.0,0.13888888888888928,2,329.44444444444446
63,11.13888888888889,0.027777777777778567,3,340.5138888888889
64,11.166666666666668,-0.16666666666666785,3,351.6666666666667
65,11.0,-0.05555555555555536,2,362.75
66,10.944444444444445,0.11111111111111072,2,373.72222222222223
67,11.055555555555555,0.02777777777777679,2,384.72222222222223
68,11.083333333333332,-0.02777777777777679,2,395.7916666666667
69,11.055555555555555,-0.05555555555555536,2,406.86111111111114
70,11.0,0.0,2,417.8888888888889
71,11.0,0.22222222222222143,2,428.8888888888889
72,11.222222222222221,0.2222222222222232,3,440.0
73,11.444444444444445,0.05555555555555536,3,451.3333333333333
74,11.5,-0.13888888888888928,3,462.80555555555554
75,11.36111111111111,-0.22222222222222143,3,474.2361111111111
76,11.13888888888889,0.027777777777778567,3,485.4861111111111
77,11.166666666666668,0.19444444444444287,3,496.63888888888886
78,11.36111111111111,0.25,3,507.90277777777777
79,11.61111111111111,0.0,3,519.3888888888889
80,11.61111111111111,-0.11111111111111072,3,531.0
81,11.5,0.16666666666666607,3,542.5555555555555
82,11.666666666666666,0.27777777777777857,3,554.1388888888889
83,11.944444444444445,0.36111111111110894,3,565.9444444444445
84,12.305555555555554,0.4722222222222232,3,578.0694444444445
85,12.777777777777777,0.3333333333333339,3,590.6111111111111
86,13.11111111111111,0.22222222222222143,3,603.5555555555555
87,13.333333333333332,0.11111111111111072,3,616.7777777777777
88,13.444444444444443,0.13888888888888928,3,630.1666666666666
89,13.583333333333332,0.13888888888888928,3,643.6805555555555
90,13.722222222222221,0.0,3,657.3333333333334
91,13.722222222222221,-0.08333333333333215,3,671.0555555555555
92,13.63888888888889,-0.055555555555557135,3,684.7361111111111
93,13.583333333333332,-0.027777777777778567,3,698.3472222222222
94,13.555555555555554,0.027777777777778567,3,711.9166666666666
95,13.583333333333332,0.19444444444444642,3,725.4861111111111
96,13.777777777777779,-0.19444444444444642,3,739.1666666666666
97,13.583333333333332,-0.22222222222222143,3,752.8472222222222
98,13.36111111111111,-0.16666666666666607,3,766.3194444444443
99,13.194444444444445,0.1388888888888875,3,779.5972222222222
100,13.333333333333332,0.22222222222222143,3,792.8611111111111
101,13.555555555555554,0.16666666666666785,3,806.3055555555555
102,13.722222222222221,0.08333333333333393,3,819.9444444444445
103,13.805555555555555,0.05555555555555536,3,833.7083333333334
104,13.86111111111111,-0.05555555555555536,3,847.5416666666667
105,13.805555555555555,-0.2222222222222232,3,861.3750000000001
106,13.583333333333332,-0.25,3,875.0694444444446
107,13.333333333333332,0.027777777777778567,3,888.5277777777779
108,13.36111111111111,0.13888888888888928,3,901.8750000000001
109,13.5,0.22222222222222143,3,915.3055555555557
110,13.722222222222221,0.2222222222222232,3,928.9166666666667
111,13.944444444444445,0.27777777777777857,3,942.7500000000001
112,14.222222222222223,0.1666666666666643,3,956.8333333333335
113,14.388888888888888,0.08333333333333393,3,971.138888888889
114,14.472222222222221,-0.08333333333333393,3,985.5694444444446
115,14.388888888888888,-0.22222222222222143,3,1000.0000000000001
116,14.166666666666666,-1.3888888888888893,3,1014.2777777777779
117,12.777777777777777,-1.4722222222222214,3,1027.7500000000002
118,11.305555555555555,-1.4722222222222232,3,1039.791666666667
119,9.833333333333332,-1.4722222222222214,2,1050.3611111111113
120,8.36111111111111,-1.4722222222222214,2,1059.4583333333335
121,6.888888888888889,-1.4722222222222223,2,1067.0833333333335
122,5.416666666666667,-1.4722222222222228,1,1073.2361111111113
123,3.944444444444444,-1.4722222222222219,1,1077.916666666667
124,2.4722222222222223,-1.5,1,1081.1250000000002
125,0.9722222222222222,-0.9722222222222222,0,1082.8472222222224
126,0.0,0.0,0,1083.3333333333335
127,0.0,0.0,0,1083.3333333333335
128,0.0,0.0,0,1083.3333333333335
129,0.0,0.0,0,1083.3333333333335
130,0.0,0.0,0,1083.3333333333335
131,0.0,0.0,0,1083.3333333333335
132,0.0,0.0,0,1083.3333333333335
133,0.0,0.0,0,1083.3333333333335
134,0.0,0.0,0,1083.3333333333335
135,0.0,0.0,0,1083.3333333333335
136,0.0,0.0,0,1083.3333333333335
137,0.0,0.0,0,1083.3333333333335
138,0.0,0.0,0,1083.3333333333335
139,0.0,0.0,0,1083.3333333333335
140,0.0,0.0,0,1083.3333333333335
141,0.0,0.0,0,1083.3333333333335
142,0.0,0.0,0,1083.3333333333335
143,0.0,0.0,0,1083.3333333333335
144,0.0,0.0,0,1083.3333333333335
145,0.0,0.0,0,1083.3333333333335
146,0.0,0.0,0,1083.3333333333335
147,0.0,0.0,0,1083.3333333333335
148,0.0,0.0,0,1083.3333333333335
149,0.0,0.0,0,1083.3333333333335
150,0.0,0.0,0,1083.3333333333335
151,0.0,0.0,0,1083.3333333333335
152,0.0,0.0,0,1083.3333333333335
153,0.0,0.0,0,1083.3333333333335
154,0.0,0.0,0,1083.3333333333335
155,0.0,0.0,0,1083.3333333333335
156,0.0,0.0,0,1083.3333333333335
157,0.0,0.0,0,1083.3333333333335
158,0.0,0.0,0,1083.3333333333335
159,0.0,0.0,0,1083.3333333333335
160,0.0,0.0,0,1083.3333333333335
161,0.0,0.0,0,1083.3333333333335
162,0.0,0.0,0,1083.3333333333335
163,0.0,0.0,0,1083.3333333333335
164,0.0,1.472222222222222,0,1083.3333333333335
165,1.472222222222222,1.472222222222222,1,1084.0694444444446
166,2.944444444444444,1.4722222222222228,1,1086.2777777777778
167,4.416666666666667,1.4722222222222214,1,1089.9583333333335
168,5.888888888888888,1.5000000000000009,1,1095.1111111111113
169,7.388888888888889,1.4722222222222214,1,1101.7500000000002
170,8.86111111111111,1.0555555555555571,2,1109.8750000000002
171,9.916666666666668,0.9444444444444429,2,1119.2638888888891
172,10.86111111111111,0.6666666666666661,2,1129.652777777778
173,11.527777777777777,0.27777777777777857,3,1140.8472222222224
174,11.805555555555555,-0.30555555555555536,3,1152.5138888888891
175,11.5,-0.27777777777777857,3,1164.166666666667
176,11.222222222222221,-0.16666666666666607,3,1175.527777777778
177,11.055555555555555,0.11111111111111249,2,1186.666666666667
178,11.166666666666668,0.11111111111111072,3,1197.777777777778
179,11.277777777777779,0.08333333333333215,3,1209.0000000000002
180,11.36111111111111,0.16666666666666607,3,1220.3194444444446
181,11.527777777777777,0.6388888888888893,3,1231.763888888889
182,12.166666666666666,-0.33333333333333215,3,1243.611111111111
183,11.833333333333334,-1.1111111111111107,3,1255.611111111111
184,10.722222222222223,-0.5833333333333339,2,1266.888888888889
185,10.13888888888889,-1.4722222222222232,2,1277.3194444444446
186,8.666666666666666,-0.75,2,1286.7222222222224
187,7.916666666666666,-0.22222222222222232,2,1295.0138888888891
188,7.694444444444444,0.38888888888889017,2,1302.8194444444448
189,8.083333333333334,0.22222222222222143,2,1310.7083333333337
190,8.305555555555555,0.6388888888888893,2,1318.902777777778
191,8.944444444444445,0.9722222222222232,2,1327.527777777778
192,9.916666666666668,1.0277777777777768,2,1336.9583333333337
193,10.944444444444445,1.2499999999999982,2,1347.3888888888894
194,12.194444444444443,1.4444444444444464,3,1358.9583333333337
195,13.63888888888889,1.3333333333333321,3,1371.8750000000005
196,14.972222222222221,1.2222222222222214,3,1386.180555555556
197,16.194444444444443,0.472222222222225,3,1401.7638888888894
198,16.666666666666668,0.8888888888888893,3,1418.194444444445
199,17.555555555555557,0.5555555555555536,3,1435.305555555556
200,18.11111111111111,0.7222222222222214,4,1453.1388888888894
201,18.833333333333332,0.6111111111111107,4,1471.6111111111115
202,19.444444444444443,0.7222222222222214,4,1490.7500000000005
203,20.166666666666664,0.3888888888888893,5,1510.555555555556
204,20.555555555555554,0.3611111111111107,5,1530.9166666666672
205,20.916666666666664,0.3055555555555607,5,1551.6527777777783
206,21.222222222222225,0.0,5,1572.7222222222226
207,21.222222222222225,-0.08333333333333925,5,1593.9444444444448
208,21.138888888888886,-0.027777777777775015,5,1615.1250000000005
209,21.11111111111111,-0.11111111111111427,5,1636.2500000000005
210,20.999999999999996,0.0,5,1657.305555555556
211,20.999999999999996,0.0,5,1678.305555555556
212,20.999999999999996,0.0,5,1699.305555555556
213,20.999999999999996,0.0,5,1720.305555555556
214,20.999999999999996,0.11111111111111427,5,1741.305555555556
215,21.11111111111111,0.08333333333333215,5,1762.3611111111118
216,21.194444444444443,0.22222222222222143,5,1783.5138888888896
217,21.416666666666664,0.27777777777777857,5,1804.8194444444453
218,21.694444444444443,0.25,5,1826.375000000001
219,21.944444444444443,0.19444444444444642,5,1848.1944444444453
220,22.13888888888889,0.22222222222222143,5,1870.236111111112
221,22.36111111111111,0.25,5,1892.486111111112
222,22.61111111111111,0.19444444444444287,5,1914.972222222223
223,22.805555555555554,0.22222222222222499,5,1937.6805555555563
224,23.02777777777778,0.3055555555555536,5,1960.597222222223
225,23.333333333333332,0.44444444444444287,5,1983.7777777777787
226,23.777777777777775,0.41666666666666785,5,2007.3333333333344
227,24.194444444444443,0.22222222222222499,5,2031.3194444444455
228,24.416666666666668,0.13888888888888928,5,2055.625000000001
229,24.555555555555557,0.027777777777775015,5,2080.111111111112
230,24.583333333333332,-0.027777777777775015,5,2104.6805555555566
231,24.555555555555557,-0.13888888888888928,5,2129.250000000001
232,24.416666666666668,0.0,5,2153.736111111112
233,24.416666666666668,0.08333333333333215,5,2178.1527777777787
234,24.5,0.13888888888888928,5,2202.611111111112
235,24.63888888888889,0.1666666666666643,5,2227.1805555555566
236,24.805555555555554,0.08333333333333215,5,2251.9027777777787
237,24.888888888888886,0.19444444444444642,5,2276.750000000001
238,25.083333333333332,0.08333333333333215,5,2301.736111111112
239,25.166666666666664,0.13888888888888928,5,2326.861111111112
240,25.305555555555554,0.027777777777778567,5,2352.0972222222235
241,25.333333333333332,0.0,5,2377.416666666668
242,25.333333333333332,-0.08333333333333215,5,2402.7500000000014
243,25.25,0.0,5,2428.041666666668
244,25.25,0.0,5,2453.291666666668
245,25.25,0.0,5,2478.541666666668
246,25.25,0.0,5,2503.791666666668
247,25.25,0.0,5,2529.041666666668
248,25.25,-0.0833333333333357,5,2554.291666666668
249,25.166666666666664,-0.08333333333333215,5,2579.5000000000014
250,25.083333333333332,-0.13888888888888928,5,2604.6250000000014
251,24.944444444444443,-0.3055555555555536,5,2629.63888888889
252,24.63888888888889,-0.22222222222222143,5,2654.4305555555566
253,24.416666666666668,-0.19444444444444642,5,2678.9583333333344
254,24.22222222222222,-0.08333333333333215,5,2703.2777777777787
255,24.13888888888889,-0.13888888888888928,5,2727.4583333333344
256,24.0,-0.027777777777778567,5,2751.5277777777787
257,23.97222222222222,0.11111111111111072,5,2775.51388888889
258,24.083333333333332,0.055555555555557135,5,2799.541666666668
259,24.13888888888889,0.05555555555555358,5,2823.652777777779
260,24.194444444444443,0.0,5,2847.8194444444457
261,24.194444444444443,-0.13888888888888928,5,2872.01388888889
262,24.055555555555554,-0.19444444444444287,5,2896.13888888889
263,23.86111111111111,-0.16666666666666785,5,2920.0972222222235
264,23.694444444444443,-0.1666666666666643,5,2943.8750000000014
265,23.52777777777778,-0.25000000000000355,5,2967.4861111111127
266,23.277777777777775,0.13888888888888928,5,2990.8888888888905
267,23.416666666666664,-0.1666666666666643,5,3014.2361111111127
268,23.25,-0.055555555555557135,5,3037.569444444446
269,23.194444444444443,-0.08333333333333215,5,3060.7916666666683
270,23.11111111111111,-0.08333333333333215,5,3083.944444444446
271,23.02777777777778,0.027777777777775015,5,3107.0138888888905
272,23.055555555555554,0.11111111111111427,5,3130.055555555557
273,23.166666666666668,0.11111111111110716,5,3153.1666666666683
274,23.277777777777775,0.19444444444444642,5,3176.3888888888905
275,23.47222222222222,0.22222222222222143,5,3199.7638888888905
276,23.694444444444443,0.22222222222222143,5,3223.347222222224
277,23.916666666666664,0.22222222222222499,5,3247.1527777777796
278,24.13888888888889,0.41666666666666785,5,3271.1805555555575
279,24.555555555555557,0.22222222222222143,5,3295.5277777777796
280,24.77777777777778,0.08333333333333215,5,3320.194444444446
281,24.86111111111111,0.1666666666666643,5,3345.0138888888905
282,25.027777777777775,0.0,5,3369.958333333335
283,25.027777777777775,-0.08333333333333215,5,3394.9861111111127
284,24.944444444444443,-0.27777777777777857,5,3419.972222222224
285,24.666666666666664,-0.3055555555555536,5,3444.7777777777796
286,24.36111111111111,-0.3888888888888893,5,3469.2916666666683
287,23.97222222222222,-0.5,5,3493.458333333335
288,23.47222222222222,-0.44444444444444287,5,3517.180555555557
289,23.02777777777778,0.0,5,3540.430555555557
290,23.02777777777778,0.0,5,3563.458333333335
291,23.02777777777778,-0.19444444444444642,5,3586.4861111111127
292,22.833333333333332,-0.4444444444444464,5,3609.4166666666683
293,22.388888888888886,-0.027777777777775015,5,3632.0277777777796
294,22.36111111111111,0.027777777777775015,5,3654.4027777777796
295,22.388888888888886,-0.027777777777775015,5,3676.7777777777796
296,22.36111111111111,-0.19444444444444642,5,3699.1527777777796
297,22.166666666666664,-0.027777777777775015,5,3721.4166666666683
298,22.13888888888889,0.0,5,3743.569444444446
299,22.13888888888889,0.0,5,3765.708333333335
300,22.13888888888889,-0.19444444444444642,5,3787.8472222222235
301,21.944444444444443,-0.22222222222222143,5,3809.88888888889
302,21.72222222222222,-0.22222222222222143,5,3831.7222222222235
303,21.5,-0.3888888888888893,5,3853.333333333335
304,21.11111111111111,-0.5,5,3874.6388888888905
305,20.61111111111111,-0.5,5,3895.500000000002
306,20.11111111111111,-0.5277777777777786,5,3915.861111111113
307,19.583333333333332,-0.5277777777777786,4,3935.7083333333353
308,19.055555555555554,-0.5,4,3955.0277777777796
309,18.555555555555554,-0.527777777777775,4,3973.8333333333353
310,18.02777777777778,-0.8055555555555571,3,3992.125000000002
311,17.22222222222222,-0.6944444444444429,3,4009.750000000002
312,16.52777777777778,-0.8055555555555571,3,4026.625000000002
313,15.722222222222221,-0.6111111111111107,3,4042.750000000002
314,15.11111111111111,-0.5833333333333339,3,4058.1666666666683
315,14.527777777777777,-0.44444444444444287,3,4072.9861111111127
316,14.083333333333334,-0.4166666666666661,3,4087.2916666666683
317,13.666666666666668,-0.027777777777778567,3,4101.166666666668
318,13.63888888888889,-0.2222222222222232,3,4114.819444444445
319,13.416666666666666,-0.44444444444444287,3,4128.347222222223
320,12.972222222222223,-0.6666666666666696,3,4141.541666666667
321,12.305555555555554,-1.2222222222222214,3,4154.180555555556
322,11.083333333333332,-1.4722222222222214,2,4165.875
323,9.61111111111111,-0.6388888888888893,2,4176.222222222223
324,8.972222222222221,-0.44444444444444464,2,4185.51388888889
325,8.527777777777777,-0.24999999999999822,2,4194.26388888889
326,8.277777777777779,-0.6666666666666679,2,4202.666666666667
327,7.611111111111111,-0.6944444444444446,2,4210.611111111111
328,6.916666666666666,-1.3333333333333321,2,4217.875
329,5.583333333333334,-0.7500000000000009,1,4224.125
330,4.833333333333333,-1.2499999999999996,1,4229.333333333333
331,3.5833333333333335,-1.4722222222222223,1,4233.541666666666
332,2.111111111111111,-1.4722222222222223,1,4236.388888888889
333,0.6388888888888888,-0.6388888888888888,0,4237.763888888889
334,0.0,0.0,0,4238.083333333333
335,0.0,0.0,0,4238.083333333333
336,0.0,0.0,0,4238.083333333333
337,0.0,0.0,0,4238.083333333333
338,0.0,0.0,0,4238.083333333333
339,0.0,0.0,0,4238.083333333333
340,0.0,0.0,0,4238.083333333333
341,0.0,0.0,0,4238.083333333333
342,0.0,0.0,0,4238.083333333333
343,0.0,0.0,0,4238.083333333333
344,0.0,0.0,0,4238.083333333333
345,0.0,0.0,0,4238.083333333333
346,0.0,0.0,0,4238.083333333333
347,0.0,0.4444444444444445,0,4238.083333333333
348,0.4444444444444445,1.4722222222222223,1,4238.305555555556
349,1.9166666666666667,1.4722222222222217,1,4239.486111111111
350,3.3888888888888884,1.4722222222222223,1,4242.138888888889
351,4.861111111111111,1.5,1,4246.263888888889
352,6.361111111111111,1.3611111111111116,1,4251.875
353,7.722222222222222,1.2222222222222223,1,4258.916666666667
354,8.944444444444445,1.1111111111111107,2,4267.25
355,10.055555555555555,0.5277777777777786,2,4276.75
356,10.583333333333334,0.6944444444444446,2,4287.069444444444
357,11.277777777777779,0.6111111111111089,3,4298.0
358,11.888888888888888,0.6666666666666679,3,4309.583333333333
359,12.555555555555555,0.8611111111111107,3,4321.805555555556
360,13.416666666666666,0.3611111111111125,3,4334.791666666667
361,13.777777777777779,0.36111111111110894,3,4348.38888888889
362,14.138888888888888,0.2222222222222232,3,4362.347222222223
363,14.36111111111111,0.16666666666666607,3,4376.597222222223
364,14.527777777777777,0.5000000000000018,3,4391.041666666667
365,15.027777777777779,0.3888888888888875,3,4405.819444444444
366,15.416666666666666,0.055555555555557135,3,4421.041666666667
367,15.472222222222223,0.1388888888888875,3,4436.486111111111
368,15.61111111111111,-0.05555555555555536,3,4452.027777777778
369,15.555555555555555,-0.13888888888888928,3,4467.611111111111
370,15.416666666666666,0.08333333333333215,3,4483.097222222223
371,15.499999999999998,0.3611111111111125,3,4498.555555555556
372,15.86111111111111,0.22222222222222143,3,4514.236111111111
373,16.083333333333332,0.0,3,4530.208333333334
374,16.083333333333332,0.0,3,4546.291666666667
375,16.083333333333332,0.0,3,4562.375
376,16.083333333333332,0.0,3,4578.458333333333
377,16.083333333333332,0.0,3,4594.541666666666
378,16.083333333333332,0.055555555555557135,3,4610.624999999999
379,16.13888888888889,0.13888888888888928,3,4626.73611111111
380,16.27777777777778,0.027777777777778567,3,4642.944444444443
381,16.305555555555557,-0.027777777777778567,3,4659.23611111111
382,16.27777777777778,-0.19444444444444642,3,4675.527777777777
383,16.083333333333332,-0.3888888888888875,3,4691.708333333333
384,15.694444444444445,-0.44444444444444464,3,4707.597222222222
385,15.25,-0.27777777777777857,3,4723.069444444444
386,14.972222222222221,-0.9444444444444446,3,4738.180555555556
387,14.027777777777777,-1.0555555555555536,3,4752.680555555556
388,12.972222222222223,-1.4722222222222232,3,4766.180555555556
389,11.5,-1.2222222222222232,3,4778.416666666667
390,10.277777777777777,-1.1944444444444429,2,4789.305555555556
391,9.083333333333334,-1.2500000000000009,2,4798.986111111111
392,7.833333333333333,-1.3611111111111107,2,4807.444444444444
393,6.472222222222222,-1.1111111111111107,1,4814.597222222222
394,5.361111111111112,-1.4722222222222228,1,4820.513888888889
395,3.888888888888889,-1.4722222222222223,1,4825.138888888889
396,2.4166666666666665,-1.472222222222222,1,4828.291666666666
397,0.9444444444444444,-0.9444444444444444,0,4829.972222222222
398,0.0,0.0,0,4830.444444444444
399,0.0,0.0,0,4830.444444444444
400,0.0,0.0,0,4830.444444444444
401,0.0,0.0,0,4830.444444444444
402,0.0,0.0,0,4830.444444444444
403,0.0,1.1666666666666667,0,4830.444444444444
404,1.1666666666666667,1.472222222222222,1,4831.027777777777
405,2.638888888888889,1.3888888888888888,1,4832.930555555555
406,4.027777777777778,1.5555555555555562,1,4836.263888888888
407,5.583333333333334,1.4722222222222214,1,4841.069444444443
408,7.055555555555555,1.4722222222222214,1,4847.388888888888
409,8.527777777777777,1.4722222222222232,2,4855.180555555555
410,10.0,1.1666666666666679,2,4864.444444444443
411,11.166666666666668,0.2777777777777768,3,4875.0277777777765
412,11.444444444444445,0.8611111111111089,3,4886.333333333332
413,12.305555555555554,0.6666666666666696,3,4898.208333333332
414,12.972222222222223,0.44444444444444287,3,4910.847222222221
415,13.416666666666666,0.02777777777777679,3,4924.041666666665
416,13.444444444444443,-0.02777777777777679,3,4937.472222222221
417,13.416666666666666,-0.13888888888888928,3,4950.9027777777765
418,13.277777777777777,-0.16666666666666607,3,4964.249999999999
419,13.11111111111111,-0.25,3,4977.444444444443
420,12.86111111111111,-0.33333333333333215,3,4990.430555555555
421,12.527777777777779,-1.3611111111111107,3,5003.124999999999
422,11.166666666666668,-1.4722222222222232,3,5014.972222222222
423,9.694444444444445,-1.4722222222222214,2,5025.402777777777
424,8.222222222222223,-1.4722222222222232,2,5034.36111111111
425,6.75,-1.4722222222222223,2,5041.847222222222
426,5.277777777777778,-1.4722222222222223,1,5047.86111111111
427,3.8055555555555554,-1.4722222222222219,1,5052.402777777777
428,2.3333333333333335,-1.4722222222222223,1,5055.472222222222
429,0.8611111111111112,-0.8611111111111112,0,5057.069444444444
430,0.0,0.0,0,5057.5
431,0.0,0.0,0,5057.5
432,0.0,0.0,0,5057.5
433,0.0,0.0,0,5057.5
434,0.0,0.0,0,5057.5
435,0.0,0.0,0,5057.5
436,0.0,0.0,0,5057.5
437,0.0,0.0,0,5057.5
438,0.0,0.0,0,5057.5
439,0.0,0.0,0,5057.5
440,0.0,0.0,0,5057.5
441,0.0,0.0,0,5057.5
442,0.0,0.0,0,5057.5
443,0.0,0.0,0,5057.5
444,0.0,0.0,0,5057.5
445,0.0,0.0,0,5057.5
446,0.0,0.0,0,5057.5
447,0.0,0.0,0,5057.5
448,0.0,1.472222222222222,0,5057.5
449,1.472222222222222,1.472222222222222,1,5058.236111111111
450,2.944444444444444,1.4722222222222228,1,5060.444444444444
451,4.416666666666667,1.4722222222222214,1,5064.125
452,5.888888888888888,1.5000000000000009,1,5069.277777777777
453,7.388888888888889,1.2222222222222214,1,5075.916666666666
454,8.61111111111111,1.7222222222222232,2,5083.916666666666
455,10.333333333333334,1.4722222222222214,2,5093.388888888889
456,11.805555555555555,0.6111111111111125,3,5104.458333333333
457,12.416666666666668,0.5833333333333304,3,5116.569444444444
458,12.999999999999998,1.0833333333333357,3,5129.277777777777
459,14.083333333333334,0.6666666666666661,3,5142.819444444444
460,14.75,0.27777777777777857,3,5157.236111111111
461,15.027777777777779,0.5277777777777768,3,5172.125
462,15.555555555555555,0.13888888888888928,3,5187.416666666667
463,15.694444444444445,0.22222222222222143,3,5203.041666666667
464,15.916666666666666,0.2222222222222232,3,5218.847222222223
465,16.13888888888889,-0.055555555555557135,3,5234.875
466,16.083333333333332,0.055555555555557135,3,5250.986111111111
467,16.13888888888889,0.05555555555555358,3,5267.097222222223
468,16.194444444444443,-0.11111111111111072,3,5283.26388888889
469,16.083333333333332,-0.11111111111111072,3,5299.402777777778
470,15.972222222222221,0.11111111111111072,3,5315.430555555556
471,16.083333333333332,0.0,3,5331.458333333333
472,16.083333333333332,-0.16666666666666607,3,5347.541666666666
473,15.916666666666666,-0.05555555555555536,3,5363.541666666666
474,15.86111111111111,-0.027777777777778567,3,5379.430555555555
475,15.833333333333332,-0.11111111111111072,3,5395.277777777777
476,15.722222222222221,0.0,3,5411.055555555555
477,15.722222222222221,0.0,3,5426.777777777777
478,15.722222222222221,0.0,3,5442.5
479,15.722222222222221,0.0,3,5458.222222222223
480,15.722222222222221,0.0,3,5473.944444444445
481,15.722222222222221,-0.08333333333333393,3,5489.666666666668
482,15.638888888888888,0.055555555555557135,3,5505.3472222222235
483,15.694444444444445,0.02777777777777679,3,5521.0138888888905
484,15.722222222222221,0.13888888888888928,3,5536.7222222222235
485,15.86111111111111,-0.13888888888888928,3,5552.5138888888905
486,15.722222222222221,-0.08333333333333393,3,5568.3055555555575
487,15.638888888888888,0.0,3,5583.986111111113
488,15.638888888888888,0.0,3,5599.625000000002
489,15.638888888888888,-0.08333333333333215,3,5615.2638888888905
490,15.555555555555555,-0.08333333333333215,3,5630.861111111113
491,15.472222222222223,0.027777777777775015,3,5646.375000000002
492,15.499999999999998,-0.5277777777777768,3,5661.861111111113
493,14.972222222222221,-0.6666666666666661,3,5677.097222222224
494,14.305555555555555,-0.8611111111111125,3,5691.736111111113
495,13.444444444444443,-0.9166666666666643,3,5705.611111111113
496,12.527777777777779,-1.1388888888888893,3,5718.597222222224
497,11.38888888888889,-1.333333333333334,3,5730.5555555555575
498,10.055555555555555,-1.1944444444444446,2,5741.27777777778
499,8.86111111111111,-1.4722222222222214,2,5750.736111111113
500,7.388888888888889,-1.5000000000000009,2,5758.861111111113
501,5.888888888888888,-1.2777777777777768,1,5765.500000000002
502,4.611111111111112,-1.3888888888888897,1,5770.750000000002
503,3.222222222222222,-1.444444444444444,1,5774.666666666669
504,1.777777777777778,-1.3333333333333335,1,5777.166666666669
505,0.4444444444444445,-0.4444444444444445,0,5778.27777777778
506,0.0,0.0,0,5778.500000000003
507,0.0,0.0,0,5778.500000000003
508,0.0,0.0,0,5778.500000000003
509,0.0,0.0,0,5778.500000000003
510,0.0,0.0,0,5778.500000000003
511,0.0,0.5277777777777778,0,5778.500000000003
512,0.5277777777777778,1.0277777777777777,1,5778.763888888891
513,1.5555555555555554,0.916666666666667,1,5779.805555555558
514,2.4722222222222223,0.4444444444444442,1,5781.819444444447
515,2.9166666666666665,0.8888888888888888,1,5784.513888888891
516,3.8055555555555554,0.4722222222222223,1,5787.875000000003
517,4.277777777777778,0.4166666666666661,1,5791.91666666667
518,4.694444444444444,0.6388888888888893,1,5796.402777777781
519,5.333333333333333,0.916666666666667,1,5801.41666666667
520,6.25,0.8888888888888884,1,5807.208333333337
521,7.138888888888888,0.7777777777777777,1,5813.902777777781
522,7.916666666666666,0.5833333333333339,1,5821.430555555558
523,8.5,0.47222222222222143,2,5829.638888888891
524,8.972222222222221,0.4166666666666661,2,5838.375000000003
525,9.388888888888888,0.44444444444444464,2,5847.555555555558
526,9.833333333333332,0.44444444444444464,2,5857.16666666667
527,10.277777777777777,0.3611111111111107,2,5867.222222222225
528,10.638888888888888,0.30555555555555713,2,5877.680555555558
529,10.944444444444445,0.19444444444444464,2,5888.472222222225
530,11.13888888888889,0.027777777777778567,3,5899.513888888892
531,11.166666666666668,0.0,3,5910.66666666667
532,11.166666666666668,0.0,3,5921.833333333337
533,11.166666666666668,0.0,3,5933.000000000004
534,11.166666666666668,0.0,3,5944.166666666671
535,11.166666666666668,0.0,3,5955.333333333338
536,11.166666666666668,0.2777777777777768,3,5966.500000000005
537,11.444444444444445,0.08333333333333215,3,5977.80555555556
538,11.527777777777777,0.08333333333333393,3,5989.2916666666715
539,11.61111111111111,-0.16666666666666607,3,6000.861111111116
540,11.444444444444445,-0.16666666666666607,3,6012.388888888893
541,11.277777777777779,-0.11111111111111072,3,6023.750000000005
542,11.166666666666668,0.0,3,6034.972222222227
543,11.166666666666668,0.0,3,6046.138888888894
544,11.166666666666668,-0.2500000000000018,3,6057.305555555561
545,10.916666666666666,-0.5833333333333321,2,6068.347222222228
546,10.333333333333334,-1.4722222222222232,2,6078.972222222228
547,8.86111111111111,-1.4722222222222214,2,6088.569444444451
548,7.388888888888889,-1.5000000000000009,2,6096.694444444451
549,5.888888888888888,-1.4722222222222214,1,6103.333333333339
550,4.416666666666667,-1.4722222222222228,1,6108.486111111117
551,2.944444444444444,-1.472222222222222,1,6112.166666666672
552,1.472222222222222,-1.472222222222222,0,6114.3750000000055
553,0.0,0.0,0,6115.111111111117
554,0.0,0.0,0,6115.111111111117
555,0.0,0.0,0,6115.111111111117
556,0.0,0.0,0,6115.111111111117
557,0.0,0.0,0,6115.111111111117
558,0.0,0.0,0,6115.111111111117
559,0.0,0.0,0,6115.111111111117
560,0.0,0.0,0,6115.111111111117
561,0.0,0.0,0,6115.111111111117
562,0.0,0.0,0,6115.111111111117
563,0.0,0.0,0,6115.111111111117
564,0.0,0.0,0,6115.111111111117
565,0.0,0.0,0,6115.111111111117
566,0.0,0.0,0,6115.111111111117
567,0.0,0.0,0,6115.111111111117
568,0.0,0.0,0,6115.111111111117
569,0.0,1.472222222222222,0,6115.111111111117
570,1.472222222222222,1.472222222222222,1,6115.847222222228
571,2.944444444444444,1.4722222222222228,1,6118.055555555561
572,4.416666666666667,1.3888888888888884,1,6121.736111111117
573,5.805555555555555,0.7222222222222223,1,6126.847222222228
574,6.527777777777778,0.6111111111111107,1,6133.013888888895
575,7.138888888888888,0.4722222222222223,1,6139.847222222228
576,7.611111111111111,0.0,1,6147.222222222228
577,7.611111111111111,0.0,1,6154.833333333339
578,7.611111111111111,0.22222222222222232,1,6162.444444444451
579,7.833333333333333,0.08333333333333304,1,6170.166666666673
580,7.916666666666666,0.0,1,6178.041666666673
581,7.916666666666666,-0.08333333333333304,1,6185.95833333334
582,7.833333333333333,-0.22222222222222232,1,6193.83333333334
583,7.611111111111111,-0.05555555555555536,1,6201.555555555563
584,7.555555555555555,-0.13888888888888928,1,6209.138888888896
585,7.416666666666666,0.19444444444444464,1,6216.625000000007
586,7.611111111111111,0.02777777777777768,1,6224.138888888896
587,7.638888888888888,-0.02777777777777768,1,6231.763888888896
588,7.611111111111111,-0.19444444444444464,1,6239.388888888896
589,7.416666666666666,-0.02777777777777679,1,6246.902777777785
590,7.388888888888889,0.0,1,6254.305555555562
591,7.388888888888889,0.02777777777777679,1,6261.694444444451
592,7.416666666666666,0.19444444444444464,1,6269.097222222228
593,7.611111111111111,0.25,1,6276.611111111117
594,7.861111111111111,0.41666666666666785,1,6284.347222222228
595,8.277777777777779,0.3055555555555536,1,6292.416666666672
596,8.583333333333332,0.44444444444444464,2,6300.847222222228
597,9.027777777777777,0.3611111111111107,2,6309.652777777784
598,9.388888888888888,0.055555555555557135,2,6318.861111111117
599,9.444444444444445,0.027777777777778567,2,6328.277777777784
600,9.472222222222223,0.19444444444444287,2,6337.736111111117
601,9.666666666666666,0.16666666666666607,2,6347.305555555561
602,9.833333333333332,0.16666666666666785,2,6357.055555555561
603,10.0,0.05555555555555536,2,6366.972222222228
604,10.055555555555555,0.0,2,6377.0000000000055
605,10.055555555555555,0.0,2,6387.055555555561
606,10.055555555555555,0.08333333333333393,2,6397.111111111117
607,10.13888888888889,0.44444444444444464,2,6407.208333333339
608,10.583333333333334,0.6388888888888875,2,6417.569444444451
609,11.222222222222221,0.3888888888888893,3,6428.472222222228
610,11.61111111111111,0.2222222222222232,3,6439.888888888895
611,11.833333333333334,0.24999999999999822,3,6451.611111111118
612,12.083333333333332,-0.4166666666666661,3,6463.569444444451
613,11.666666666666666,-1.4722222222222214,3,6475.444444444451
614,10.194444444444445,-1.4722222222222232,2,6486.375000000006
615,8.722222222222221,-1.4722222222222214,2,6495.833333333339
616,7.25,-1.4722222222222223,2,6503.819444444451
617,5.777777777777778,-1.5,1,6510.333333333339
618,4.277777777777778,-1.4722222222222223,1,6515.361111111117
619,2.8055555555555554,-1.472222222222222,1,6518.902777777784
620,1.3333333333333333,-1.3333333333333333,0,6520.972222222228
621,0.0,0.0,0,6521.638888888895
622,0.0,0.0,0,6521.638888888895
623,0.0,0.0,0,6521.638888888895
624,0.0,0.0,0,6521.638888888895
625,0.0,0.0,0,6521.638888888895
626,0.0,0.0,0,6521.638888888895
627,0.0,0.0,0,6521.638888888895
628,0.0,0.0,0,6521.638888888895
629,0.0,0.0,0,6521.638888888895
630,0.0,0.0,0,6521.638888888895
631,0.0,0.0,0,6521.638888888895
632,0.0,0.0,0,6521.638888888895
633,0.0,0.0,0,6521.638888888895
634,0.0,0.0,0,6521.638888888895
635,0.0,0.0,0,6521.638888888895
636,0.0,0.0,0,6521.638888888895
637,0.0,0.0,0,6521.638888888895
638,0.0,0.0,0,6521.638888888895
639,0.0,0.0,0,6521.638888888895
640,0.0,0.0,0,6521.638888888895
641,0.0,0.0,0,6521.638888888895
642,0.0,0.0,0,6521.638888888895
643,0.0,0.0,0,6521.638888888895
644,0.0,0.0,0,6521.638888888895
645,0.0,0.0,0,6521.638888888895
646,0.0,0.888888888888889,0,6521.638888888895
647,0.888888888888889,1.1111111111111112,1,6522.083333333339
648,2.0,1.5,1,6523.527777777784
649,3.5,1.0555555555555554,1,6526.277777777784
650,4.555555555555555,1.0277777777777786,1,6530.305555555561
651,5.583333333333334,0.6666666666666661,1,6535.3750000000055
652,6.25,0.5833333333333339,1,6541.291666666672
653,6.833333333333334,0.9999999999999991,1,6547.833333333339
654,7.833333333333333,0.916666666666667,1,6555.166666666672
655,8.75,0.6388888888888875,2,6563.458333333339
656,9.388888888888888,0.5277777777777803,2,6572.527777777784
657,9.916666666666668,0.4999999999999982,2,6582.180555555561
658,10.416666666666666,0.5277777777777786,2,6592.347222222228
659,10.944444444444445,0.3611111111111107,2,6603.027777777784
660,11.305555555555555,0.13888888888888928,3,6614.152777777784
661,11.444444444444445,0.16666666666666607,3,6625.527777777784
662,11.61111111111111,0.05555555555555536,3,6637.055555555561
663,11.666666666666666,0.055555555555557135,3,6648.69444444445
664,11.722222222222223,0.0,3,6660.388888888894
665,11.722222222222223,0.08333333333333215,3,6672.111111111117
666,11.805555555555555,0.027777777777778567,3,6683.8750000000055
667,11.833333333333334,0.0,3,6695.69444444445
668,11.833333333333334,-0.2222222222222232,3,6707.527777777783
669,11.61111111111111,-0.22222222222222143,3,6719.2500000000055
670,11.38888888888889,-0.8333333333333339,3,6730.7500000000055
671,10.555555555555555,-1.0,2,6741.722222222228
672,9.555555555555555,-1.2777777777777768,2,6751.777777777784
673,8.277777777777779,-0.9444444444444455,2,6760.694444444451
674,7.333333333333333,-0.8611111111111107,2,6768.500000000006
675,6.472222222222222,-1.2777777777777786,1,6775.402777777784
676,5.194444444444444,-1.305555555555555,1,6781.236111111117
677,3.888888888888889,-1.3055555555555554,1,6785.777777777784
678,2.5833333333333335,-1.0277777777777781,1,6789.013888888895
679,1.5555555555555554,-0.6666666666666664,0,6791.083333333339
680,0.888888888888889,-0.888888888888889,0,6792.305555555562
681,0.0,0.0,0,6792.750000000006
682,0.0,0.0,0,6792.750000000006
683,0.0,0.0,0,6792.750000000006
684,0.0,0.0,0,6792.750000000006
685,0.0,0.0,0,6792.750000000006
686,0.0,0.0,0,6792.750000000006
687,0.0,0.0,0,6792.750000000006
688,0.0,0.0,0,6792.750000000006
689,0.0,0.0,0,6792.750000000006
690,0.0,0.0,0,6792.750000000006
691,0.0,0.0,0,6792.750000000006
692,0.0,0.0,0,6792.750000000006
693,0.0,0.0,0,6792.750000000006
694,0.0,0.6388888888888888,0,6792.750000000006
695,0.6388888888888888,0.8333333333333333,1,6793.069444444451
696,1.472222222222222,0.5,1,6794.125000000006
697,1.972222222222222,0.9444444444444444,1,6795.847222222229
698,2.9166666666666665,1.194444444444445,1,6798.291666666673
699,4.111111111111112,0.9444444444444438,1,6801.805555555562
700,5.055555555555555,0.9722222222222223,1,6806.388888888895
701,6.027777777777778,0.5,1,6811.930555555562
702,6.527777777777778,0.8055555555555554,1,6818.208333333339
703,7.333333333333333,0.1388888888888884,1,6825.138888888895
704,7.472222222222221,-0.08333333333333215,1,6832.541666666672
705,7.388888888888889,0.0,1,6839.972222222228
706,7.388888888888889,0.75,1,6847.361111111117
707,8.13888888888889,0.44444444444444287,1,6855.1250000000055
708,8.583333333333332,0.3888888888888893,2,6863.486111111117
709,8.972222222222221,0.6388888888888893,2,6872.263888888894
710,9.61111111111111,0.44444444444444464,2,6881.555555555561
711,10.055555555555555,0.0,2,6891.388888888894
712,10.055555555555555,-0.16666666666666607,2,6901.44444444445
713,9.88888888888889,0.25,2,6911.416666666672
714,10.13888888888889,0.2777777777777768,2,6921.430555555561
715,10.416666666666666,0.08333333333333215,2,6931.7083333333385
716,10.499999999999998,-0.44444444444444287,2,6942.1666666666715
717,10.055555555555555,-0.3888888888888893,2,6952.444444444449
718,9.666666666666666,-0.5,2,6962.30555555556
719,9.166666666666666,-1.1111111111111107,2,6971.722222222227
720,8.055555555555555,-1.3611111111111107,2,6980.3333333333385
721,6.694444444444445,-1.333333333333333,2,6987.7083333333385
722,5.361111111111112,-1.333333333333334,1,6993.736111111116
723,4.027777777777778,-1.25,1,6998.43055555556
724,2.7777777777777777,-0.7777777777777777,1,7001.833333333338
725,2.0,-0.6666666666666667,1,7004.222222222226
726,1.3333333333333333,-0.38888888888888884,0,7005.888888888893
727,0.9444444444444444,-0.7222222222222222,0,7007.027777777782
728,0.22222222222222224,0.0,0,7007.611111111115
729,0.22222222222222224,1.1944444444444442,0,7007.833333333338
730,1.4166666666666665,1.5,0,7008.652777777782
731,2.9166666666666665,1.3611111111111112,0,7010.819444444449
732,4.277777777777778,1.3055555555555562,0,7014.4166666666715
733,5.583333333333334,0.6666666666666661,0,7019.347222222227
734,6.25,0.8888888888888884,0,7025.263888888894
735,7.138888888888888,0.916666666666667,0,7031.9583333333385
736,8.055555555555555,0.6944444444444446,0,7039.555555555561
737,8.75,0.8611111111111107,2,7047.9583333333385
738,9.61111111111111,0.7222222222222232,2,7057.138888888894
739,10.333333333333334,0.6111111111111107,2,7067.111111111117
740,10.944444444444445,0.44444444444444464,2,7077.7500000000055
741,11.38888888888889,0.44444444444444464,3,7088.916666666672
742,11.833333333333334,0.2777777777777768,3,7100.527777777784
743,12.11111111111111,0.22222222222222143,3,7112.500000000006
744,12.333333333333332,0.13888888888888928,3,7124.722222222229
745,12.472222222222221,0.16666666666666785,3,7137.125000000006
746,12.63888888888889,0.1388888888888875,3,7149.680555555562
747,12.777777777777777,0.0,3,7162.388888888895
748,12.777777777777777,-0.1388888888888875,3,7175.166666666672
749,12.63888888888889,-0.027777777777778567,3,7187.8750000000055
750,12.61111111111111,-0.08333333333333215,3,7200.5000000000055
751,12.527777777777779,-0.22222222222222499,3,7213.06944444445
752,12.305555555555554,-0.3333333333333304,3,7225.486111111117
753,11.972222222222223,-0.5833333333333339,3,7237.6250000000055
754,11.38888888888889,-0.8888888888888911,3,7249.305555555561
755,10.499999999999998,-0.8888888888888875,2,7260.2500000000055
756,9.61111111111111,-1.1111111111111107,2,7270.305555555561
757,8.5,-1.1111111111111107,2,7279.361111111117
758,7.388888888888889,-0.7222222222222232,2,7287.305555555561
759,6.666666666666666,-1.0833333333333321,2,7294.3333333333385
760,5.583333333333334,-1.3888888888888893,1,7300.4583333333385
761,4.194444444444445,-1.416666666666667,1,7305.347222222227
762,2.7777777777777777,-1.4444444444444444,1,7308.8333333333385
763,1.3333333333333333,-0.6666666666666666,0,7310.888888888894
764,0.6666666666666666,0.0,0,7311.888888888894
765,0.6666666666666666,-0.4444444444444444,0,7312.555555555561
766,0.22222222222222224,-0.22222222222222224,0,7313.0000000000055
767,0.0,1.3333333333333333,0,7313.111111111117
768,1.3333333333333333,1.472222222222222,1,7313.777777777784
769,2.8055555555555554,1.4722222222222223,1,7315.847222222228
770,4.277777777777778,1.5,1,7319.388888888895
771,5.777777777777778,1.2777777777777777,1,7324.416666666672
772,7.055555555555555,0.7777777777777777,1,7330.833333333339
773,7.833333333333333,0.38888888888889017,1,7338.277777777784
774,8.222222222222223,0.4999999999999982,1,7346.305555555561
775,8.722222222222221,0.5277777777777768,2,7354.777777777784
776,9.249999999999998,0.5833333333333339,2,7363.763888888895
777,9.833333333333332,0.5277777777777786,2,7373.305555555562
778,10.36111111111111,0.8055555555555571,2,7383.402777777785
779,11.166666666666668,0.6666666666666661,3,7394.166666666673
780,11.833333333333334,0.47222222222221966,3,7405.666666666673
781,12.305555555555554,0.22222222222222499,3,7417.736111111118
782,12.527777777777779,0.11111111111111072,3,7430.152777777785
783,12.63888888888889,0.2777777777777768,3,7442.736111111118
784,12.916666666666666,0.0,3,7455.513888888895
785,12.916666666666666,0.0,3,7468.430555555562
786,12.916666666666666,-0.05555555555555536,3,7481.347222222229
787,12.86111111111111,-0.11111111111111072,3,7494.236111111118
788,12.75,-0.11111111111111072,3,7507.041666666673
789,12.63888888888889,0.0,3,7519.736111111118
790,12.63888888888889,0.0,3,7532.375000000006
791,12.63888888888889,-0.027777777777778567,3,7545.013888888895
792,12.61111111111111,-0.27777777777777857,3,7557.638888888895
793,12.333333333333332,-0.027777777777778567,3,7570.111111111118
794,12.305555555555554,0.0,3,7582.430555555562
795,12.305555555555554,0.0,3,7594.736111111118
796,12.305555555555554,0.0,3,7607.041666666673
797,12.305555555555554,0.0,3,7619.347222222229
798,12.305555555555554,0.0,3,7631.652777777785
799,12.305555555555554,0.027777777777778567,3,7643.95833333334
800,12.333333333333332,0.19444444444444642,3,7656.277777777785
801,12.527777777777779,0.22222222222222143,3,7668.70833333334
802,12.75,0.6666666666666661,3,7681.347222222229
803,13.416666666666666,0.44444444444444464,3,7694.430555555562
804,13.86111111111111,0.44444444444444464,3,7708.069444444451
805,14.305555555555555,0.44444444444444464,3,7722.152777777784
806,14.75,0.0,3,7736.680555555561
807,14.75,0.27777777777777857,3,7751.430555555561
808,15.027777777777779,0.16666666666666607,3,7766.31944444445
809,15.194444444444445,0.13888888888888928,3,7781.430555555561
810,15.333333333333334,-0.055555555555557135,3,7796.69444444445
811,15.277777777777777,-0.08333333333333215,3,7812.0000000000055
812,15.194444444444445,0.0,3,7827.236111111117
813,15.194444444444445,-0.027777777777778567,3,7842.430555555561
814,15.166666666666666,-0.1388888888888875,3,7857.611111111117
815,15.027777777777779,-0.22222222222222499,3,7872.708333333339
816,14.805555555555554,-0.05555555555555358,3,7887.625000000006
817,14.75,-0.2222222222222232,3,7902.402777777784
818,14.527777777777777,-0.22222222222222143,3,7917.041666666672
819,14.305555555555555,-0.055555555555557135,3,7931.458333333339
820,14.249999999999998,-0.11111111111111072,3,7945.736111111117
821,14.138888888888888,-0.05555555555555358,3,7959.930555555561
822,14.083333333333334,-0.4166666666666661,3,7974.041666666672
823,13.666666666666668,-0.2500000000000018,3,7987.916666666672
824,13.416666666666666,-0.05555555555555536,3,8001.458333333339
825,13.36111111111111,0.0,3,8014.847222222228
826,13.36111111111111,0.0,3,8028.208333333339
827,13.36111111111111,0.0,3,8041.569444444451
828,13.36111111111111,-0.13888888888888928,3,8054.930555555562
829,13.222222222222221,-0.02777777777777679,3,8068.222222222229
830,13.194444444444445,0.0,3,8081.430555555562
831,13.194444444444445,-0.08333333333333393,3,8094.625000000006
832,13.11111111111111,-0.19444444444444464,3,8107.777777777784
833,12.916666666666666,-0.30555555555555536,3,8120.791666666672
834,12.61111111111111,-0.22222222222222143,3,8133.555555555561
835,12.38888888888889,-0.30555555555555713,3,8146.055555555561
836,12.083333333333332,-0.6944444444444429,3,8158.291666666672
837,11.38888888888889,-0.8055555555555554,3,8170.027777777784
838,10.583333333333334,-0.7500000000000018,2,8181.013888888895
839,9.833333333333332,-0.6666666666666661,2,8191.222222222228
840,9.166666666666666,-0.5833333333333339,2,8200.722222222228
841,8.583333333333332,0.0,2,8209.597222222228
842,8.583333333333332,0.3888888888888893,2,8218.180555555562
843,8.972222222222221,0.3611111111111125,2,8226.95833333334
844,9.333333333333334,0.22222222222222143,2,8236.111111111117
845,9.555555555555555,0.2777777777777768,2,8245.555555555562
846,9.833333333333332,0.27777777777777857,2,8255.250000000007
847,10.11111111111111,0.25,2,8265.22222222223
848,10.36111111111111,0.3611111111111125,2,8275.458333333341
849,10.722222222222223,0.44444444444444464,2,8286.000000000007
850,11.166666666666668,0.44444444444444287,3,8296.944444444453
851,11.61111111111111,0.2777777777777768,3,8308.333333333341
852,11.888888888888888,0.0,3,8320.083333333341
853,11.888888888888888,0.0833333333333357,3,8331.97222222223
854,11.972222222222223,0.11111111111110894,3,8343.902777777785
855,12.083333333333332,0.08333333333333393,3,8355.930555555562
856,12.166666666666666,0.2500000000000018,3,8368.055555555562
857,12.416666666666668,0.1388888888888875,3,8380.347222222228
858,12.555555555555555,0.30555555555555536,3,8392.83333333334
859,12.86111111111111,0.05555555555555536,3,8405.541666666673
860,12.916666666666666,0.055555555555557135,3,8418.430555555562
861,12.972222222222223,0.027777777777775015,3,8431.375000000007
862,12.999999999999998,-0.027777777777775015,3,8444.361111111119
863,12.972222222222223,-0.41666666666666785,3,8457.34722222223
864,12.555555555555555,-0.2500000000000018,3,8470.111111111119
865,12.305555555555554,-0.22222222222222143,3,8482.541666666673
866,12.083333333333332,-0.5555555555555554,3,8494.736111111119
867,11.527777777777777,-0.36111111111110894,3,8506.541666666673
868,11.166666666666668,-0.2222222222222232,3,8517.888888888896
869,10.944444444444445,0.1388888888888875,2,8528.94444444445
870,11.083333333333332,0.13888888888888928,2,8539.95833333334
871,11.222222222222221,0.16666666666666785,3,8551.111111111117
872,11.38888888888889,0.11111111111111072,3,8562.416666666672
873,11.5,0.2222222222222232,3,8573.861111111117
874,11.722222222222223,0.3055555555555536,3,8585.472222222228
875,12.027777777777777,0.2777777777777768,3,8597.347222222228
876,12.305555555555554,0.11111111111111427,3,8609.513888888894
877,12.416666666666668,0.2777777777777768,3,8621.875000000005
878,12.694444444444445,0.27777777777777857,3,8634.43055555556
879,12.972222222222223,0.08333333333333215,3,8647.263888888894
880,13.055555555555555,-0.055555555555557135,3,8660.277777777783
881,12.999999999999998,-0.027777777777775015,3,8673.30555555556
882,12.972222222222223,-0.055555555555557135,3,8686.291666666672
883,12.916666666666666,-0.16666666666666607,3,8699.236111111117
884,12.75,-0.19444444444444464,3,8712.06944444445
885,12.555555555555555,-0.02777777777777679,3,8724.722222222228
886,12.527777777777779,0.0,3,8737.263888888894
887,12.527777777777779,-0.19444444444444642,3,8749.791666666672
888,12.333333333333332,-0.16666666666666607,3,8762.222222222226
889,12.166666666666666,-0.27777777777777857,3,8774.472222222226
890,11.888888888888888,0.19444444444444464,3,8786.500000000004
891,12.083333333333332,0.22222222222222143,3,8798.486111111115
892,12.305555555555554,0.11111111111111427,3,8810.68055555556
893,12.416666666666668,0.11111111111111072,3,8823.041666666672
894,12.527777777777779,-0.11111111111111072,3,8835.513888888894
895,12.416666666666668,0.11111111111111072,3,8847.986111111117
896,12.527777777777779,0.0,3,8860.45833333334
897,12.527777777777779,0.0,3,8872.986111111117
898,12.527777777777779,-0.13888888888888928,3,8885.513888888894
899,12.38888888888889,-0.13888888888888928,3,8897.972222222228
900,12.25,-0.2222222222222232,3,8910.291666666673
901,12.027777777777777,-0.13888888888888928,3,8922.430555555562
902,11.888888888888888,-0.05555555555555358,3,8934.388888888896
903,11.833333333333334,0.0,3,8946.250000000007
904,11.833333333333334,0.0,3,8958.083333333341
905,11.833333333333334,-0.0833333333333357,3,8969.916666666675
906,11.749999999999998,-0.027777777777775015,3,8981.708333333341
907,11.722222222222223,0.0,3,8993.444444444453
908,11.722222222222223,-0.13888888888888928,3,9005.166666666675
909,11.583333333333334,-0.13888888888888928,3,9016.819444444453
910,11.444444444444445,0.0,3,9028.333333333341
911,11.444444444444445,0.13888888888888928,3,9039.777777777786
912,11.583333333333334,-0.055555555555557135,3,9051.291666666675
913,11.527777777777777,-0.1388888888888875,3,9062.84722222223
914,11.38888888888889,-0.3888888888888893,3,9074.305555555564
915,11.0,-0.5000000000000018,2,9085.50000000001
916,10.499999999999998,-0.5833333333333304,2,9096.25000000001
917,9.916666666666668,-0.2500000000000018,2,9106.458333333343
918,9.666666666666666,0.0,2,9116.25000000001
919,9.666666666666666,0.027777777777778567,2,9125.916666666675
920,9.694444444444445,0.4166666666666661,2,9135.59722222223
921,10.11111111111111,0.3611111111111125,2,9145.500000000007
922,10.472222222222223,0.25,2,9155.791666666673
923,10.722222222222223,0.08333333333333215,2,9166.388888888896
924,10.805555555555555,0.11111111111111072,2,9177.152777777785
925,10.916666666666666,0.2222222222222232,2,9188.013888888896
926,11.13888888888889,0.08333333333333215,3,9199.041666666673
927,11.222222222222221,0.055555555555557135,3,9210.222222222228
928,11.277777777777779,0.02777777777777679,3,9221.472222222228
929,11.305555555555555,0.08333333333333393,3,9232.763888888894
930,11.38888888888889,-0.11111111111111072,3,9244.111111111117
931,11.277777777777779,-0.11111111111111072,3,9255.44444444445
932,11.166666666666668,0.027777777777775015,3,9266.666666666673
933,11.194444444444443,-0.027777777777775015,3,9277.847222222228
934,11.166666666666668,-0.11111111111111249,3,9289.027777777783
935,11.055555555555555,-0.11111111111111072,2,9300.138888888894
936,10.944444444444445,-0.08333333333333393,2,9311.138888888894
937,10.86111111111111,0.0,2,9322.041666666672
938,10.86111111111111,0.08333333333333393,2,9332.902777777783
939,10.944444444444445,0.2222222222222232,2,9343.80555555556
940,11.166666666666668,0.0,3,9354.861111111115
941,11.166666666666668,-0.16666666666666785,3,9366.027777777781
942,11.0,0.0,2,9377.111111111115
943,11.0,-0.2222222222222232,2,9388.111111111115
944,10.777777777777777,0.16666666666666785,2,9399.000000000004
945,10.944444444444445,0.2777777777777768,2,9409.861111111115
946,11.222222222222221,0.2222222222222232,3,9420.944444444449
947,11.444444444444445,-0.2222222222222232,3,9432.277777777783
948,11.222222222222221,-0.4999999999999982,3,9443.611111111117
949,10.722222222222223,-0.8888888888888911,2,9454.58333333334
950,9.833333333333332,-0.8611111111111107,2,9464.861111111117
951,8.972222222222221,-1.416666666666666,2,9474.263888888894
952,7.555555555555555,-1.4722222222222223,2,9482.527777777783
953,6.083333333333333,-1.4722222222222214,1,9489.347222222228
954,4.611111111111112,-1.4722222222222228,1,9494.69444444445
955,3.138888888888889,-1.4722222222222223,1,9498.56944444445
956,1.6666666666666665,-1.4999999999999998,1,9500.972222222228
957,0.16666666666666666,-0.16666666666666666,0,9501.888888888894
958,0.0,0.0,0,9501.972222222228
959,0.0,0.0,0,9501.972222222228
960,0.0,0.888888888888889,0,9501.972222222228
961,0.888888888888889,1.4722222222222223,1,9502.416666666673
962,2.361111111111111,1.4722222222222223,1,9504.041666666673
963,3.8333333333333335,1.4999999999999996,1,9507.138888888896
964,5.333333333333333,1.4722222222222223,1,9511.72222222223
965,6.805555555555555,1.0277777777777777,1,9517.791666666675
966,7.833333333333333,0.4722222222222223,1,9525.11111111112
967,8.305555555555555,0.6388888888888893,1,9533.180555555566
968,8.944444444444445,0.5,2,9541.805555555566
969,9.444444444444445,0.3888888888888875,2,9551.000000000011
970,9.833333333333332,0.44444444444444464,2,9560.6388888889
971,10.277777777777777,0.6666666666666679,2,9570.694444444454
972,10.944444444444445,0.8055555555555536,2,9581.305555555566
973,11.749999999999998,0.5555555555555554,3,9592.652777777788
974,12.305555555555554,0.2500000000000018,3,9604.680555555566
975,12.555555555555555,0.13888888888888928,3,9617.11111111112
976,12.694444444444445,0.05555555555555536,3,9629.73611111112
977,12.75,0.0,3,9642.458333333343
978,12.75,0.0,3,9655.208333333343
979,12.75,-0.3611111111111107,3,9667.958333333343
980,12.38888888888889,-0.0833333333333357,3,9680.527777777788
981,12.305555555555554,-0.1388888888888875,3,9692.875000000011
982,12.166666666666666,-0.19444444444444287,3,9705.111111111122
983,11.972222222222223,-0.13888888888888928,3,9717.180555555567
984,11.833333333333334,-0.2222222222222232,3,9729.083333333345
985,11.61111111111111,-0.11111111111111072,3,9740.805555555567
986,11.5,-0.22222222222222143,3,9752.361111111122
987,11.277777777777779,-0.5555555555555554,3,9763.750000000011
988,10.722222222222223,-0.8888888888888911,2,9774.750000000011
989,9.833333333333332,-0.22222222222222143,2,9785.027777777788
990,9.61111111111111,0.0,2,9794.750000000011
991,9.61111111111111,0.13888888888888928,2,9804.361111111122
992,9.75,0.30555555555555536,2,9814.041666666677
993,10.055555555555555,0.22222222222222143,2,9823.944444444454
994,10.277777777777777,-0.08333333333333215,2,9834.11111111112
995,10.194444444444445,0.0,2,9844.347222222232
996,10.194444444444445,0.08333333333333215,2,9854.541666666677
997,10.277777777777777,-0.1388888888888875,2,9864.777777777788
998,10.13888888888889,0.0,2,9874.986111111122
999,10.13888888888889,0.0,2,9885.125000000011
1000,10.13888888888889,0.36111111111110894,2,9895.2638888889
1001,10.499999999999998,0.22222222222222499,2,9905.583333333345
1002,10.722222222222223,0.2777777777777768,2,9916.194444444456
1003,11.0,0.08333333333333215,2,9927.055555555567
1004,11.083333333333332,0.13888888888888928,2,9938.097222222234
1005,11.222222222222221,0.16666666666666785,3,9949.250000000011
1006,11.38888888888889,0.05555555555555536,3,9960.555555555566
1007,11.444444444444445,-0.05555555555555536,3,9971.972222222232
1008,11.38888888888889,-0.22222222222222143,3,9983.388888888898
1009,11.166666666666668,-0.38888888888889106,3,9994.666666666675
1010,10.777777777777777,-0.19444444444444287,2,10005.638888888898
1011,10.583333333333334,-0.2222222222222232,2,10016.319444444453
1012,10.36111111111111,-0.11111111111111072,2,10026.791666666675
1013,10.25,-0.19444444444444464,2,10037.09722222223
1014,10.055555555555555,-0.2222222222222232,2,10047.250000000007
1015,9.833333333333332,-0.16666666666666607,2,10057.194444444453
1016,9.666666666666666,-0.5,2,10066.944444444453
1017,9.166666666666666,-1.333333333333333,2,10076.361111111119
1018,7.833333333333333,-1.4722222222222223,2,10084.861111111119
1019,6.361111111111111,-1.5,1,10091.958333333341
1020,4.861111111111111,-1.4722222222222223,1,10097.569444444453
1021,3.3888888888888884,-1.4722222222222217,1,10101.694444444453
1022,1.9166666666666667,-1.4722222222222223,1,10104.34722222223
1023,0.4444444444444445,-0.4444444444444445,0,10105.527777777785
1024,0.0,0.0,0,10105.750000000007
1025,0.0,0.0,0,10105.750000000007
1026,0.0,0.0,0,10105.750000000007
1027,0.0,0.0,0,10105.750000000007
1028,0.0,0.0,0,10105.750000000007
1029,0.0,0.0,0,10105.750000000007
1030,0.0,0.0,0,10105.750000000007
1031,0.0,0.0,0,10105.750000000007
1032,0.0,0.0,0,10105.750000000007
1033,0.0,0.0,0,10105.750000000007
1034,0.0,0.0,0,10105.750000000007
1035,0.0,0.0,0,10105.750000000007
1036,0.0,0.0,0,10105.750000000007
1037,0.0,0.0,0,10105.750000000007
1038,0.0,0.0,0,10105.750000000007
1039,0.0,0.0,0,10105.750000000007
1040,0.0,0.0,0,10105.750000000007
1041,0.0,0.0,0,10105.750000000007
1042,0.0,0.0,0,10105.750000000007
1043,0.0,0.0,0,10105.750000000007
1044,0.0,0.0,0,10105.750000000007
1045,0.0,0.0,0,10105.750000000007
1046,0.0,0.0,0,10105.750000000007
1047,0.0,0.0,0,10105.750000000007
1048,0.0,0.0,0,10105.750000000007
1049,0.0,0.0,0,10105.750000000007
1050,0.0,0.0,0,10105.750000000007
1051,0.0,0.0,0,10105.750000000007
1052,0.0,0.0,0,10105.750000000007
1053,0.0,0.5277777777777778,0,10105.750000000007
1054,0.5277777777777778,1.25,1,10106.013888888896
1055,1.777777777777778,1.4722222222222217,1,10107.166666666673
1056,3.2499999999999996,1.5000000000000004,1,10109.680555555562
1057,4.75,1.4722222222222214,1,10113.680555555562
1058,6.222222222222221,1.3888888888888893,1,10119.166666666673
1059,7.611111111111111,0.6666666666666679,1,10126.08333333334
1060,8.277777777777779,0.6666666666666661,1,10134.027777777785
1061,8.944444444444445,0.8055555555555554,2,10142.638888888896
1062,9.75,0.5277777777777768,2,10151.986111111119
1063,10.277777777777777,0.4444444444444464,2,10162.000000000007
1064,10.722222222222223,0.36111111111110894,2,10172.500000000007
1065,11.083333333333332,0.3611111111111125,2,10183.402777777785
1066,11.444444444444445,0.3888888888888893,3,10194.666666666673
1067,11.833333333333334,0.13888888888888928,3,10206.305555555562
1068,11.972222222222223,0.2777777777777768,3,10218.20833333334
1069,12.25,0.22222222222222143,3,10230.31944444445
1070,12.472222222222221,0.16666666666666785,3,10242.680555555562
1071,12.63888888888889,-0.11111111111111072,3,10255.236111111117
1072,12.527777777777779,-0.22222222222222499,3,10267.81944444445
1073,12.305555555555554,-0.22222222222222143,3,10280.236111111117
1074,12.083333333333332,0.0,3,10292.430555555562
1075,12.083333333333332,-0.3333333333333339,3,10304.513888888896
1076,11.749999999999998,-0.8055555555555536,3,10316.430555555562
1077,10.944444444444445,-0.8888888888888893,2,10327.777777777785
1078,10.055555555555555,-0.44444444444444464,2,10338.277777777785
1079,9.61111111111111,-0.3888888888888875,2,10348.111111111119
1080,9.222222222222223,-1.1666666666666679,2,10357.527777777785
1081,8.055555555555555,-1.3611111111111107,2,10366.166666666673
1082,6.694444444444445,-1.1944444444444446,2,10373.541666666673
1083,5.5,-0.5277777777777786,1,10379.638888888896
1084,4.972222222222221,-0.22222222222222143,1,10384.875000000007
1085,4.75,-0.2777777777777777,1,10389.736111111119
1086,4.472222222222222,-0.22222222222222232,1,10394.34722222223
1087,4.25,-0.19444444444444464,1,10398.708333333341
1088,4.055555555555555,-0.16666666666666652,1,10402.861111111119
1089,3.888888888888889,-0.05555555555555536,1,10406.833333333341
1090,3.8333333333333335,0.11111111111111072,1,10410.694444444453
1091,3.944444444444444,0.08333333333333348,1,10414.583333333341
1092,4.027777777777778,-0.13888888888888884,1,10418.569444444453
1093,3.888888888888889,-0.05555555555555536,1,10422.527777777786
1094,3.8333333333333335,-0.25,1,10426.388888888898
1095,3.5833333333333335,-0.44444444444444464,1,10430.097222222232
1096,3.138888888888889,-0.9166666666666665,1,10433.458333333343
1097,2.2222222222222223,-0.3333333333333335,1,10436.138888888898
1098,1.8888888888888888,-0.7222222222222221,1,10438.194444444453
1099,1.1666666666666667,-0.7222222222222223,0,10439.72222222223
1100,0.4444444444444445,-0.4444444444444445,0,10440.527777777785
1101,0.0,0.05555555555555556,0,10440.750000000007
1102,0.05555555555555556,0.22222222222222224,1,10440.777777777785
1103,0.2777777777777778,0.4444444444444444,1,10440.94444444445
1104,0.7222222222222222,0.8888888888888887,1,10441.44444444445
1105,1.611111111111111,1.472222222222222,1,10442.611111111117
1106,3.083333333333333,1.3888888888888893,1,10444.95833333334
1107,4.472222222222222,1.25,1,10448.736111111117
1108,5.722222222222222,0.5277777777777777,1,10453.83333333334
1109,6.25,0.22222222222222232,1,10459.81944444445
1110,6.472222222222222,0.6666666666666661,1,10466.180555555562
1111,7.138888888888888,0.9444444444444455,1,10472.986111111117
1112,8.083333333333334,0.8611111111111107,1,10480.597222222228
1113,8.944444444444445,0.3888888888888893,2,10489.111111111117
1114,9.333333333333334,0.13888888888888928,2,10498.250000000005
1115,9.472222222222223,0.05555555555555358,2,10507.652777777783
1116,9.527777777777777,0.027777777777778567,2,10517.152777777783
1117,9.555555555555555,0.13888888888888928,2,10526.694444444449
1118,9.694444444444445,0.3611111111111107,2,10536.319444444449
1119,10.055555555555555,0.22222222222222143,2,10546.194444444449
1120,10.277777777777777,0.3611111111111107,2,10556.361111111115
1121,10.638888888888888,0.30555555555555713,2,10566.819444444449
1122,10.944444444444445,0.2222222222222232,2,10577.611111111115
1123,11.166666666666668,-0.027777777777778567,3,10588.66666666667
1124,11.13888888888889,-0.055555555555557135,3,10599.819444444447
1125,11.083333333333332,0.0833333333333357,2,10610.930555555558
1126,11.166666666666668,0.19444444444444287,3,10622.055555555558
1127,11.36111111111111,0.16666666666666607,3,10633.319444444447
1128,11.527777777777777,0.08333333333333393,3,10644.763888888892
1129,11.61111111111111,0.19444444444444464,3,10656.333333333338
1130,11.805555555555555,0.08333333333333215,3,10668.041666666672
1131,11.888888888888888,0.13888888888888928,3,10679.888888888894
1132,12.027777777777777,0.05555555555555536,3,10691.847222222228
1133,12.083333333333332,0.0,3,10703.902777777783
1134,12.083333333333332,0.0,3,10715.986111111117
1135,12.083333333333332,-0.05555555555555536,3,10728.06944444445
1136,12.027777777777777,-0.05555555555555358,3,10740.125000000005
1137,11.972222222222223,0.0,3,10752.125000000005
1138,11.972222222222223,-0.13888888888888928,3,10764.097222222228
1139,11.833333333333334,-0.027777777777778567,3,10776.000000000005
1140,11.805555555555555,-0.19444444444444464,3,10787.81944444445
1141,11.61111111111111,-0.22222222222222143,3,10799.527777777785
1142,11.38888888888889,-0.3888888888888893,3,10811.027777777785
1143,11.0,-0.5000000000000018,2,10822.22222222223
1144,10.499999999999998,-0.8888888888888875,2,10832.97222222223
1145,9.61111111111111,-0.6666666666666661,2,10843.027777777785
1146,8.944444444444445,-1.1111111111111116,2,10852.305555555562
1147,7.833333333333333,-0.6944444444444446,2,10860.69444444445
1148,7.138888888888888,-0.8888888888888884,2,10868.180555555562
1149,6.25,-1.4722222222222223,1,10874.875000000007
1150,4.777777777777778,-1.4722222222222223,1,10880.388888888896
1151,3.3055555555555554,-1.472222222222222,1,10884.430555555562
1152,1.8333333333333333,-1.472222222222222,1,10887.000000000007
1153,0.3611111111111111,-0.3611111111111111,0,10888.09722222223
1154,0.0,0.0,0,10888.277777777785
1155,0.0,0.0,0,10888.277777777785
1156,0.0,0.0,0,10888.277777777785
1157,0.0,0.0,0,10888.277777777785
1158,0.0,0.0,0,10888.277777777785
1159,0.0,0.0,0,10888.277777777785
1160,0.0,0.0,0,10888.277777777785
1161,0.0,0.0,0,10888.277777777785
1162,0.0,0.0,0,10888.277777777785
1163,0.0,0.0,0,10888.277777777785
1164,0.0,0.0,0,10888.277777777785
1165,0.0,0.0,0,10888.277777777785
1166,0.0,0.0,0,10888.277777777785
1167,0.0,0.0,0,10888.277777777785
1168,0.0,0.0,0,10888.277777777785
1169,0.0,0.9444444444444444,0,10888.277777777785
1170,0.9444444444444444,1.472222222222222,1,10888.750000000007
1171,2.4166666666666665,1.4722222222222223,1,10890.430555555562
1172,3.888888888888889,1.4722222222222228,1,10893.58333333334
1173,5.361111111111112,1.4722222222222223,1,10898.20833333334
1174,6.833333333333334,1.4722222222222214,1,10904.305555555562
1175,8.305555555555555,1.1388888888888893,1,10911.875000000007
1176,9.444444444444445,0.8333333333333321,2,10920.750000000007
1177,10.277777777777777,0.22222222222222143,2,10930.611111111119
1178,10.499999999999998,-0.22222222222222143,2,10941.000000000007
1179,10.277777777777777,-0.22222222222222143,2,10951.388888888896
1180,10.055555555555555,-1.1111111111111107,2,10961.555555555562
1181,8.944444444444445,-1.4722222222222232,2,10971.055555555562
1182,7.472222222222221,-1.4722222222222214,2,10979.263888888896
1183,6.0,-1.4722222222222223,1,10986.000000000007
1184,4.527777777777778,-1.5,1,10991.263888888896
1185,3.0277777777777777,-1.4722222222222223,1,10995.041666666673
1186,1.5555555555555554,-1.472222222222222,0,10997.33333333334
1187,0.08333333333333333,-0.08333333333333333,0,10998.152777777785
1188,0.0,0.0,0,10998.19444444445
1189,0.0,0.0,0,10998.19444444445
1190,0.0,0.0,0,10998.19444444445
1191,0.0,0.0,0,10998.19444444445
1192,0.0,0.0,0,10998.19444444445
1193,0.0,0.0,0,10998.19444444445
1194,0.0,0.0,0,10998.19444444445
1195,0.0,0.0,0,10998.19444444445
1196,0.0,0.0,0,10998.19444444445
1197,0.0,0.08333333333333333,0,10998.19444444445
1198,0.08333333333333333,0.5833333333333333,1,10998.236111111117
1199,0.6666666666666666,0.8888888888888887,1,10998.611111111117
1200,1.5555555555555554,1.3611111111111112,1,10999.722222222228
1201,2.9166666666666665,1.4722222222222228,1,11001.95833333334
1202,4.388888888888889,0.9722222222222223,1,11005.611111111117
1203,5.361111111111112,0.4166666666666661,1,11010.486111111117
1204,5.777777777777778,0.02777777777777768,1,11016.055555555562
1205,5.805555555555555,-0.16666666666666607,1,11021.847222222228
1206,5.638888888888889,0.08333333333333304,1,11027.56944444445
1207,5.722222222222222,0.13888888888888928,1,11033.250000000005
1208,5.861111111111112,0.0,1,11039.041666666672
1209,5.861111111111112,0.3888888888888884,1,11044.902777777783
1210,6.25,0.6666666666666661,1,11050.958333333338
1211,6.916666666666666,0.6944444444444446,1,11057.541666666672
1212,7.611111111111111,0.6944444444444446,1,11064.80555555556
1213,8.305555555555555,0.5,1,11072.763888888894
1214,8.805555555555555,0.5833333333333321,2,11081.319444444449
1215,9.388888888888888,0.2222222222222232,2,11090.416666666672
1216,9.61111111111111,0.13888888888888928,2,11099.916666666672
1217,9.75,0.0,2,11109.597222222226
1218,9.75,-0.13888888888888928,2,11119.347222222226
1219,9.61111111111111,-0.1388888888888875,2,11129.027777777781
1220,9.472222222222223,0.1388888888888875,2,11138.569444444447
1221,9.61111111111111,0.13888888888888928,2,11148.111111111113
1222,9.75,0.08333333333333215,2,11157.791666666668
1223,9.833333333333332,-0.05555555555555358,2,11167.583333333334
1224,9.777777777777779,-0.08333333333333393,2,11177.388888888889
1225,9.694444444444445,-0.08333333333333393,2,11187.125
1226,9.61111111111111,0.0,2,11196.777777777777
1227,9.61111111111111,-0.05555555555555536,2,11206.388888888889
1228,9.555555555555555,-0.5833333333333339,2,11215.972222222223
1229,8.972222222222221,-0.25,2,11225.236111111111
1230,8.722222222222221,-0.13888888888888928,2,11234.083333333334
1231,8.583333333333332,0.16666666666666785,2,11242.736111111111
1232,8.75,0.11111111111111072,2,11251.402777777777
1233,8.86111111111111,0.08333333333333393,2,11260.208333333332
1234,8.944444444444445,-0.2222222222222232,2,11269.11111111111
1235,8.722222222222221,-0.8888888888888884,2,11277.944444444443
1236,7.833333333333333,-0.916666666666667,2,11286.22222222222
1237,6.916666666666666,-1.1111111111111107,2,11293.59722222222
1238,5.805555555555555,-1.333333333333333,1,11299.958333333332
1239,4.472222222222222,-0.8888888888888888,1,11305.09722222222
1240,3.5833333333333335,-0.8888888888888893,1,11309.124999999998
1241,2.694444444444444,-0.9166666666666663,1,11312.263888888887
1242,1.777777777777778,-0.6666666666666667,1,11314.499999999998
1243,1.1111111111111112,-0.8055555555555556,0,11315.944444444443
1244,0.3055555555555556,-0.3055555555555556,0,11316.652777777777
1245,0.0,0.0,0,11316.805555555555
1246,0.0,0.0,0,11316.805555555555
1247,0.0,0.0,0,11316.805555555555
1248,0.0,0.0,0,11316.805555555555
1249,0.0,0.0,0,11316.805555555555
1250,0.0,0.0,0,11316.805555555555
1251,0.0,0.0,0,11316.805555555555
1252,0.0,0.4444444444444445,0,11316.805555555555
1253,0.4444444444444445,0.0,1,11317.027777777777
1254,0.4444444444444445,0.0,1,11317.472222222223
1255,0.4444444444444445,0.0,1,11317.916666666668
1256,0.4444444444444445,0.0,1,11318.361111111113
1257,0.4444444444444445,0.27777777777777773,1,11318.805555555558
1258,0.7222222222222222,0.611111111111111,1,11319.388888888892
1259,1.3333333333333333,0.44444444444444464,1,11320.41666666667
1260,1.777777777777778,0.4444444444444444,1,11321.972222222224
1261,2.2222222222222223,0.583333333333333,1,11323.972222222224
1262,2.8055555555555554,0.7777777777777781,1,11326.486111111113
1263,3.5833333333333335,0.8888888888888888,1,11329.680555555558
1264,4.472222222222222,0.22222222222222143,1,11333.708333333336
1265,4.694444444444444,-0.44444444444444375,1,11338.29166666667
1266,4.25,-0.44444444444444464,1,11342.763888888892
1267,3.8055555555555554,-0.41666666666666696,1,11346.79166666667
1268,3.3888888888888884,0.5555555555555558,1,11350.388888888892
1269,3.944444444444444,0.9722222222222219,1,11354.055555555558
1270,4.916666666666666,1.333333333333334,1,11358.486111111113
1271,6.25,1.3611111111111107,1,11364.069444444447
1272,7.611111111111111,1.1111111111111107,1,11371.000000000002
1273,8.722222222222221,0.6666666666666661,2,11379.166666666668
1274,9.388888888888888,0.3611111111111125,2,11388.222222222223
1275,9.75,0.16666666666666785,2,11397.791666666668
1276,9.916666666666668,0.36111111111110894,2,11407.625000000002
1277,10.277777777777777,0.27777777777777857,2,11417.722222222224
1278,10.555555555555555,0.22222222222222143,2,11428.13888888889
1279,10.777777777777777,0.16666666666666785,2,11438.805555555557
1280,10.944444444444445,0.0,2,11449.666666666668
1281,10.944444444444445,-0.22222222222222143,2,11460.611111111113
1282,10.722222222222223,-0.22222222222222499,2,11471.444444444447
1283,10.499999999999998,0.0,2,11482.055555555558
1284,10.499999999999998,0.0,2,11492.555555555558
1285,10.499999999999998,0.0,2,11503.055555555558
1286,10.499999999999998,0.0,2,11513.555555555558
1287,10.499999999999998,0.0,2,11524.055555555558
1288,10.499999999999998,0.22222222222222499,2,11534.555555555558
1289,10.722222222222223,0.05555555555555358,2,11545.16666666667
1290,10.777777777777777,0.16666666666666785,2,11555.91666666667
1291,10.944444444444445,0.11111111111111072,2,11566.777777777781
1292,11.055555555555555,0.11111111111111249,2,11577.777777777781
1293,11.166666666666668,0.19444444444444287,3,11588.888888888892
1294,11.36111111111111,0.08333333333333393,3,11600.152777777781
1295,11.444444444444445,0.05555555555555536,3,11611.555555555558
1296,11.5,0.11111111111111072,3,11623.027777777781
1297,11.61111111111111,0.11111111111111249,3,11634.583333333336
1298,11.722222222222223,0.36111111111110894,3,11646.250000000002
1299,12.083333333333332,0.3333333333333357,3,11658.15277777778
1300,12.416666666666668,0.22222222222222143,3,11670.40277777778
1301,12.63888888888889,0.3333333333333339,3,11682.930555555557
1302,12.972222222222223,0.027777777777775015,3,11695.736111111111
1303,12.999999999999998,-0.027777777777775015,3,11708.722222222223
1304,12.972222222222223,-0.44444444444444464,3,11721.708333333334
1305,12.527777777777779,-1.4722222222222232,3,11734.458333333334
1306,11.055555555555555,-1.5,2,11746.25
1307,9.555555555555555,-1.4722222222222214,2,11756.555555555555
1308,8.083333333333334,-1.4722222222222232,2,11765.375
1309,6.611111111111111,-1.4722222222222223,1,11772.722222222223
1310,5.138888888888888,-1.4722222222222219,1,11778.597222222223
1311,3.6666666666666665,-1.4722222222222219,1,11783.0
1312,2.1944444444444446,-1.4722222222222223,1,11785.930555555555
1313,0.7222222222222222,-0.7222222222222222,0,11787.388888888889
1314,0.0,0.0,0,11787.75
1315,0.0,0.0,0,11787.75
1316,0.0,0.0,0,11787.75
1317,0.0,0.0,0,11787.75
1318,0.0,0.0,0,11787.75
1319,0.0,0.0,0,11787.75
1320,0.0,0.0,0,11787.75
1321,0.0,0.0,0,11787.75
1322,0.0,0.0,0,11787.75
1323,0.0,0.0,0,11787.75
1324,0.0,0.0,0,11787.75
1325,0.0,0.0,0,11787.75
1326,0.0,0.0,0,11787.75
1327,0.0,0.0,0,11787.75
1328,0.0,0.0,0,11787.75
1329,0.0,0.0,0,11787.75
1330,0.0,0.0,0,11787.75
1331,0.0,0.0,0,11787.75
1332,0.0,0.0,0,11787.75
1333,0.0,0.0,0,11787.75
1334,0.0,0.0,0,11787.75
1335,0.0,0.0,0,11787.75
1336,0.0,0.0,0,11787.75
1337,0.0,0.0,0,11787.75
1338,0.0,0.6666666666666666,0,11787.75
1339,0.6666666666666666,1.4722222222222223,1,11788.083333333334
1340,2.138888888888889,1.4722222222222223,1,11789.486111111111
1341,3.611111111111111,1.4722222222222219,1,11792.361111111111
1342,5.083333333333333,0.8055555555555554,1,11796.708333333334
1343,5.888888888888888,0.8611111111111116,1,11802.194444444445
1344,6.75,0.75,1,11808.51388888889
1345,7.5,0.6944444444444446,1,11815.63888888889
1346,8.194444444444445,0.5277777777777768,1,11823.486111111113
1347,8.722222222222221,0.3611111111111125,2,11831.944444444447
1348,9.083333333333334,0.44444444444444287,2,11840.847222222224
1349,9.527777777777777,0.2500000000000018,2,11850.15277777778
1350,9.777777777777779,0.11111111111111072,2,11859.805555555557
1351,9.88888888888889,0.11111111111111072,2,11869.63888888889
1352,10.0,-0.16666666666666785,2,11879.583333333336
1353,9.833333333333332,-0.16666666666666607,2,11889.500000000002
1354,9.666666666666666,-0.22222222222222143,2,11899.250000000002
1355,9.444444444444445,-0.27777777777777857,2,11908.805555555557
1356,9.166666666666666,-0.22222222222222143,2,11918.111111111111
1357,8.944444444444445,-0.19444444444444464,2,11927.166666666666
1358,8.75,-0.47222222222222143,2,11936.013888888889
1359,8.277777777777779,-0.44444444444444553,2,11944.527777777777
1360,7.833333333333333,-0.44444444444444375,2,11952.583333333332
1361,7.388888888888889,-0.4722222222222232,2,11960.194444444443
1362,6.916666666666666,-0.6666666666666661,2,11967.34722222222
1363,6.25,-1.333333333333334,1,11973.930555555555
1364,4.916666666666666,-1.3333333333333326,1,11979.513888888889
1365,3.5833333333333335,-1.25,1,11983.763888888889
1366,2.3333333333333335,-1.2222222222222223,1,11986.722222222223
1367,1.1111111111111112,-1.1111111111111112,0,11988.444444444445
1368,0.0,0.0,0,11989.0
1369,0.0,0.0,0,11989.0
1370,0.0,0.0,0,11989.0
1371,0.0,0.0,0,11989.0
1372,0.0,0.0,0,11989.0
1373,0.0,0.0,0,11989.0
1374,0.0,0.0,0,11989.0
1375,0.0,0.0,0,11989.0
1376,0.0,0.0,0,11989.0
1377,0.0,0.0,0,11989.0
1378,0.0,0.0,0,11989.0
1379,0.0,0.0,0,11989.0
1380,0.0,0.0,0,11989.0
1381,0.0,0.0,0,11989.0
1382,0.0,0.0,0,11989.0
1383,0.0,0.0,0,11989.0
1384,0.0,0.0,0,11989.0
1385,0.0,0.0,0,11989.0
1386,0.0,0.0,0,11989.0
1387,0.0,0.0,0,11989.0
1388,0.0,0.0,0,11989.0
1389,0.0,0.0,0,11989.0
1390,0.0,1.3333333333333333,0,11989.0
1391,1.3333333333333333,1.3055555555555556,1,11989.666666666666
1392,2.638888888888889,1.1944444444444446,1,11991.652777777777
1393,3.8333333333333335,1.305555555555555,1,11994.888888888889
1394,5.138888888888888,1.25,1,11999.375
1395,6.388888888888888,1.166666666666667,1,12005.138888888889
1396,7.555555555555555,0.16666666666666696,1,12012.111111111111
1397,7.722222222222222,0.3611111111111116,1,12019.75
1398,8.083333333333334,1.1666666666666643,1,12027.652777777777
1399,9.249999999999998,0.4444444444444464,2,12036.319444444443
1400,9.694444444444445,0.30555555555555536,2,12045.791666666666
1401,10.0,0.05555555555555536,2,12055.638888888889
1402,10.055555555555555,-0.16666666666666607,2,12065.666666666666
1403,9.88888888888889,-0.27777777777777857,2,12075.638888888889
1404,9.61111111111111,-0.2777777777777768,2,12085.388888888889
1405,9.333333333333334,-0.2222222222222232,2,12094.861111111111
1406,9.11111111111111,-0.25,2,12104.083333333334
1407,8.86111111111111,-1.25,2,12113.069444444445
1408,7.611111111111111,-0.9444444444444446,2,12121.305555555557
1409,6.666666666666666,0.0,2,12128.444444444445
1410,6.666666666666666,0.13888888888888928,2,12135.111111111111
1411,6.805555555555555,0.11111111111111072,2,12141.847222222223
1412,6.916666666666666,0.22222222222222232,2,12148.708333333334
1413,7.138888888888888,0.5,2,12155.736111111111
1414,7.638888888888888,0.8888888888888884,2,12163.125
1415,8.527777777777777,0.9166666666666679,2,12171.208333333334
1416,9.444444444444445,0.6944444444444446,2,12180.194444444445
1417,10.13888888888889,0.11111111111111072,2,12189.986111111111
1418,10.25,-0.11111111111111072,2,12200.180555555557
1419,10.13888888888889,-0.027777777777778567,2,12210.375000000002
1420,10.11111111111111,-0.5833333333333339,2,12220.500000000002
1421,9.527777777777777,-1.0277777777777768,2,12230.319444444447
1422,8.5,-0.8611111111111116,2,12239.333333333336
1423,7.638888888888888,-0.583333333333333,2,12247.402777777781
1424,7.055555555555555,0.0,2,12254.750000000004
1425,7.055555555555555,0.8611111111111107,2,12261.805555555558
1426,7.916666666666666,0.9444444444444446,2,12269.29166666667
1427,8.86111111111111,0.8055555555555554,2,12277.680555555558
1428,9.666666666666666,0.6944444444444446,2,12286.944444444447
1429,10.36111111111111,0.44444444444444464,2,12296.958333333336
1430,10.805555555555555,0.19444444444444464,2,12307.54166666667
1431,11.0,0.13888888888888928,2,12318.444444444447
1432,11.13888888888889,0.027777777777778567,3,12329.513888888892
1433,11.166666666666668,-0.16666666666666785,3,12340.66666666667
1434,11.0,-0.05555555555555536,2,12351.750000000004
1435,10.944444444444445,0.11111111111111072,2,12362.722222222226
1436,11.055555555555555,0.02777777777777679,2,12373.722222222226
1437,11.083333333333332,-0.02777777777777679,2,12384.791666666672
1438,11.055555555555555,-0.05555555555555536,2,12395.861111111117
1439,11.0,0.0,2,12406.888888888894
1440,11.0,0.22222222222222143,2,12417.888888888894
1441,11.222222222222221,0.2222222222222232,3,12429.000000000005
1442,11.444444444444445,0.05555555555555536,3,12440.33333333334
1443,11.5,-0.13888888888888928,3,12451.805555555562
1444,11.36111111111111,-0.22222222222222143,3,12463.236111111117
1445,11.13888888888889,0.027777777777778567,3,12474.486111111117
1446,11.166666666666668,0.19444444444444287,3,12485.638888888894
1447,11.36111111111111,0.25,3,12496.902777777783
1448,11.61111111111111,0.0,3,12508.388888888894
1449,11.61111111111111,-0.11111111111111072,3,12520.000000000005
1450,11.5,0.16666666666666607,3,12531.55555555556
1451,11.666666666666666,0.27777777777777857,3,12543.138888888894
1452,11.944444444444445,0.36111111111110894,3,12554.944444444449
1453,12.305555555555554,0.4722222222222232,3,12567.069444444449
1454,12.777777777777777,0.3333333333333339,3,12579.611111111115
1455,13.11111111111111,0.22222222222222143,3,12592.55555555556
1456,13.333333333333332,0.11111111111111072,3,12605.777777777783
1457,13.444444444444443,0.13888888888888928,3,12619.166666666672
1458,13.583333333333332,0.13888888888888928,3,12632.68055555556
1459,13.722222222222221,0.0,3,12646.333333333338
1460,13.722222222222221,-0.08333333333333215,3,12660.05555555556
1461,13.63888888888889,-0.055555555555557135,3,12673.736111111115
1462,13.583333333333332,-0.027777777777778567,3,12687.347222222226
1463,13.555555555555554,0.027777777777778567,3,12700.916666666672
1464,13.583333333333332,0.19444444444444642,3,12714.486111111117
1465,13.777777777777779,-0.19444444444444642,3,12728.166666666672
1466,13.583333333333332,-0.22222222222222143,3,12741.847222222226
1467,13.36111111111111,-0.16666666666666607,3,12755.319444444449
1468,13.194444444444445,0.1388888888888875,3,12768.597222222226
1469,13.333333333333332,0.22222222222222143,3,12781.861111111115
1470,13.555555555555554,0.16666666666666785,3,12795.30555555556
1471,13.722222222222221,0.08333333333333393,3,12808.944444444449
1472,13.805555555555555,0.05555555555555536,3,12822.708333333338
1473,13.86111111111111,-0.05555555555555536,3,12836.541666666672
1474,13.805555555555555,-0.2222222222222232,3,12850.375000000005
1475,13.583333333333332,-0.25,3,12864.06944444445
1476,13.333333333333332,0.027777777777778567,3,12877.527777777785
1477,13.36111111111111,0.13888888888888928,3,12890.875000000007
1478,13.5,0.22222222222222143,3,12904.305555555562
1479,13.722222222222221,0.2222222222222232,3,12917.916666666673
1480,13.944444444444445,0.27777777777777857,3,12931.750000000007
1481,14.222222222222223,0.1666666666666643,3,12945.833333333341
1482,14.388888888888888,0.08333333333333393,3,12960.138888888896
1483,14.472222222222221,-0.08333333333333393,3,12974.56944444445
1484,14.388888888888888,-0.22222222222222143,3,12989.000000000005
1485,14.166666666666666,-1.3888888888888893,3,13003.277777777783
1486,12.777777777777777,-1.4722222222222214,3,13016.750000000005
1487,11.305555555555555,-1.4722222222222232,3,13028.791666666672
1488,9.833333333333332,-1.4722222222222214,2,13039.361111111117
1489,8.36111111111111,-1.4722222222222214,2,13048.45833333334
1490,6.888888888888889,-1.4722222222222223,2,13056.08333333334
1491,5.416666666666667,-1.4722222222222228,1,13062.236111111117
1492,3.944444444444444,-1.4722222222222219,1,13066.916666666672
1493,2.4722222222222223,-1.5,1,13070.125000000005
1494,0.9722222222222222,-0.9722222222222222,0,13071.847222222228
1495,0.0,0.0,0,13072.33333333334
1496,0.0,0.0,0,13072.33333333334
1497,0.0,0.0,0,13072.33333333334
1498,0.0,0.0,0,13072.33333333334
1499,0.0,0.0,0,13072.33333333334
1500,0.0,0.0,0,13072.33333333334
1501,0.0,0.0,0,13072.33333333334
1502,0.0,0.0,0,13072.33333333334
1503,0.0,0.0,0,13072.33333333334
1504,0.0,0.0,0,13072.33333333334
1505,0.0,0.0,0,13072.33333333334
1506,0.0,0.0,0,13072.33333333334
1507,0.0,0.0,0,13072.33333333334
1508,0.0,0.0,0,13072.33333333334
1509,0.0,0.0,0,13072.33333333334
1510,0.0,0.0,0,13072.33333333334
1511,0.0,0.0,0,13072.33333333334
1512,0.0,0.0,0,13072.33333333334
1513,0.0,0.0,0,13072.33333333334
1514,0.0,0.0,0,13072.33333333334
1515,0.0,0.0,0,13072.33333333334
1516,0.0,0.0,0,13072.33333333334
1517,0.0,0.0,0,13072.33333333334
1518,0.0,0.0,0,13072.33333333334
1519,0.0,0.0,0,13072.33333333334
1520,0.0,0.0,0,13072.33333333334
1521,0.0,0.0,0,13072.33333333334
1522,0.0,0.0,0,13072.33333333334
1523,0.0,0.0,0,13072.33333333334
1524,0.0,0.0,0,13072.33333333334
1525,0.0,0.0,0,13072.33333333334
1526,0.0,0.0,0,13072.33333333334
1527,0.0,0.0,0,13072.33333333334
1528,0.0,0.0,0,13072.33333333334
1529,0.0,0.0,0,13072.33333333334
1530,0.0,0.0,0,13072.33333333334
1531,0.0,0.0,0,13072.33333333334
1532,0.0,0.0,0,13072.33333333334
1533,0.0,1.472222222222222,0,13072.33333333334
1534,1.472222222222222,1.472222222222222,1,13073.06944444445
1535,2.944444444444444,1.4722222222222228,1,13075.277777777785
1536,4.416666666666667,1.4722222222222214,1,13078.95833333334
1537,5.888888888888888,1.5000000000000009,1,13084.111111111117
1538,7.388888888888889,1.4722222222222214,1,13090.750000000005
1539,8.86111111111111,1.0555555555555571,2,13098.875000000005
1540,9.916666666666668,0.9444444444444429,2,13108.263888888894
1541,10.86111111111111,0.6666666666666661,2,13118.652777777783
1542,11.527777777777777,0.27777777777777857,3,13129.847222222228
1543,11.805555555555555,-0.30555555555555536,3,13141.513888888894
1544,11.5,-0.27777777777777857,3,13153.166666666672
1545,11.222222222222221,-0.16666666666666607,3,13164.527777777783
1546,11.055555555555555,0.11111111111111249,2,13175.666666666672
1547,11.166666666666668,0.11111111111111072,3,13186.777777777783
1548,11.277777777777779,0.08333333333333215,3,13198.000000000005
1549,11.36111111111111,0.16666666666666607,3,13209.31944444445
1550,11.527777777777777,0.6388888888888893,3,13220.763888888896
1551,12.166666666666666,-0.33333333333333215,3,13232.611111111119
1552,11.833333333333334,-1.1111111111111107,3,13244.611111111119
1553,10.722222222222223,-0.5833333333333339,2,13255.888888888896
1554,10.13888888888889,-1.4722222222222232,2,13266.31944444445
1555,8.666666666666666,-0.75,2,13275.722222222228
1556,7.916666666666666,-0.22222222222222232,2,13284.013888888894
1557,7.694444444444444,0.38888888888889017,2,13291.819444444449
1558,8.083333333333334,0.22222222222222143,2,13299.708333333338
1559,8.305555555555555,0.6388888888888893,2,13307.902777777783
1560,8.944444444444445,0.9722222222222232,2,13316.527777777783
1561,9.916666666666668,1.0277777777777768,2,13325.958333333338
1562,10.944444444444445,1.2499999999999982,2,13336.388888888892
1563,12.194444444444443,1.4444444444444464,3,13347.958333333338
1564,13.63888888888889,1.3333333333333321,3,13360.875000000004
1565,14.972222222222221,1.2222222222222214,3,13375.180555555558
1566,16.194444444444443,0.472222222222225,3,13390.763888888892
1567,16.666666666666668,0.8888888888888893,3,13407.194444444447
1568,17.555555555555557,0.5555555555555536,3,13424.305555555558
1569,18.11111111111111,0.7222222222222214,4,13442.138888888892
1570,18.833333333333332,0.6111111111111107,4,13460.611111111115
1571,19.444444444444443,0.7222222222222214,4,13479.750000000004
1572,20.166666666666664,0.3888888888888893,5,13499.555555555558
1573,20.555555555555554,0.3611111111111107,5,13519.91666666667
1574,20.916666666666664,0.3055555555555607,5,13540.652777777781
1575,21.222222222222225,0.0,5,13561.722222222226
1576,21.222222222222225,-0.08333333333333925,5,13582.944444444449
1577,21.138888888888886,-0.027777777777775015,5,13604.125000000004
1578,21.11111111111111,-0.11111111111111427,5,13625.250000000004
1579,20.999999999999996,0.0,5,13646.305555555558
1580,20.999999999999996,0.0,5,13667.305555555558
1581,20.999999999999996,0.0,5,13688.305555555558
1582,20.999999999999996,0.0,5,13709.305555555558
1583,20.999999999999996,0.11111111111111427,5,13730.305555555558
1584,21.11111111111111,0.08333333333333215,5,13751.361111111113
1585,21.194444444444443,0.22222222222222143,5,13772.51388888889
1586,21.416666666666664,0.27777777777777857,5,13793.819444444445
1587,21.694444444444443,0.25,5,13815.375
1588,21.944444444444443,0.19444444444444642,5,13837.194444444445
1589,22.13888888888889,0.22222222222222143,5,13859.236111111111
1590,22.36111111111111,0.25,5,13881.486111111111
1591,22.61111111111111,0.19444444444444287,5,13903.972222222223
1592,22.805555555555554,0.22222222222222499,5,13926.680555555557
1593,23.02777777777778,0.3055555555555536,5,13949.597222222223
1594,23.333333333333332,0.44444444444444287,5,13972.777777777777
1595,23.777777777777775,0.41666666666666785,5,13996.333333333332
1596,24.194444444444443,0.22222222222222499,5,14020.319444444443
1597,24.416666666666668,0.13888888888888928,5,14044.624999999998
1598,24.555555555555557,0.027777777777775015,5,14069.11111111111
1599,24.583333333333332,-0.027777777777775015,5,14093.680555555555
1600,24.555555555555557,-0.13888888888888928,5,14118.25
1601,24.416666666666668,0.0,5,14142.736111111111
1602,24.416666666666668,0.08333333333333215,5,14167.152777777777
1603,24.5,0.13888888888888928,5,14191.611111111111
1604,24.63888888888889,0.1666666666666643,5,14216.180555555557
1605,24.805555555555554,0.08333333333333215,5,14240.90277777778
1606,24.888888888888886,0.19444444444444642,5,14265.750000000002
1607,25.083333333333332,0.08333333333333215,5,14290.736111111113
1608,25.166666666666664,0.13888888888888928,5,14315.861111111113
1609,25.305555555555554,0.027777777777778567,5,14341.097222222224
1610,25.333333333333332,0.0,5,14366.41666666667
1611,25.333333333333332,-0.08333333333333215,5,14391.750000000004
1612,25.25,0.0,5,14417.04166666667
1613,25.25,0.0,5,14442.29166666667
1614,25.25,0.0,5,14467.54166666667
1615,25.25,0.0,5,14492.79166666667
1616,25.25,0.0,5,14518.04166666667
1617,25.25,-0.0833333333333357,5,14543.29166666667
1618,25.166666666666664,-0.08333333333333215,5,14568.500000000004
1619,25.083333333333332,-0.13888888888888928,5,14593.625000000004
1620,24.944444444444443,-0.3055555555555536,5,14618.638888888892
1621,24.63888888888889,-0.22222222222222143,5,14643.430555555558
1622,24.416666666666668,-0.19444444444444642,5,14667.958333333336
1623,24.22222222222222,-0.08333333333333215,5,14692.277777777781
1624,24.13888888888889,-0.13888888888888928,5,14716.458333333336
1625,24.0,-0.027777777777778567,5,14740.527777777781
1626,23.97222222222222,0.11111111111111072,5,14764.513888888892
1627,24.083333333333332,0.055555555555557135,5,14788.54166666667
1628,24.13888888888889,0.05555555555555358,5,14812.652777777781
1629,24.194444444444443,0.0,5,14836.819444444447
1630,24.194444444444443,-0.13888888888888928,5,14861.013888888892
1631,24.055555555555554,-0.19444444444444287,5,14885.138888888892
1632,23.86111111111111,-0.16666666666666785,5,14909.097222222226
1633,23.694444444444443,-0.1666666666666643,5,14932.875000000004
1634,23.52777777777778,-0.25000000000000355,5,14956.486111111115
1635,23.277777777777775,0.13888888888888928,5,14979.888888888892
1636,23.416666666666664,-0.1666666666666643,5,15003.236111111115
1637,23.25,-0.055555555555557135,5,15026.569444444449
1638,23.194444444444443,-0.08333333333333215,5,15049.791666666672
1639,23.11111111111111,-0.08333333333333215,5,15072.944444444449
1640,23.02777777777778,0.027777777777775015,5,15096.013888888894
1641,23.055555555555554,0.11111111111111427,5,15119.05555555556
1642,23.166666666666668,0.11111111111110716,5,15142.166666666672
1643,23.277777777777775,0.19444444444444642,5,15165.388888888894
1644,23.47222222222222,0.22222222222222143,5,15188.763888888894
1645,23.694444444444443,0.22222222222222143,5,15212.347222222228
1646,23.916666666666664,0.22222222222222499,5,15236.152777777783
1647,24.13888888888889,0.41666666666666785,5,15260.18055555556
1648,24.555555555555557,0.22222222222222143,5,15284.527777777783
1649,24.77777777777778,0.08333333333333215,5,15309.194444444449
1650,24.86111111111111,0.1666666666666643,5,15334.013888888894
1651,25.027777777777775,0.0,5,15358.95833333334
1652,25.027777777777775,-0.08333333333333215,5,15383.986111111117
1653,24.944444444444443,-0.27777777777777857,5,15408.972222222228
1654,24.666666666666664,-0.3055555555555536,5,15433.777777777783
1655,24.36111111111111,-0.3888888888888893,5,15458.291666666672
1656,23.97222222222222,-0.5,5,15482.458333333338
1657,23.47222222222222,-0.44444444444444287,5,15506.18055555556
1658,23.02777777777778,0.0,5,15529.43055555556
1659,23.02777777777778,0.0,5,15552.458333333338
1660,23.02777777777778,-0.19444444444444642,5,15575.486111111115
1661,22.833333333333332,-0.4444444444444464,5,15598.41666666667
1662,22.388888888888886,-0.027777777777775015,5,15621.027777777781
1663,22.36111111111111,0.027777777777775015,5,15643.402777777781
1664,22.388888888888886,-0.027777777777775015,5,15665.777777777781
1665,22.36111111111111,-0.19444444444444642,5,15688.152777777781
1666,22.166666666666664,-0.027777777777775015,5,15710.41666666667
1667,22.13888888888889,0.0,5,15732.569444444447
1668,22.13888888888889,0.0,5,15754.708333333336
1669,22.13888888888889,-0.19444444444444642,5,15776.847222222224
1670,21.944444444444443,-0.22222222222222143,5,15798.88888888889
1671,21.72222222222222,-0.22222222222222143,5,15820.722222222224
1672,21.5,-0.3888888888888893,5,15842.333333333336
1673,21.11111111111111,-0.5,5,15863.63888888889
1674,20.61111111111111,-0.5,5,15884.500000000002
1675,20.11111111111111,-0.5277777777777786,5,15904.861111111113
1676,19.583333333333332,-0.5277777777777786,4,15924.708333333336
1677,19.055555555555554,-0.5,4,15944.027777777781
1678,18.555555555555554,-0.527777777777775,4,15962.833333333336
1679,18.02777777777778,-0.8055555555555571,3,15981.125000000002
1680,17.22222222222222,-0.6944444444444429,3,15998.750000000002
1681,16.52777777777778,-0.8055555555555571,3,16015.625000000002
1682,15.722222222222221,-0.6111111111111107,3,16031.750000000002
1683,15.11111111111111,-0.5833333333333339,3,16047.166666666668
1684,14.527777777777777,-0.44444444444444287,3,16061.986111111113
1685,14.083333333333334,-0.4166666666666661,3,16076.291666666668
1686,13.666666666666668,-0.027777777777778567,3,16090.166666666668
1687,13.63888888888889,-0.2222222222222232,3,16103.819444444445
1688,13.416666666666666,-0.44444444444444287,3,16117.347222222223
1689,12.972222222222223,-0.6666666666666696,3,16130.541666666668
1690,12.305555555555554,-1.2222222222222214,3,16143.180555555557
1691,11.083333333333332,-1.4722222222222214,2,16154.875000000002
1692,9.61111111111111,-0.6388888888888893,2,16165.222222222224
1693,8.972222222222221,-0.44444444444444464,2,16174.51388888889
1694,8.527777777777777,-0.24999999999999822,2,16183.26388888889
1695,8.277777777777779,-0.6666666666666679,2,16191.666666666668
1696,7.611111111111111,-0.6944444444444446,2,16199.611111111113
1697,6.916666666666666,-1.3333333333333321,2,16206.875000000002
1698,5.583333333333334,-0.7500000000000009,1,16213.125000000002
1699,4.833333333333333,-1.2499999999999996,1,16218.333333333336
1700,3.5833333333333335,-1.4722222222222223,1,16222.54166666667
1701,2.111111111111111,-1.4722222222222223,1,16225.388888888892
1702,0.6388888888888888,-0.6388888888888888,0,16226.763888888892
1703,0.0,0.0,0,16227.083333333338
1704,0.0,0.0,0,16227.083333333338
1705,0.0,0.0,0,16227.083333333338
1706,0.0,0.0,0,16227.083333333338
1707,0.0,0.0,0,16227.083333333338
1708,0.0,0.0,0,16227.083333333338
1709,0.0,0.0,0,16227.083333333338
1710,0.0,0.0,0,16227.083333333338
1711,0.0,0.0,0,16227.083333333338
1712,0.0,0.0,0,16227.083333333338
1713,0.0,0.0,0,16227.083333333338
1714,0.0,0.0,0,16227.083333333338
1715,0.0,0.0,0,16227.083333333338
1716,0.0,0.4444444444444445,0,16227.083333333338
1717,0.4444444444444445,1.4722222222222223,1,16227.30555555556
1718,1.9166666666666667,1.4722222222222217,1,16228.486111111115
1719,3.3888888888888884,1.4722222222222223,1,16231.138888888892
1720,4.861111111111111,1.5,1,16235.263888888892
1721,6.361111111111111,1.3611111111111116,1,16240.875000000004
1722,7.722222222222222,1.2222222222222223,1,16247.91666666667
1723,8.944444444444445,1.1111111111111107,2,16256.250000000004
1724,10.055555555555555,0.5277777777777786,2,16265.750000000004
1725,10.583333333333334,0.6944444444444446,2,16276.069444444449
1726,11.277777777777779,0.6111111111111089,3,16287.000000000004
1727,11.888888888888888,0.6666666666666679,3,16298.583333333338
1728,12.555555555555555,0.8611111111111107,3,16310.80555555556
1729,13.416666666666666,0.3611111111111125,3,16323.791666666672
1730,13.777777777777779,0.36111111111110894,3,16337.388888888894
1731,14.138888888888888,0.2222222222222232,3,16351.347222222228
1732,14.36111111111111,0.16666666666666607,3,16365.597222222228
1733,14.527777777777777,0.5000000000000018,3,16380.041666666673
1734,15.027777777777779,0.3888888888888875,3,16394.819444444453
1735,15.416666666666666,0.055555555555557135,3,16410.041666666675
1736,15.472222222222223,0.1388888888888875,3,16425.48611111112
1737,15.61111111111111,-0.05555555555555536,3,16441.02777777779
1738,15.555555555555555,-0.13888888888888928,3,16456.61111111112
1739,15.416666666666666,0.08333333333333215,3,16472.09722222223
1740,15.499999999999998,0.3611111111111125,3,16487.555555555562
1741,15.86111111111111,0.22222222222222143,3,16503.236111111117
1742,16.083333333333332,0.0,3,16519.20833333334
1743,16.083333333333332,0.0,3,16535.29166666667
1744,16.083333333333332,0.0,3,16551.375000000004
1745,16.083333333333332,0.0,3,16567.458333333336
1746,16.083333333333332,0.0,3,16583.541666666668
1747,16.083333333333332,0.055555555555557135,3,16599.625
1748,16.13888888888889,0.13888888888888928,3,16615.73611111111
1749,16.27777777777778,0.027777777777778567,3,16631.94444444444
1750,16.305555555555557,-0.027777777777778567,3,16648.23611111111
1751,16.27777777777778,-0.19444444444444642,3,16664.527777777777
1752,16.083333333333332,-0.3888888888888875,3,16680.708333333332
1753,15.694444444444445,-0.44444444444444464,3,16696.597222222223
1754,15.25,-0.27777777777777857,3,16712.069444444445
1755,14.972222222222221,-0.9444444444444446,3,16727.180555555555
1756,14.027777777777777,-1.0555555555555536,3,16741.680555555555
1757,12.972222222222223,-1.4722222222222232,3,16755.180555555555
1758,11.5,-1.2222222222222232,3,16767.416666666664
1759,10.277777777777777,-1.1944444444444429,2,16778.305555555555
1760,9.083333333333334,-1.2500000000000009,2,16787.98611111111
1761,7.833333333333333,-1.3611111111111107,2,16796.44444444444
1762,6.472222222222222,-1.1111111111111107,1,16803.59722222222
1763,5.361111111111112,-1.4722222222222228,1,16809.513888888887
1764,3.888888888888889,-1.4722222222222223,1,16814.138888888887
1765,2.4166666666666665,-1.472222222222222,1,16817.291666666664
1766,0.9444444444444444,-0.9444444444444444,0,16818.97222222222
1767,0.0,0.0,0,16819.44444444444
1768,0.0,0.0,0,16819.44444444444
1769,0.0,0.0,0,16819.44444444444
1770,0.0,0.0,0,16819.44444444444
1771,0.0,0.0,0,16819.44444444444
1772,0.0,1.1666666666666667,0,16819.44444444444
1773,1.1666666666666667,1.472222222222222,1,16820.027777777774
1774,2.638888888888889,1.3888888888888888,1,16821.93055555555
1775,4.027777777777778,1.5555555555555562,1,16825.263888888883
1776,5.583333333333334,1.4722222222222214,1,16830.069444444438
1777,7.055555555555555,1.4722222222222214,1,16836.388888888883
1778,8.527777777777777,1.4722222222222232,2,16844.18055555555
1779,10.0,1.1666666666666679,2,16853.44444444444
1780,11.166666666666668,0.2777777777777768,3,16864.027777777774
1781,11.444444444444445,0.8611111111111089,3,16875.33333333333
1782,12.305555555555554,0.6666666666666696,3,16887.20833333333
1783,12.972222222222223,0.44444444444444287,3,16899.84722222222
1784,13.416666666666666,0.02777777777777679,3,16913.041666666664
1785,13.444444444444443,-0.02777777777777679,3,16926.47222222222
1786,13.416666666666666,-0.13888888888888928,3,16939.902777777774
1787,13.277777777777777,-0.16666666666666607,3,16953.249999999996
1788,13.11111111111111,-0.25,3,16966.44444444444
1789,12.86111111111111,-0.33333333333333215,3,16979.43055555555
1790,12.527777777777779,-1.3611111111111107,3,16992.124999999996
1791,11.166666666666668,-1.4722222222222232,3,17003.97222222222
1792,9.694444444444445,-1.4722222222222214,2,17014.402777777774
1793,8.222222222222223,-1.4722222222222232,2,17023.361111111106
1794,6.75,-1.4722222222222223,2,17030.847222222215
1795,5.277777777777778,-1.4722222222222223,1,17036.861111111106
1796,3.8055555555555554,-1.4722222222222219,1,17041.402777777774
1797,2.3333333333333335,-1.4722222222222223,1,17044.47222222222
1798,0.8611111111111112,-0.8611111111111112,0,17046.06944444444
1799,0.0,0.0,0,17046.499999999996
1800,0.0,0.0,0,17046.499999999996
1801,0.0,0.0,0,17046.499999999996
1802,0.0,0.0,0,17046.499999999996
1803,0.0,0.0,0,17046.499999999996
1804,0.0,0.0,0,17046.499999999996
1805,0.0,0.0,0,17046.499999999996
1806,0.0,0.0,0,17046.499999999996
1807,0.0,0.0,0,17046.499999999996
1808,0.0,0.0,0,17046.499999999996
1809,0.0,0.0,0,17046.499999999996
1810,0.0,0.0,0,17046.499999999996
1811,0.0,0.0,0,17046.499999999996
1812,0.0,0.0,0,17046.499999999996
1813,0.0,0.0,0,17046.499999999996
1814,0.0,0.0,0,17046.499999999996
1815,0.0,0.0,0,17046.499999999996
1816,0.0,0.0,0,17046.499999999996
1817,0.0,1.472222222222222,0,17046.499999999996
1818,1.472222222222222,1.472222222222222,1,17047.236111111106
1819,2.944444444444444,1.4722222222222228,1,17049.444444444438
1820,4.416666666666667,1.4722222222222214,1,17053.124999999993
1821,5.888888888888888,1.5000000000000009,1,17058.27777777777
1822,7.388888888888889,1.2222222222222214,1,17064.91666666666
1823,8.61111111111111,1.7222222222222232,2,17072.91666666666
1824,10.333333333333334,1.4722222222222214,2,17082.388888888883
1825,11.805555555555555,0.6111111111111125,3,17093.45833333333
1826,12.416666666666668,0.5833333333333304,3,17105.569444444438
1827,12.999999999999998,1.0833333333333357,3,17118.27777777777
1828,14.083333333333334,0.6666666666666661,3,17131.819444444438
1829,14.75,0.27777777777777857,3,17146.236111111106
1830,15.027777777777779,0.5277777777777768,3,17161.124999999996
1831,15.555555555555555,0.13888888888888928,3,17176.416666666664
1832,15.694444444444445,0.22222222222222143,3,17192.041666666664
1833,15.916666666666666,0.2222222222222232,3,17207.84722222222
1834,16.13888888888889,-0.055555555555557135,3,17223.874999999996
1835,16.083333333333332,0.055555555555557135,3,17239.986111111106
1836,16.13888888888889,0.05555555555555358,3,17256.097222222215
1837,16.194444444444443,-0.11111111111111072,3,17272.263888888883
1838,16.083333333333332,-0.11111111111111072,3,17288.402777777774
1839,15.972222222222221,0.11111111111111072,3,17304.43055555555
1840,16.083333333333332,0.0,3,17320.45833333333
1841,16.083333333333332,-0.16666666666666607,3,17336.54166666666
1842,15.916666666666666,-0.05555555555555536,3,17352.54166666666
1843,15.86111111111111,-0.027777777777778567,3,17368.43055555555
1844,15.833333333333332,-0.11111111111111072,3,17384.277777777774
1845,15.722222222222221,0.0,3,17400.05555555555
1846,15.722222222222221,0.0,3,17415.777777777774
1847,15.722222222222221,0.0,3,17431.499999999996
1848,15.722222222222221,0.0,3,17447.22222222222
1849,15.722222222222221,0.0,3,17462.94444444444
1850,15.722222222222221,-0.08333333333333393,3,17478.666666666664
1851,15.638888888888888,0.055555555555557135,3,17494.34722222222
1852,15.694444444444445,0.02777777777777679,3,17510.013888888887
1853,15.722222222222221,0.13888888888888928,3,17525.72222222222
1854,15.86111111111111,-0.13888888888888928,3,17541.513888888887
1855,15.722222222222221,-0.08333333333333393,3,17557.305555555555
1856,15.638888888888888,0.0,3,17572.98611111111
1857,15.638888888888888,0.0,3,17588.625
1858,15.638888888888888,-0.08333333333333215,3,17604.26388888889
1859,15.555555555555555,-0.08333333333333215,3,17619.861111111113
1860,15.472222222222223,0.027777777777775015,3,17635.375000000004
1861,15.499999999999998,-0.5277777777777768,3,17650.861111111113
1862,14.972222222222221,-0.6666666666666661,3,17666.097222222223
1863,14.305555555555555,-0.8611111111111125,3,17680.736111111113
1864,13.444444444444443,-0.9166666666666643,3,17694.611111111113
1865,12.527777777777779,-1.1388888888888893,3,17707.597222222223
1866,11.38888888888889,-1.333333333333334,3,17719.555555555555
1867,10.055555555555555,-1.1944444444444446,2,17730.277777777777
1868,8.86111111111111,-1.4722222222222214,2,17739.73611111111
1869,7.388888888888889,-1.5000000000000009,2,17747.86111111111
1870,5.888888888888888,-1.2777777777777768,1,17754.5
1871,4.611111111111112,-1.3888888888888897,1,17759.75
1872,3.222222222222222,-1.444444444444444,1,17763.666666666668
1873,1.777777777777778,-1.3333333333333335,1,17766.166666666668
1874,0.4444444444444445,-0.4444444444444445,0,17767.277777777777
1875,0.0,0.0,0,17767.5
1876,0.0,0.0,0,17767.5
1877,0.0,0.0,0,17767.5
