region,SoC,T_MGB,w_MGB,dw_MGB,v,v_next,gear,actor_mu,actor_sigma,a_sac,a_argmaxQ,a_argmaxR,a_ecms,u_ecms,mode_sac,mode_argmaxQ,mode_ecms,r_OFF,r_ASSIST,r_LPS,Q_OFF,Q_ASSIST,Q_LPS,dr_OFF_ASSIST,dQ_OFF_ASSIST,dr_OFF_LPS,dQ_OFF_LPS,eq_eff_ecms_units,t_ce_sac,t_em_sac,p_batt_sac,next_soc_sac,t_ce_ecms,t_em_ecms,p_batt_ecms,next_soc_ecms,ERROR_critic,ERROR_reward,dSoC_ecms_minus_sac,discharge_ecms_minus_sac
15-30,0.5001896162675813,16.496143669834325,295.20990634262563,13.489364953835807,8.083333015441895,9.25,1,2.21285080909729,0.6044597625732422,0.9763513494822512,1.0,0.6500000000000001,0.635,0.86125,OFF,OFF,OFF,-0.07273439532111618,-0.06015354593768333,-0.05137206476432009,-0.09409838169813156,-0.10739916563034058,-0.10047852993011475,-0.012580849383432853,0.013300783932209015,-0.021362330556796094,0.006380148231983185,2.4039812469323536,0.15625,16.339893669834325,5884.03865463038,0.49668513074909393,2.34375,14.152393669834325,5183.4344672253255,0.4971037010319946,-0.02524455636739731,0.0030616208981541944,0.00041857028290065434,-700.6041874050543
15-30,0.48674772126165117,20.347779502059684,154.14259026845298,4.874076398213704,7.138888835906982,7.638888835906982,2,1.7890968322753906,0.6657074093818665,0.9456651665651207,1.0,0.375,0.40000000000000013,0.8150000000000001,OFF,OFF,OFF,-0.015884487559530733,-0.026017071507339447,-0.02254796074424409,-0.051388420164585114,-0.0572814978659153,-0.05841695889830589,0.010132583947808714,0.005893077701330185,0.006663473184713355,0.007028538733720779,2.5663223733927234,0.31249999999999645,20.035279502059687,3732.165698959084,0.4845176992412025,3.75,16.597779502059684,3123.8601549198393,0.48488185445679444,-0.009364865720272064,0.0028693077851611407,0.00036415521559191033,-608.3055440392445
15-30,0.44211058454899205,25.90270229295921,159.33081902265553,1.9991380453109746,11.13888931274414,11.166666984558105,3,0.525331974029541,0.7344039678573608,0.4818047501005198,0.6000000000000001,-1.0,0.33000000000000007,0.8381249999999999,OFF,OFF,OFF,-0.025154484453274763,-0.032190928586143766,-0.02469146616498728,-0.04168611392378807,-0.05313318222761154,-0.04838287830352783,0.007036444132869003,0.011447068303823471,-0.00046301828828748323,0.006696764379739761,3.1054162327556853,3.28125,22.62145229295921,4278.655149841977,0.4395141791152461,4.21875,21.68395229295921,4103.889153433162,0.4396205026009767,-0.002983465790748596,0.0010073545836560213,0.00010632348573058614,-174.76599640881432
15-30,0.42657426127800685,19.23448543380722,165.12830013632777,0.799649727344513,11.5,11.36111068725586,3,0.7780354022979736,0.5141764879226685,0.6515776316808004,0.675,0.25,0.29000000000000004,0.7687499999999999,OFF,OFF,OFF,-0.019705981445307354,-0.02843754798807244,-0.021706676493199392,-0.04347628355026245,-0.05962799862027168,-0.054676603525877,0.008731566542765086,0.01615171507000923,0.002000695047892038,0.011200319975614548,3.2930522929801915,2.1875,17.04698543380722,3342.0254358970174,0.4245366037285427,4.374999999999998,14.85948543380722,2930.8977091619167,0.4247877322020812,-0.003271549940109253,0.002551957893837699,0.00025112847353853107,-411.1277267351006
15-30,0.4222811937462426,25.178095912276145,192.71631868183616,1.599313181638718,13.44444465637207,13.583333015441895,3,0.30998432636260986,0.8995509743690491,0.3004228381840215,1.0,-1.0,0.2550000000000001,0.8150000000000001,OFF,OFF,OFF,-0.031152830092559727,-0.03985101946707337,-0.02899378808328894,-0.06610578298568726,-0.0804472416639328,-0.0785074457526207,0.00869818937451364,0.014341458678245544,-0.0021590420092707854,0.012401662766933441,3.3449007428281914,4.375,20.803095912276145,4693.997732230544,0.4194125631666952,4.6875,20.490595912276145,4624.470733533982,0.41945517701529994,-0.0034454092383384705,0.0003857215395584243,4.261384860476669e-05,-69.52699869656226
15-30,0.4129633679569092,16.212769635840164,197.51423763632778,0.0,13.722222328186035,13.63888931274414,3,0.80499267578125,0.5195418000221252,0.6668187053434516,1.0,0.20000000000000018,0.21999999999999997,0.699375,OFF,OFF,OFF,-0.020108663157292185,-0.03206381284578655,-0.02427117540877602,-0.04804135113954544,-0.06637229025363922,-0.06174148619174957,0.011955149688494364,0.01833093911409378,0.004162512251483834,0.013700135052204132,3.4574344543424185,2.0312499999999982,14.181519635840166,3305.122603632217,0.41093880201560423,4.843749999999998,11.369019635840166,2679.9579063086326,0.41132239875996585,-0.010059863328933716,0.003904540508737623,0.00038359674436161395,-625.1646973235843
15-30,0.4025273270291672,29.98084357958904,196.31475618183617,2.398962908983231,13.722222328186035,13.80555534362793,3,-1.2645796537399292,0.6216480135917664,-0.8523217632670903,0.6500000000000001,-1.0,0.33499999999999996,0.86125,LPS,OFF,OFF,-0.1016876584930051,-0.10620547467632625,-0.09121218087330937,-0.08545735478401184,-0.099022276699543,-0.08833251893520355,0.004517816183321158,0.013564921915531158,-0.010475477619695722,0.0028751641511917114,3.58347312963699,50.00376411310029,-20.02292053351125,-3343.1435450514327,0.4045739314156053,4.21875,25.76209357958904,5916.611019370369,0.3988839162472805,-0.012996822595596313,-0.010804350293135936,-0.005690015168324847,9259.7545644218
15-30,0.39301259799618904,18.230029230971958,192.11657452285291,0.3998248636722565,13.36111068725586,13.5,3,-0.6821417808532715,0.6345415711402893,-0.5929100135481308,1.0,-1.0,0.26,0.7456250000000001,LPS,OFF,OFF,-0.033136528430140116,-0.04175450981401898,-0.030430807569197478,-0.05739322304725647,-0.05610174685716629,-0.05557122826576233,0.008617981383878863,-0.0012914761900901794,-0.0027057208609426384,-0.0018219947814941406,3.6983848908505252,24.870968450826027,-6.6409392198540695,-1022.3640681283282,0.393641445065369,4.6875,13.542529230971958,3091.3760047381193,0.3911061109711502,-0.0014708787202835083,0.0013121928462455842,-0.0025353340942187996,4113.740072866447
15-30,0.42388293947106537,23.62238939254808,159.9305563181639,1.599313181638718,11.166666984558105,11.277777671813965,3,-0.3245902955532074,0.9830121994018555,-0.3136515740054799,0.675,-1.0,0.30000000000000004,0.8150000000000001,LPS,OFF,OFF,-0.02427357604670644,-0.03117779710881335,-0.023126505298671635,-0.03516232967376709,-0.04027019068598747,-0.04823078587651253,0.006904221062106912,0.005107861012220383,-0.0011470707480348043,0.013068456202745438,3.325556059273076,24.339497641964716,-0.7171082494166355,-88.09797265401345,0.4239365876431348,4.375,19.24738939254808,3659.5996114682694,0.4216491460157995,0.007449649274349213,0.0028480717235111093,-0.002287441627335296,3747.697584122283
15-30,0.417371622208063,28.438970782530298,164.7284684091807,2.398962908983231,11.527777671813965,12.166666984558105,3,-0.9532806873321533,0.9185872077941895,-0.7412646862063171,-0.775,-1.0,0.3700000000000001,0.86125,LPS,LPS,OFF,-0.03137988643596626,-0.03675951252064788,-0.02613706440399017,-0.05752341449260712,-0.07411319762468338,-0.05900486186146736,0.005379626084681621,0.016589783132076263,-0.00524282203197609,0.0014814473688602448,3.404194865687671,43.97883696012721,-15.539866177596915,-2124.1577237677534,0.4186663845454803,3.9062499999999964,24.5327207825303,4789.116180617455,0.41443973090512937,-0.012620549649000168,-0.0043807096773615765,-0.004226653640350908,6913.273904385209
15-30,0.450129526551215,25.95013824099407,168.37133318185806,-0.8884996970494589,21.0,21.0,5,0.6679633855819702,0.5527154207229614,0.5836386047814882,0.875,0.20000000000000018,0.22999999999999998,0.8150000000000001,OFF,OFF,OFF,-0.025453030667463874,-0.03329078894715412,-0.02589131195875635,-0.05846810340881348,-0.0735054761171341,-0.06562099605798721,0.007837758279690247,0.015037372708320618,0.00043828129129247495,0.007152892649173737,3.0085694654593382,2.65625,23.29388824099407,4580.600359137609,0.4473569700223128,4.84375,21.10638824099407,4151.277216942039,0.4476174991420084,-0.01671019196510315,0.002398705818044942,0.0002605291196955961,-429.32314219557065
15-30,0.41698336686893195,29.02485760864837,192.47198279036417,-1.1106322473949857,24.0,23.97222137451172,5,-1.5848338603973389,0.8480309844017029,-0.9193534564623466,0.8500000000000001,-1.0,0.25,0.8381249999999999,LPS,OFF,OFF,-0.036633176749243004,-0.04315630374397135,-0.030278106641564415,-0.07839594781398773,-0.10316257178783417,-0.09482541680335999,0.0065231269947283455,0.024766623973846436,-0.006355070107678589,0.016429468989372253,3.4088839224821914,51.052651329497586,-22.027793720849214,-3669.129813356824,0.41921799398619125,4.6875,24.33735760864837,5412.880693321067,0.413667853203234,-0.01501801609992981,-0.006566003910803399,-0.005550140782957236,9082.01050667789
15-30,0.4287771549566055,24.132520980224704,190.1396596464846,-1.3327495455741882,23.69444465637207,23.52777862548828,5,-0.5839096307754517,0.843068540096283,-0.5255012216561227,1.0,-1.0,0.19999999999999996,0.791875,LPS,OFF,OFF,-0.02833865804644758,-0.0371949910173311,-0.027445935931447424,-0.06179564818739891,-0.07214991748332977,-0.0645255520939827,0.008856332970883517,0.010354269295930862,-0.0008927221150001573,0.002729903906583786,3.266447395300336,30.725870462321808,-6.593349482097104,-1031.9016794997017,0.42940412396037153,4.9999999999999964,19.132520980224708,4214.9828092174475,0.4262077835500053,-0.011851593852043152,0.003491524481166991,-0.003196340410366205,5246.884488717149
15-30,0.43790643997966455,17.878107530025257,183.36483039127458,-1.5548820959197152,22.83333396911621,22.38888931274414,5,1.0242375135421753,0.39540818333625793,0.7715868759558981,0.675,0.20000000000000018,0.20500000000000007,0.7225,OFF,OFF,OFF,-0.08504002468112626,-0.09566267893162726,-0.08928725415632378,-0.05583905428647995,-0.0867786854505539,-0.08200144022703171,0.010622654250501004,0.030939631164073944,0.004247229475197525,0.026162385940551758,3.1561907377555958,1.40625,16.471857530025257,3519.743133715687,0.4357685021837549,4.999999999999998,12.87810753002526,2780.0586286470966,0.4362185735938565,-0.02725977450609207,0.004210205395394059,0.00045007141010161567,-739.6845050685902
15-30,0.4346369665775312,27.583299005668103,8.301157469255852,16.602314938511704,0.4444444477558136,1.9166666269302368,1,-0.23650777339935303,0.5664711594581604,-0.23219449415987473,0.9500000000000002,-1.0,-1.0,-0.85,ASSIST,OFF,LPS,-0.014592611602127253,-0.013622420516704682,-0.012377842823047758,-0.0352029912173748,-0.03473007306456566,-0.03727128729224205,-0.0009701910854225705,-0.00047291815280914307,-0.0022147687790794943,0.0020682960748672485,3.1956769854015112,24.195804154817885,3.3874948508502185,65.92930223774286,0.43459696153304345,51.02910316048599,-23.445804154817885,-125.48541091485428,0.43471310045599565,0.004179060459136963,0.001093880828499455,0.00011613892295220252,-191.41471315259713
15-30,0.4340075631073106,24.58198551581502,222.50338770449167,1.1994745910167695,15.5,15.86111068725586,3,0.17648790776729584,0.6994809508323669,0.17467803988598726,1.0,0.25,0.27,0.8150000000000001,ASSIST,OFF,OFF,-0.033201887684336816,-0.046088962828304776,-0.034736414914532644,-0.06001805514097214,-0.06815667450428009,-0.06574918329715729,0.01288707514396796,0.008138619363307953,0.0015345272301958285,0.00573112815618515,3.2032784484622328,5.979099275790748,18.602886240024272,4805.775217714479,0.43108222474902214,4.53125,20.05073551581502,5156.37225835107,0.43086812239355476,0.004128620028495789,0.022884111124671855,-0.00021410235546737155,350.59704063659046
15-30,0.4258727308898127,18.235650246706797,231.4994883179665,0.0,16.08333396911621,16.08333396911621,3,0.9937140941619873,0.4679345488548279,0.7589415729920367,0.55,0.20000000000000018,0.26,0.7456250000000001,OFF,OFF,OFF,-0.025425052811097915,-0.04111543338308921,-0.03181347270730194,-0.05482575297355652,-0.07777867466211319,-0.06896752119064331,0.0156903805719913,0.02295292168855667,0.006388419896204027,0.014141768217086792,3.3015248508610093,1.5625,16.673150246706797,4463.839043003316,0.4231485196688123,4.6875,13.548150246706797,3671.6969188205917,0.42363306746509083,-0.01107923686504364,0.0047666771424568835,0.00048454779627854494,-792.1421241827243
15-30,0.4191193167661605,22.872505328028854,231.89931318163875,0.799649727344513,16.13888931274414,16.27777862548828,3,0.10876871645450592,0.7517321109771729,0.10834180232657341,0.6000000000000001,0.25,0.24,0.791875,ASSIST,OFF,OFF,-0.03344541916913146,-0.04706069277561678,-0.034791113461642806,-0.06703225523233414,-0.09310393780469894,-0.07580193132162094,0.013615273606485317,0.026071682572364807,0.001345694292511343,0.008769676089286804,3.383087521585888,8.574501065605766,14.298004262423088,3888.45551500719,0.4167415966626676,4.6875,18.185005328028854,4876.122713604499,0.4161357940086017,0.00444098562002182,0.022149417580827797,-0.0006058026540659012,987.6671985973089
15-30,0.40925034183976483,16.125765214063534,234.49818165898327,-0.3998111367225648,16.27777862548828,16.08333396911621,3,0.8447154760360718,0.502611517906189,0.6882986197571562,1.0,0.20000000000000018,0.2250000000000001,0.699375,OFF,OFF,OFF,-0.02367831851262965,-0.03980610901651945,-0.030499961727513868,-0.0562296137213707,-0.08120249956846237,-0.07103212177753448,0.0161277905038898,0.024972885847091675,0.006821643214884217,0.014802508056163788,3.5022775990157,1.875,14.250765214063534,3885.3957900384385,0.40686639802383195,4.843749999999998,11.282015214063536,3114.0915625045104,0.4073405796137732,-0.015294626355171204,0.004790998677790096,0.00047418158994122495,-771.304227533928
15-30,0.4480878311325669,22.872505328028854,231.89931318163875,0.799649727344513,16.13888931274414,16.19444465637207,3,1.1486446857452393,0.45076727867126465,0.8173045939172803,1.0,0.25,0.24,0.791875,OFF,OFF,OFF,-0.03020612290940798,-0.045564796485359306,-0.035904505571347306,-0.05444727838039398,-0.07522440701723099,-0.06828116625547409,0.015358673575951325,0.020777128636837006,0.005698382661939325,0.013833887875080109,3.033227531454206,1.09375,21.778755328028854,5798.078765930401,0.4445732577553927,4.6875,18.185005328028854,4876.122713604499,0.4451338032915519,-0.01516404002904892,0.005159682427878051,0.000560545536159196,-921.9560523259015
15-30,0.43713374176135494,18.235650246706797,231.4994883179665,0.0,16.08333396911621,15.916666984558105,3,1.0947484970092773,0.40440040826797485,0.7986047291172946,1.0,0.20000000000000018,0.26,0.7456250000000001,OFF,OFF,OFF,-0.02444711446379554,-0.040680109696408125,-0.032154368467191725,-0.05669400095939636,-0.07740955054759979,-0.07521979510784149,0.016232995232612586,0.02071554958820343,0.007707254003396186,0.01852579414844513,3.1655228073126755,1.25,16.985650246706797,4543.5591486942085,0.43437143167132763,4.6875,13.548150246706797,3671.6969188205917,0.4349027046278055,-0.008888758718967438,0.004950032231065337,0.0005312729564778684,-871.8622298736168
15-30,0.4291417806522667,17.903254183318044,226.30173763632777,0.0,15.722222328186035,15.722222328186035,3,1.0082136392593384,0.44898489117622375,0.7650221529109957,0.5250000000000001,0.20000000000000018,0.20500000000000007,0.7225,OFF,OFF,OFF,-0.02413690388352613,-0.03956853721401484,-0.030859908648365814,-0.05196531116962433,-0.07324162125587463,-0.06551147997379303,0.015431633330488713,0.021276310086250305,0.006723004764839686,0.013546168804168701,3.2620437196174112,1.40625,16.497004183318044,4327.939149649265,0.4265036963944532,4.999999999999998,12.903254183318046,3434.769088779006,0.42704929837247146,-0.011917799711227417,0.005185073368715966,0.0005456019780182841,-893.1700608702595
15-30,0.4228454314749153,17.903254183318044,226.30173763632777,0.0,15.722222328186035,15.63888931274414,3,0.9399008750915527,0.49118199944496155,0.7351767068320637,0.5250000000000001,0.20000000000000018,0.20500000000000007,0.7225,OFF,OFF,OFF,-0.024660120925985737,-0.03980060687952501,-0.030678184703874564,-0.05358978360891342,-0.07534298300743103,-0.06576782464981079,0.015140485953539274,0.02175319939851761,0.006018063777888827,0.01217804104089737,3.338086302719579,1.71875,16.184504183318044,4249.697562296481,0.42024955661057306,4.999999999999998,12.903254183318046,3434.769088779006,0.42074842213488584,-0.012710027396678925,0.005012927956826004,0.0004988655243127749,-814.9284735174751
15-30,0.41440506087845375,29.49389950915303,227.30129979550844,1.9991243183612828,15.86111068725586,15.722222328186035,3,-0.9704575538635254,0.6044872999191284,-0.7489052864332578,-0.8,-1.0,0.345,0.86125,LPS,LPS,OFF,-0.04427813420646964,-0.05418501320853394,-0.03818876838457169,-0.08156492561101913,-0.09872552007436752,-0.07823392748832703,0.0099068790020643,0.01716059446334839,-0.006089365821897945,-0.003330998122692108,3.440022768505694,45.61020888379737,-16.116309374644338,-3116.9136320128114,0.4163056966929192,4.0625,25.43139950915303,6666.093797852192,0.4103150287871159,-0.02180391550064087,-0.0050680631524106096,-0.005990667905803326,9783.007429865003
15-30,0.4030460312474604,19.995851791523638,222.9032125681639,0.3998248636722565,15.5,14.972222328186035,3,-0.10649383068084717,0.8346081376075745,-0.10609306868408128,1.0,0.2250000000000001,0.26,0.7687499999999999,ASSIST,OFF,OFF,-0.029334846981454124,-0.04238522697440979,-0.0309121093874459,-0.0518663227558136,-0.07460182905197144,-0.054812952876091,0.013050379992955663,0.022735506296157837,0.0015772624059917743,0.002946630120277405,3.5772086091166084,13.997511074914181,5.998340716609457,1668.6380803102545,0.40202146227897956,4.687499999999998,15.30835179152364,3985.7044102333166,0.4005951322075379,0.001787528395652771,0.014775122590191626,-0.0014263300714416616,2317.066329923062
15-30,0.4096114150690796,18.049716687578663,167.5796171411872,15.564682013789813,4.69444465637207,5.333333492279053,1,-1.4565027952194214,0.781095027923584,-0.8969712355003221,0.5750000000000002,-1.0,0.7350000000000001,0.9075000000000001,LPS,OFF,OFF,-0.038082156529466935,-0.0317613737549633,-0.024300189396432376,-0.06942276656627655,-0.07377205789089203,-0.0847741961479187,-0.006320782774503632,0.0043492913246154785,-0.013781967133034558,0.015351429581642151,3.4979168273569585,31.2002245599574,-13.15050787237874,-1616.7496126261838,0.410599827736185,1.71875,16.330966687578663,3534.2557049169422,0.40744367279090254,0.005363546311855316,5.868203962231325e-05,-0.00315615494528243,5151.005317543126
15-30,0.3980507610114394,28.869518149005565,229.38611459732056,7.920381991068522,10.63888931274414,10.94444465637207,2,-1.293581485748291,0.8731251358985901,-0.8600616537297652,-1.0,-1.0,0.4650000000000001,0.884375,LPS,LPS,OFF,-0.05338166067225908,-0.06104989076195118,-0.03987740117120309,-0.11947539448738098,-0.13362470269203186,-0.11328981071710587,0.007668230089692099,0.014149308204650879,-0.013504259501055986,-0.006185583770275116,3.6375377365745933,48.150232055662855,-19.280713906657287,-3683.30100562824,0.400308585884725,3.28125,25.588268149005565,6917.322925732872,0.39378173843964664,-0.0156499445438385,-0.016183404238799222,-0.006526847445078365,10600.623931361111
15-30,0.38222600967005294,21.548720169571748,165.3282125681639,1.1994745910167695,11.527777671813965,11.61111068725586,3,-0.7484617233276367,0.7884484529495239,-0.6342303415651567,0.55,-1.0,0.28,0.791875,LPS,OFF,OFF,-0.09986374957487289,-0.10475803616923364,-0.09269253440180457,-0.08259440958499908,-0.09275642037391663,-0.09929139912128448,0.004894286594360753,0.010162010788917542,-0.007171215173068318,0.0166969895362854,3.828657214712353,30.052768665063454,-8.504048495491707,-1128.9710232119232,0.38292297747874104,4.5312499999999964,17.01747016957175,3347.825676039032,0.3801532656036696,0.009841591119766235,-0.004109742493428992,-0.0027697118750714678,4476.7966992509555
15-30,0.39063735599351745,24.364316690653645,255.26058730905257,22.82818484952053,7.138888835906982,7.611111164093018,1,-2.004796266555786,0.5992026329040527,-0.9643648781016877,-1.0,-1.0,1.0,1.0,LPS,LPS,OFF,-0.1618987043226953,-0.1435232375492203,-0.12273038895476765,-0.18101367354393005,-0.18352010846138,-0.1584969460964203,-0.018375466773474985,0.002506434917449951,-0.03916831536792764,-0.022516727447509766,3.727071282327291,44.3343548353144,-19.970038144660755,-3949.5537849020693,0.39306416096070956,0.0,24.364316690653645,7692.373088991164,0.3858753348998026,-0.035501912236213684,-0.017084962453144045,-0.007188826060906983,11641.926873893233
15-30,0.3706318653774776,25.200916214878735,184.91018053690593,6.701847203572592,8.583333015441895,9.027777671813965,2,-1.5248674154281616,0.5648229122161865,-0.909542154054848,-0.875,-1.0,0.43999999999999995,0.86125,LPS,LPS,OFF,-0.07052492121951824,-0.07451304017908328,-0.05725017083320309,-0.12178943306207657,-0.12985143065452576,-0.11646915227174759,0.003988118959565037,0.008061997592449188,-0.013274750386315148,-0.0053202807903289795,3.9686825938698584,43.561583742861814,-18.36066752798308,-2790.767833265127,0.3723598327940149,3.4374999999999964,21.76341621487874,4832.597852777873,0.3676247990221697,-0.018434852361679077,-0.016389542073003152,-0.0047350337718451985,7623.365686043
15-30,0.36846000453411626,18.030824287665453,213.85000000000002,3.655541610717773,9.833333015441895,10.0,2,-0.3263731598854065,0.6921415328979492,-0.3152581448470561,-0.625,-1.0,0.33499999999999996,0.7687499999999999,LPS,LPS,OFF,-0.06475817167558667,-0.07513891807182554,-0.06079127255305802,-0.10217548161745071,-0.11975742876529694,-0.10158789157867432,0.010380746396238871,0.017581947147846222,-0.00396689912252865,-0.0005875900387763977,3.994912700240344,18.578188596398153,-0.5473643087326994,-39.966052368793115,0.36848481323866006,4.218749999999998,13.812074287665455,3560.0682584955143,0.3662449230514329,-0.002643018960952759,0.0036587050778316282,-0.002239890187227145,3600.0343108643074
15-30,0.3843968813393187,23.448965217635326,244.3653241492808,21.790544131894904,6.833333492279053,7.833333492279053,1,-1.9202814102172852,0.5876754522323608,-0.9579404863456084,1.0,-1.0,0.915,0.976875,LPS,OFF,OFF,-0.0935073063157199,-0.07849627313817606,-0.058713771531357345,-0.17637772858142853,-0.1811162233352661,-0.1665249913930893,-0.015011033177543848,0.0047384947538375854,-0.03479353478436256,-0.009852737188339233,3.8024390548447133,41.9568984786975,-18.507933261062167,-3464.1514081636465,0.3865306728472565,0.46875,22.980215217635326,6985.299861574374,0.38006512504641576,-0.0012888610363006592,-0.016503240303312523,-0.006465547800840743,10449.45126973802
15-30,0.40083607993232045,19.340586759000043,167.52725618183615,0.7996634542942048,11.666666984558105,11.722222328186035,3,-0.0933929830789566,0.8467503190040588,-0.09312239480172409,0.9500000000000002,-1.0,0.2849999999999999,0.7687499999999999,ASSIST,OFF,OFF,-0.02307774126443279,-0.029885675402885618,-0.021581518847928714,-0.05532082915306091,-0.06479852646589279,-0.06674157828092575,0.006807934138452827,0.009477697312831879,-0.0014962224165040762,0.011420749127864838,3.6038987436373824,13.604352055400025,5.73623470360002,1223.7302680671005,0.40008433036435676,4.53125,14.809336759000043,2961.875037978065,0.39901455409043457,0.003845319151878357,0.008437786538181415,-0.001069776273922185,1738.1447699109644
15-30,0.3937772824647539,17.15204352921149,170.12612465918068,0.3998248636722565,11.833333015441895,11.833333015441895,3,-0.015725508332252502,0.7511921525001526,-0.01572421219835829,1.0,-1.0,0.24,0.7225,ASSIST,OFF,OFF,-0.02796835992985532,-0.03548103000759957,-0.026301559757642902,-0.05377570539712906,-0.06499923765659332,-0.06949169188737869,0.007512670077744251,0.011223532259464264,-0.0016668001722124175,0.015715986490249634,3.6891496053525508,10.468419588145167,6.6836239410663225,1424.0930111063853,0.3929001983855799,4.6875,12.46454352921149,2546.5914047834744,0.39220773552172794,0.001298755407333374,0.011465434047515967,-0.0006924628638519392,1122.498393677089
15-30,0.40415276102152436,28.914261207844863,290.0216938483219,28.016424062351387,8.13888931274414,8.583333015441895,1,-1.4419423341751099,0.45158329606056213,-0.8940880495303424,-1.0,-1.0,-1.0,-0.85,LPS,LPS,LPS,-0.11115516385685999,-0.08404364725848859,-0.06173692177117464,-0.15320953726768494,-0.1500183641910553,-0.12019386142492294,-0.027111516598371396,-0.0031911730766296387,-0.04941824208568535,-0.03301567584276199,3.5638423569527946,49.98036580213183,-21.06610459428697,-4698.664684040847,0.407025136284491,53.491383234512995,-24.577122026668132,-5639.603469799819,0.4075983144337943,0.001538202166557312,0.002551787723704853,0.0005731781493032995,-940.9387857589727
15-30,0.39491392765724737,24.26510792703493,225.42593406041462,6.0925902684529625,10.416666984558105,10.5,2,-0.7358691692352295,0.8366131782531738,-0.6266429222773319,0.7250000000000001,-1.0,0.45999999999999996,0.86125,LPS,OFF,OFF,-0.04726824914258881,-0.056872841421218755,-0.03900365310283193,-0.09507963806390762,-0.11195503175258636,-0.0953383669257164,0.009604592278629948,0.01687539368867874,-0.008264596039756877,0.00025872886180877686,3.675422057201509,33.841159448239786,-9.576051521204855,-1678.7555551360024,0.39594540746026363,3.4374999999999964,20.827607927034933,5541.240114755844,0.3914934530826623,-0.010379821062088013,-0.006151785213458834,-0.004451954377601319,7219.995669891847
15-30,0.4108057612844807,26.98218194694828,182.92057520449166,1.9991243183612828,12.777777671813965,12.777777671813965,3,-0.7855058908462524,0.9423461556434631,-0.655855595827094,0.9000000000000001,-1.0,0.30000000000000004,0.8381249999999999,LPS,OFF,OFF,-0.03329724297007026,-0.03988426286075179,-0.027939561052919674,-0.06308476626873016,-0.07906980812549591,-0.06956063210964203,0.006587019890681535,0.015985041856765747,-0.005357681917150584,0.006475865840911865,3.4834924095270052,38.4496092744013,-11.467427327453017,-1719.935385716492,0.4118567586622447,4.375,22.60718194694828,4863.494930276822,0.40782143714732944,-0.008650682866573334,-0.0029065229825528394,-0.004035321514915258,6583.430315993313
15-30,0.4244870330951287,17.40200663949119,299.879316290468,14.52702348381281,8.222222328186035,8.722222328186035,1,0.29625651240348816,1.3886948823928833,0.2878830846196342,1.0,0.675,0.6799999999999999,0.884375,OFF,OFF,OFF,-0.172111768425888,-0.1547761823187672,-0.13937832125308022,-0.16171105206012726,-0.15929828584194183,-0.1545049548149109,-0.0173355861071208,-0.002412766218185425,-0.03273344717280777,-0.00720609724521637,3.318260269551857,4.375,13.02700663949119,4932.424362401528,0.42147452786715034,2.03125,15.37075663949119,5685.533120167211,0.4210129123464769,0.009341016411781311,0.045931157538123796,-0.0004616155206734196,753.1087577656826
15-30,0.4221645356840627,15.605028996835479,185.91927540898325,0.0,12.916666984558105,12.86111068725586,3,0.8014546632766724,0.5038552284240723,0.6648492219293171,0.925,0.20000000000000018,0.25,0.699375,OFF,OFF,OFF,-0.017648449786735416,-0.0287998482757257,-0.02245626615570252,-0.03406018763780594,-0.04889744892716408,-0.044604361057281494,0.011151398488990282,0.014837261289358139,0.004807816368967103,0.010544173419475555,3.3463096514096535,2.03125,13.573778996835479,2995.2325252590954,0.42033595199606655,4.6875,10.917528996835479,2434.1532021951994,0.4206790140268288,-0.0076019056141376495,0.003340936037111872,0.0003430620307622312,-561.079323063896
15-30,0.41479264069492183,15.172616206464133,177.12308722734454,0.0,12.30555534362793,12.30555534362793,3,0.5807768106460571,0.5921217799186707,0.5232298026030612,0.875,0.20000000000000018,0.21500000000000008,0.6762499999999999,OFF,OFF,OFF,-0.016727413772763745,-0.026968659162077004,-0.02085521781342741,-0.03403753042221069,-0.045315660536289215,-0.04236650466918945,0.010241245389313258,0.011278130114078522,0.004127804040663666,0.00832897424697876,3.435341870167255,2.96875,12.203866206464133,2585.51702699058,0.4132105900721215,4.84375,10.328866206464133,2203.8247216277646,0.4134444686266756,-0.00597647950053215,0.0024506654621739322,0.00023387855455409,-381.6923053628152
15-30,0.41076982933149253,15.172616206464133,177.12308722734454,0.0,12.30555534362793,12.30555534362793,3,0.4960727393627167,0.627879798412323,0.4590229724473299,0.875,0.20000000000000018,0.21500000000000008,0.6762499999999999,OFF,OFF,OFF,-0.016946426112597928,-0.027061491322706355,-0.020780453680534272,-0.03861890733242035,-0.04480499401688576,-0.04385150969028473,0.010115065210108427,0.006186086684465408,0.003834027567936344,0.00523260235786438,3.4839263687062316,3.4374999999999982,11.735116206464134,2490.6231005529553,0.40924382193501113,4.84375,10.328866206464133,2203.8247216277646,0.4094197888344494,-0.0037855729460716248,0.0019686161802382474,0.00017596689943827348,-286.7983789251907
15-30,0.4185087007966381,17.04946541011806,212.3078125,0.0,14.75,15.027777671813965,3,1.0023754835128784,0.42747488617897034,0.7625899945811632,1.0,0.20000000000000018,0.2450000000000001,0.7225,OFF,OFF,OFF,-0.11515710819024541,-0.12892814770958533,-0.1203549970745624,-0.09724444895982742,-0.10629372298717499,-0.1085476279258728,0.013771039519339917,0.009049274027347565,0.005197888884316992,0.01130317896604538,3.390462083303802,1.4062499999999982,15.643215410118062,3877.257985299004,0.416137346079857,4.687499999999998,12.361965410118062,3106.9863958443902,0.41660937271739396,-0.0021434202790260315,0.004693558316871002,0.00047202663753698193,-770.2715894546136
15-30,0.40822333047468023,15.11467465366226,218.5051253408194,-0.3998248636722565,15.166666984558105,15.027777671813965,3,0.7489356994628906,0.5378741025924683,0.6345135765236755,1.0,0.20000000000000018,0.21500000000000008,0.6762499999999999,OFF,OFF,OFF,-0.020685893738496657,-0.035504547869489,-0.02715672992076478,-0.05030497908592224,-0.0697692483663559,-0.059873610734939575,0.014818654130992343,0.019464269280433655,0.006470836182268125,0.009568631649017334,3.514681072024668,2.34375,12.77092465366226,3282.239120996811,0.40620952049323156,4.843749999999998,10.270924653662261,2666.062438324036,0.4065882143055288,-0.013599477708339691,0.004124738838967416,0.000378693812297215,-616.1766826727749
15-30,0.3993008066668233,15.935066965602132,192.31648695468905,0.0,13.36111068725586,13.222222328186035,3,0.16331638395786285,0.7438018321990967,0.16187970512577834,1.0,0.20000000000000018,0.2350000000000001,0.699375,ASSIST,OFF,OFF,-0.022676216349962242,-0.03254167547538156,-0.023135304501303383,-0.048941560089588165,-0.06539343297481537,-0.06059238687157631,0.009865459125419317,0.016451872885227203,0.00045908815134114087,0.011650826781988144,3.622440622683108,6.09350669656021,9.841560269041922,2279.570239417213,0.397898757928288,4.84375,11.091316965602132,2552.002045917093,0.3977309258341084,0.0037294402718544006,0.018008659862290888,-0.00016783209417958744,272.4318064998797
15-30,0.392287553157987,28.431837170976614,200.7509236017863,7.920361073811849,9.333333015441895,9.55555534362793,2,-1.3763068914413452,0.7532821893692017,-0.8801215936867957,-1.0,-1.0,0.4750000000000001,0.884375,LPS,LPS,OFF,-0.05345184405063849,-0.05836952334005782,-0.039589541882947464,-0.1122109591960907,-0.1334209144115448,-0.10922908037900925,0.00491767928941933,0.0212099552154541,-0.013862302167691028,-0.0029818788170814514,3.707141438622701,48.28335205285492,-19.851514881878312,-3293.457118534391,0.3943109121407407,3.28125,25.150587170976614,6025.248693521111,0.3885637465890485,-0.015344657003879547,-0.017050988732583053,-0.0057471655516921905,9318.705812055501
15-30,0.3827097741748556,24.15788245423054,218.72406593958536,6.0925902684529625,10.11111068725586,10.36111068725586,2,-0.9875541925430298,0.7760151028633118,-0.756317492944608,-1.0,-1.0,0.4650000000000001,0.86125,LPS,LPS,OFF,-0.06023085697085154,-0.06850306273816197,-0.049956801296729955,-0.10919750481843948,-0.12826044857501984,-0.10866601020097733,0.008272205767310428,0.019062943756580353,-0.010274055674121582,-0.0005314946174621582,3.8228146698467254,37.35843965243508,-13.200557198204546,-2333.2426286469263,0.38414884430910184,3.2812499999999964,20.876632454230542,5403.111470265331,0.37936064235415856,-0.005594529211521149,-0.010919111208844264,-0.004788201954943283,7736.3540989122575
15-30,0.3805364803146453,21.836101034287235,171.72543784081938,1.1994745910167695,11.972222328186035,12.083333015441895,3,-1.1243886947631836,0.5493330955505371,-0.8090900460954957,1.0,-1.0,0.27500000000000013,0.791875,LPS,OFF,OFF,-0.050047542892555696,-0.055031435751803845,-0.04216548018585166,-0.07677020132541656,-0.08486759662628174,-0.07715073972940445,0.0049838928592481485,0.008097395300865173,-0.007882062706704038,0.0003805384039878845,3.8490620831199496,35.093733805104485,-13.257632770817251,-1890.3331753828259,0.38170358633464646,4.53125,17.304851034287235,3526.054644893176,0.37835185075253897,-0.01685941219329834,-0.0070585244088134935,-0.0033517355821074957,5416.387820276002
15-30,0.3764291864905271,26.825141889854365,179.72196256816392,1.9991243183612828,12.55555534362793,12.86111068725586,3,-1.3578405380249023,0.4578873813152313,-0.8758912633434367,-0.875,-1.0,0.30499999999999994,0.8381249999999999,LPS,LPS,OFF,-0.12033330578039399,-0.12295948695858716,-0.10574531561950126,-0.11127813160419464,-0.11918748915195465,-0.11569581925868988,0.0026261811781931738,0.00790935754776001,-0.014587990160892725,0.004417687654495239,3.8986668974572813,45.554839173663396,-18.729697283809028,-2840.967004254688,0.37818464670926966,4.375,22.450141889854365,4751.79536134954,0.37347855142598557,-0.011512279510498047,-0.015878371693416243,-0.004706095283284084,7592.762365604229
15-30,0.3725296404521682,17.961210993267542,186.9188375681639,0.3998248636722565,13.0,12.972222328186035,3,-0.6217076778411865,0.6803967356681824,-0.5523158936063345,1.0,-1.0,0.27,0.7456250000000001,LPS,OFF,OFF,-0.055539034634578974,-0.06288906087610377,-0.050953216773024765,-0.08641612529754639,-0.09804268181324005,-0.09722776710987091,0.007350026241524796,0.011626556515693665,-0.004585817861554209,0.010811641812324524,3.9457626898490514,23.413721473366618,-5.452510480099076,-805.6776459862207,0.3730288045611751,4.53125,13.429960993267542,2988.649904517781,0.3706734345198764,0.003610260784626007,6.143156968091423e-06,-0.00235537004129871,3794.327550504002
15-30,0.3654457946456799,28.352350780672584,162.72934409081938,2.398962908983231,11.38888931274414,11.5,3,-1.341946005821228,0.35373836755752563,-0.8721388613532047,-0.8,-1.0,-1.0,-0.85,LPS,LPS,LPS,-0.07662271783079834,-0.07721224398934502,-0.05990665954867731,-0.12236344814300537,-0.12206007540225983,-0.11033891141414642,0.0005895261585466827,-0.00030337274074554443,-0.016716058282121027,-0.012024536728858948,4.031316066615462,48.14836712932076,-19.796016348648177,-2702.957646015301,0.367122505718111,52.451848944244276,-24.099498163571695,-3305.3642024719215,0.36749539455444896,-0.007744133472442627,0.0023154011192103724,0.000372888836337959,-602.4065564566204
15-30,0.3772160485170991,22.592529369808634,187.31866243183617,1.1994745910167695,13.05555534362793,13.0,3,-1.0642768144607544,0.6383195519447327,-0.7872952424439036,0.9000000000000001,-1.0,0.25,0.791875,LPS,OFF,OFF,-0.11948780836266598,-0.12482463031223534,-0.10984230300882397,-0.1032685935497284,-0.11224015057086945,-0.1172764003276825,0.005336821949569359,0.008971557021141052,-0.00964550535384201,0.014007806777954102,3.8891637680468647,35.623577559894684,-13.03104819008605,-2033.694253313451,0.37847299642644366,4.6875,17.905029369808634,3952.1420425902015,0.374763911181758,-6.179511547088623e-05,-0.008334499814251412,-0.0037090852446856615,5985.836295903653
15-30,0.3722494137901061,24.509963803531445,179.52205013632778,1.599299454689026,12.527777671813965,12.416666984558105,3,-1.28364896774292,0.4621421992778778,-0.8574540897981721,1.0,-1.0,0.27500000000000013,0.8150000000000001,LPS,OFF,OFF,-0.06551901321426715,-0.06905632113105602,-0.05310428261778444,-0.10281579196453094,-0.11032992601394653,-0.10321977734565735,0.0035373079167888705,0.007514134049415588,-0.01241473059648271,0.0004039853811264038,3.94914705730344,40.87911820088995,-16.3691543973585,-2470.2077274959674,0.373778356581088,4.53125,19.978713803531445,4224.929840475241,0.3696229993350557,-0.01601005345582962,-0.012735118171369873,-0.004155357246032276,6695.137567971208
15-30,0.3655068555949023,15.326972245744209,180.3216998636723,0.0,12.527777671813965,12.38888931274414,3,-0.4492144286632538,0.6669973731040955,-0.4212530506884623,1.0,-1.0,0.20500000000000007,0.6762499999999999,LPS,OFF,OFF,-0.05876623468666237,-0.0665345305399245,-0.05664357827211758,-0.08439943194389343,-0.09834533929824829,-0.09516101330518723,0.007768295853262129,0.013945907354354858,-0.002122656414544795,0.010761581361293793,4.030578618266466,17.653387675901808,-2.3264154301576,-339.28098178540534,0.3657176383794552,4.9999999999999964,10.326972245744212,2241.4256695324552,0.3641119960902871,-0.0028525739908218384,0.004189030622280994,-0.0016056422891680966,2580.7066513178606
15-30,0.3647334264550924,22.869003053405457,232.43240973154707,5.483333333333333,10.722222328186035,10.80555534362793,2,-1.241239070892334,0.6929376721382141,-0.8458086147407757,-0.6499999999999999,-1.0,0.4099999999999999,0.8381249999999999,LPS,LPS,OFF,-0.14520299688802862,-0.15425098246291202,-0.1339645107000814,-0.13348634541034698,-0.14628200232982635,-0.12048010528087616,0.0090479855748834,0.01279565691947937,-0.011238486187947233,-0.013006240129470825,4.039919515345235,38.1422300926441,-15.273227039238643,-2940.2957384527144,0.36655753586825496,3.7499999999999964,19.11900305340546,5241.072079638051,0.3614645534036595,-0.016049332916736603,-0.013213918165684957,-0.005092982464595441,8181.3678180907655
15-30,0.3580694453453281,19.09610742448005,161.92968750000003,0.799649727344513,11.277777671813965,11.30555534362793,3,-0.993243932723999,0.5022768378257751,-0.7587421497828551,0.5,-1.0,0.29499999999999993,0.7687499999999999,LPS,OFF,OFF,-0.07136878090316529,-0.076142041276903,-0.06433382217903459,-0.10347335040569305,-0.1125061959028244,-0.10984756052494049,0.004773260373737709,0.009032845497131348,-0.007034958724130694,0.0063742101192474365,4.120402081203136,29.530766124285222,-10.434658699805171,-1386.84146322483,0.3589326894078492,4.375,14.72110742448005,2851.7230091990104,0.35628944676824736,-0.00490938127040863,-0.005565498757867229,-0.0026432426396018616,4238.564472423841
15-30,0.35276735464982384,16.74809535949606,160.9301253408194,0.3998248636722565,11.19444465637207,11.166666984558105,3,-0.9456403255462646,0.424439013004303,-0.737802961266568,0.55,-1.0,0.2550000000000001,0.7225,LPS,OFF,OFF,-0.07424439030885116,-0.079817727610693,-0.06939373089031736,-0.09508836269378662,-0.10689002275466919,-0.10312541574239731,0.005573337301841841,0.011801660060882568,-0.004850659418533798,0.008037053048610687,4.1844367560554145,25.89973318093498,-9.15163782143892,-1200.6334041095615,0.3535161706419238,4.687500000000002,12.060595359496057,2340.4460045735304,0.35130425503569157,-0.004335559904575348,-0.0025977088663649422,-0.00221191560623224,3541.079408683092
15-30,0.39599001433443065,26.92298486929457,181.72109375000002,1.9991380453109746,12.69444465637207,12.75,3,-1.1521363258361816,0.7190987467765808,-0.818460561000135,0.5750000000000002,-1.0,0.30499999999999994,0.8381249999999999,LPS,OFF,OFF,-0.09871105227737921,-0.1026335026853603,-0.08697831054934843,-0.0788523480296135,-0.09224535524845123,-0.09198209643363953,0.003922450407981087,0.013393007218837738,-0.01173274172803078,0.013129748404026031,3.6624258893794974,44.086387723469855,-17.16340285417529,-2622.9180113232633,0.39760005488689454,4.375,22.54798486929457,4821.443052518536,0.39301634428771237,-0.008096575736999512,-0.011716968795947136,-0.004583710599182167,7444.3610638417995
15-30,0.3894767906327091,15.484629924049514,183.52031250000002,0.0,12.75,12.38888931274414,3,0.030403822660446167,0.7594231367111206,0.030394457768637514,1.0,0.20000000000000018,0.2550000000000001,0.699375,ASSIST,OFF,OFF,-0.0317316136421547,-0.04056249467569447,-0.031528409225494554,-0.051316455006599426,-0.06720559298992157,-0.06697755306959152,0.008830881033539767,0.015889137983322144,-0.00020320441666014932,0.015661098062992096,3.7410877203311133,8.669620473417327,6.815009450632187,1551.4090164028676,0.3885197910832785,4.6875,10.797129924049514,2378.8231638394595,0.38800861380732937,0.005515687167644501,0.013911395087850872,-0.0005111772759491262,827.414147436592
15-30,0.38302893813797434,21.199664585148142,222.98888540267944,4.874076398213704,10.277777671813965,10.19444465637207,2,-0.4501745402812958,0.8023099303245544,-0.4220424670100603,0.7000000000000002,-1.0,0.3700000000000001,0.8150000000000001,LPS,OFF,OFF,-0.05477419828079828,-0.06511188496829975,-0.04871741626584156,-0.09795060008764267,-0.11861227452754974,-0.09863758087158203,0.010337686687501478,0.020661674439907074,-0.00605678201495672,0.0006869807839393616,3.818960046873149,24.41747081682241,-3.2178062316742673,-465.6541693943958,0.3833164511359873,3.90625,17.293414585148142,4585.237112806545,0.38018859249301373,-0.004071854054927826,0.00042714893648816005,-0.0031278586429735467,5050.891282200941
15-30,0.3694607999814074,24.482125413812433,238.2203715324402,6.0925902684529625,11.0,11.083333015441895,2,-1.393914818763733,0.6305322647094727,-0.8840292129842834,-0.6499999999999999,-1.0,0.45500000000000007,0.86125,LPS,LPS,OFF,-0.08069388113808254,-0.08968018030854905,-0.06800846072012011,-0.13221196830272675,-0.1375802904367447,-0.11705221235752106,0.008986299170466505,0.005368322134017944,-0.012685420417962431,-0.015159755945205688,3.982825843424547,41.57589512238504,-17.09376970857261,-3402.74246991383,0.37156771050400217,3.4375,21.044625413812433,5887.519281437483,0.3657932723466309,-0.017852045595645905,-0.016401281913941308,-0.0057744381573712755,9290.261751351314
15-30,0.36353045735441,19.199570399022846,164.32865040898326,0.799649727344513,11.44444465637207,11.38888931274414,3,-0.8501689434051514,0.5971600413322449,-0.691157719447304,0.4500000000000002,-1.0,0.29000000000000004,0.7687499999999999,LPS,OFF,OFF,-0.1079830070400133,-0.11308566160008675,-0.1013634841498944,-0.09822523593902588,-0.10854895412921906,-0.10968728363513947,0.005102654560073444,0.010323718190193176,-0.006619522890118898,0.011462047696113586,4.0544480739164515,28.52507602140537,-9.325505622382524,-1246.4751046368829,0.36430492355689403,4.375,14.824570399022846,2910.9721200461986,0.36171688416737136,0.004188656806945801,-0.0042455541257017115,-0.0025880393895226783,4157.447224683081
15-30,0.39254817035301887,26.4287685130655,171.32560611367228,1.9991380453109746,11.972222328186035,12.25,3,-1.0285990238189697,0.7583715915679932,-0.7733458466063896,0.5,-1.0,0.31499999999999995,0.8381249999999999,LPS,OFF,OFF,-0.10905945974350427,-0.11254357315299561,-0.0978765460899886,-0.0936722606420517,-0.10261828452348709,-0.10748489201068878,0.0034841134094913406,0.008946023881435394,-0.011182913653515675,0.013812631368637085,3.7039938996040025,41.67250463756578,-15.243736124500277,-2174.68280119562,0.39388503204378367,4.21875,22.2100185130655,4496.999542380808,0.3897718634482533,0.0049719735980033875,-0.010482382020133518,-0.004113168595530348,6671.682343576427
15-30,0.3951115035081304,15.145831137286873,1.0376446836569815,2.075289367313963,0.0555555559694767,0.2777777910232544,1,0.614120602607727,0.4804302155971527,0.5470211916132437,0.7750000000000001,-1.0,-1.0,-0.85,OFF,OFF,LPS,-0.017787965476385767,-0.01770818031682763,-0.017614999418554142,-0.0640004351735115,-0.06335379928350449,-0.08185575902462006,-7.978515955813642e-05,-0.000646635890007019,-0.000172966057831625,0.01785532385110855,3.673035884256432,2.8124999999999982,12.333331137286875,19.242020076653613,0.39509966863530666,28.019787603980717,-12.873956466693842,-8.895770140966448,0.39511697478504787,-0.0220232754945755,0.00020403744028751544,1.730614974121414e-05,-28.13779021762006
15-30,0.40290730193572616,21.63103234458734,223.6124296411872,19.715244884292286,6.25,6.472222328186035,1,-2.2253382205963135,0.8953568339347839,-0.976927926989359,-1.0,-1.0,0.8400000000000001,0.95375,LPS,LPS,OFF,-0.13855159005365666,-0.12795310344178895,-0.11513265735964663,-0.1689445674419403,-0.16163599491119385,-0.1531599760055542,-0.010598486611867713,-0.00730857253074646,-0.023418932694010033,-0.01578459143638611,3.578884077696751,39.36075349845446,-17.72972115386712,-3030.467339902787,0.40476261599583047,0.9375,20.69353234458734,5813.154135606903,0.3993283087298639,-0.0278090238571167,-0.005323483354743835,-0.005434307265966554,8843.62147550969
15-30,0.39706192666161216,16.405378390341475,206.23425693511962,3.046305592854818,9.472222328186035,9.527777671813965,2,0.7971007823944092,0.3959265649318695,0.662412825836199,0.7000000000000002,-1.0,0.33000000000000007,0.7456250000000001,OFF,OFF,OFF,-0.027882217439314655,-0.0394829041506944,-0.02858533264657704,-0.07295946776866913,-0.09563662111759186,-0.08528624475002289,0.011600686711379746,0.02267715334892273,0.000703115207262385,0.01232677698135376,3.6494801362260443,2.1875,14.217878390341475,3519.778811643965,0.39489368990145474,4.218749999999998,12.186628390341477,3053.184287161183,0.3951816811524285,-0.01707100123167038,0.0034541652949091305,0.00028799125097378475,-466.59452448278216
15-30,0.3871496512755671,21.199664585148142,222.98888540267944,4.874076398213704,10.277777671813965,10.63888931274414,2,-0.31230688095092773,0.794230580329895,-0.30253429614219557,0.75,-1.0,0.3700000000000001,0.8150000000000001,LPS,OFF,OFF,-0.04994675091054992,-0.06052916124751037,-0.044497291464056524,-0.10153775662183762,-0.1219656765460968,-0.10210616886615753,0.010582410336960453,0.020427919924259186,-0.005449459446493395,0.0005684122443199158,3.7691931641321568,21.19966458514814,3.59704812272724e-15,119.26284541323156,0.3870760912335298,3.90625,17.293414585148142,4585.237112806545,0.3843133835961215,0.0005103498697280884,0.0025863853061970643,-0.0027627076374083237,4465.974267393313
15-30,0.3774155811101015,21.325330322046504,160.13046875000003,1.1994883179664615,11.166666984558105,11.36111068725586,3,-1.1084425449371338,0.48337066173553467,-0.8035111666241163,1.0,-1.0,0.29000000000000004,0.791875,LPS,OFF,OFF,-0.051077139934362276,-0.05552536921251144,-0.04366179374675379,-0.07493607699871063,-0.08169665932655334,-0.07626162469387054,0.004448229278149161,0.006760582327842712,-0.0074153461876084875,0.0013255476951599121,3.886753963038027,34.27285230328903,-12.947521981242522,-1713.4360996468645,0.37847473461142855,4.375,16.950330322046504,3235.933228526962,0.37540889505065117,-0.009592071175575256,-0.006552456954017578,-0.0030658395607773836,4949.369328173827
15-30,0.379893834746658,21.781267360052787,170.52595638632778,1.1994883179664615,11.88888931274414,12.027777671813965,3,-0.912833571434021,0.705295979976654,-0.7224895014575217,0.6500000000000001,-1.0,0.27500000000000013,0.791875,LPS,OFF,OFF,-0.09785864944913325,-0.10279160824551396,-0.09001511443368083,-0.0854441225528717,-0.09686478972434998,-0.09821392595767975,0.0049329587963807126,0.011420667171478271,-0.007843535015452416,0.012769803404808044,3.856823474305924,33.02195712265146,-11.24068976259867,-1576.4648217134695,0.38086756890719503,4.5312499999999964,17.25001736005279,3492.215564264489,0.37772973324814324,-0.0006514936685562134,-0.0058402108771958006,-0.003137835659051791,5068.680385977958
15-30,0.3729966991298647,15.021581459809346,173.9244745910168,0.0,12.083333015441895,12.083333015441895,3,-0.2282152771949768,0.7342041730880737,-0.2243341272006082,0.9500000000000002,-1.0,0.21999999999999997,0.6762499999999999,ASSIST,OFF,OFF,-0.04869598395747602,-0.056505552609006776,-0.047494979737230325,-0.0769934207201004,-0.08945107460021973,-0.08894681930541992,0.007809568651530756,0.012457653880119324,-0.0012010042202456953,0.011953398585319519,3.9401219054338408,13.518344240837942,1.5032372189714032,313.24112741397613,0.3728025190745526,4.84375,10.177831459809346,2135.320169240598,0.37167143577380024,-0.006941504776477814,0.007273813055846345,-0.0011310833007523446,1822.0790418266217
15-30,0.3998212372217312,16.034192942288147,1.5564670602752209,3.1129341205504417,0.0833333358168602,0.6666666865348816,1,0.5978027582168579,0.5060096979141235,0.5354842139652163,0.7250000000000001,-1.0,-1.0,-0.85,OFF,OFF,LPS,-0.013114110349077565,-0.012989648983859998,-0.012841014708706671,-0.052711740136146545,-0.0539097785949707,-0.07513095438480377,-0.00012446136521756732,0.0011980384588241577,-0.00027309564037089444,0.022419214248657227,3.6161552527638468,2.96875,13.065442942288147,30.665605611570918,0.39980240672912787,29.663256943233073,-13.629064000944924,-14.077548321224803,0.3998298814219522,-0.025862112641334534,0.0003209888278658448,2.7474692824325242e-05,-44.74315393279572
15-30,0.4019344778874971,17.1936568562515,226.20654034142694,14.52702348381281,6.25,6.916666507720947,1,-0.7381595373153687,0.8185925483703613,-0.6280319095601155,1.0,0.675,0.6799999999999999,0.884375,LPS,OFF,OFF,-0.053061364534207324,-0.04410320623968725,-0.03381662894449798,-0.0737607553601265,-0.09353619813919067,-0.09143956750631332,-0.008958158294520076,0.01977544277906418,-0.019244735589709343,0.01767881214618683,3.5906331169332253,23.97901072273647,-6.785353866484967,-967.2402601759163,0.402527612741788,2.03125,15.1624068562515,4355.79170248938,0.39925433853341413,0.01664431393146515,0.004881448587022951,-0.0032732742083738664,5323.031962665296
15-30,0.3973291948769594,27.16406938053613,297.28519668405255,25.94110700239738,8.30555534362793,8.80555534362793,1,-1.9414324760437012,0.5745222568511963,-0.9596474372779665,-1.0,-1.0,-1.0,-0.85,LPS,LPS,LPS,-0.19781648370825913,-0.16947317717592578,-0.14266030941852476,-0.20799565315246582,-0.2006993591785431,-0.17719994485378265,-0.028343306532333357,-0.0072962939739227295,-0.05515617428973438,-0.030795708298683167,3.6462522711722416,48.60428128445929,-21.44021190392316,-4988.855266341462,0.40038554946636806,50.25352835399184,-23.08945897345571,-5444.337136209623,0.4006636371655507,0.0022727251052856445,0.0010124154874397162,0.00027808769918263865,-455.4818698681611
15-30,0.402129568777025,16.449618798668016,209.28055206934613,3.0462846755981445,9.61111068725586,9.75,2,0.803634762763977,0.39812353253364563,0.666063901530684,0.8500000000000001,0.30000000000000004,0.33000000000000007,0.7456250000000001,OFF,OFF,OFF,-0.02282044484814678,-0.03616819387977047,-0.02702819340418145,-0.061348289251327515,-0.07183483988046646,-0.06569118797779083,0.013347749031623692,0.010486550629138947,0.0042077485560346704,0.004342898726463318,3.588276955487675,2.0312499999999982,14.418368798668018,3614.6627200657385,0.3999066531036653,4.2187499999999964,12.23086879866802,3106.0362490893126,0.40022006411171057,-0.014465540647506714,0.00326501964146474,0.00031341100804527233,-508.62647097642594
15-30,0.3952263219027463,27.583299005668103,8.301157469255852,16.602314938511704,0.4444444477558136,0.4444444477558136,1,0.12425632029771805,0.28368106484413147,0.12362075450375028,1.0,-1.0,-1.0,-0.85,ASSIST,OFF,LPS,-0.019873284974258297,-0.018665445224076975,-0.01711608466142662,-0.0722845196723938,-0.08176377415657043,-0.07971948385238647,-0.001207839750181322,0.009479254484176636,-0.0027572003128316785,0.007434964179992676,3.671649193800057,8.387494850850214,19.19580415481789,249.6534459060053,0.3950727552000367,51.02910316048599,-23.445804154817885,-125.48541091485428,0.39530349197263126,-0.0001499578356742859,0.0027165393803612985,0.00023073677259455305,-375.1388568208596
15-30,0.39601643318780944,19.881742025260184,58.108102841426934,16.60231382523974,1.7777777910232544,2.222222328186035,1,-1.258360505104065,0.5008665919303894,-0.8506114863681408,1.0,-1.0,-1.0,-0.85,LPS,OFF,LPS,-0.03999500367947665,-0.03463039160330576,-0.027375157712432055,-0.07468254119157791,-0.08366333693265915,-0.07421787828207016,-0.005364612076170887,0.008980795741081238,-0.012619845967044595,-0.00046466290950775146,3.662106822282528,33.15990544927324,-13.278163424013051,-506.5468822889558,0.3963277850551392,36.781222746731345,-16.899480721471157,-672.3673049759851,0.39642966390606926,-0.0013042539358139038,0.0011945296072696891,0.00010187885093004834,-165.8204226870293
15-30,0.3977917588557126,29.730472219039203,119.32913674190641,29.05404696762562,3.5833332538604736,4.472222328186035,1,-1.228388786315918,0.3987553119659424,-0.8421113419707215,-0.925,-1.0,-1.0,-0.85,LPS,LPS,LPS,-0.05952718997562689,-0.05027342062912353,-0.03895280662818125,-0.10414578020572662,-0.08841951191425323,-0.0813831016421318,-0.009253769346503363,-0.01572626829147339,-0.020574383347445643,-0.022762678563594818,3.640665770359844,49.586180451040384,-19.85570823200118,-1654.136658526582,0.3988071206894389,55.001373605222525,-25.270901386183322,-2189.2870791552464,0.39913515733605415,0.0005754232406616211,0.0012936082550742273,0.00032803664661523735,-535.1504206286643
15-30,0.4128377372802644,18.05877117386686,215.67778126398724,3.6555625279744466,9.916666984558105,10.277777671813965,2,0.969412088394165,0.3825325667858124,0.7484458202416695,0.675,0.3250000000000002,0.33000000000000007,0.7687499999999999,OFF,OFF,OFF,-0.025152354754026423,-0.03917733573010176,-0.029669053996014348,-0.07243558764457703,-0.09343892335891724,-0.08323302119970322,0.014024980976075335,0.02100333571434021,0.004516699241987925,0.01079743355512619,3.458951727431926,1.5625,16.49627117386686,4227.032957421884,0.4102468251718941,4.21875,13.840021173866859,3595.165971191066,0.4106350039010576,-0.01650608330965042,0.0039166616965313344,0.00038817872916352414,-631.8669862308179
15-30,0.40307167785774745,21.382077905287417,233.9555520693461,4.874076398213704,10.777777671813965,10.94444465637207,2,0.3139645457267761,0.6473020911216736,0.3040394836026771,0.75,-1.0,0.365,0.8150000000000001,OFF,OFF,OFF,-0.03383690487775966,-0.047928230738841844,-0.034964077723399656,-0.08563368022441864,-0.10287783294916153,-0.08911177515983582,0.014091325861082186,0.01724415272474289,0.0011271728456399982,0.0034780949354171753,3.5768988685925196,4.375,17.007077905287417,4718.440225087892,0.4001688697817252,3.90625,17.475827905287417,4838.598588245308,0.40009471895390963,0.004570275545120239,0.025287035250550878,-7.41508278155889e-05,120.1583631574158
15-30,0.38873222110405414,18.430259659293608,238.2203715324402,3.6555625279744466,10.94444465637207,11.05555534362793,2,0.23905161023139954,0.5648715496063232,0.23459975596078295,0.75,-1.0,0.32000000000000006,0.7687499999999999,OFF,OFF,OFF,-0.04479529793116605,-0.05851155692225311,-0.04371688603536182,-0.08318035304546356,-0.09690816700458527,-0.08820775151252747,0.013716258991087062,0.013727813959121704,-0.0010784118958042307,0.005027398467063904,3.7500800726710617,4.84375,13.586509659293608,3874.2314160168203,0.3863381762300581,4.21875,14.211509659293608,4036.5823619193243,0.3862375917542058,0.0015596374869346619,0.02580340299601821,-0.00010058447585231667,162.350945902504
15-30,0.3841628502885613,21.496426504730298,164.1287311136723,1.1994883179664615,11.44444465637207,11.5,3,-0.782715916633606,0.7929020524024963,-0.6542628090510066,0.6500000000000001,-1.0,0.2849999999999999,0.791875,LPS,OFF,OFF,-0.08931487635486088,-0.0942442906890653,-0.08242446744487242,-0.07485750317573547,-0.08589930832386017,-0.08627641946077347,0.004929414334204421,0.011041805148124695,-0.00689040890998846,0.011418916285037994,3.805265506352473,30.63240776924067,-9.135981264510374,-1211.5763688288598,0.38491027320396715,4.53125,16.965176504730298,3315.055588063691,0.38211182293467943,0.0013001114130020142,-0.00416539699992427,-0.002798450269287711,4526.631956892551
15-30,0.3779158744980338,23.96938806406313,167.9270810455084,1.599313181638718,11.722222328186035,12.083333015441895,3,-1.2036914825439453,0.5125868916511536,-0.8347771234487169,-0.875,-1.0,0.29000000000000004,0.8150000000000001,LPS,LPS,OFF,-0.05572562939755359,-0.05943593157840385,-0.04538054968307745,-0.09339968115091324,-0.10097295045852661,-0.09228479117155075,0.003710302180850257,0.007573269307613373,-0.010345079714476145,-0.0011148899793624878,3.880711794718621,39.249872954903374,-15.280484890840244,-2140.7556670099552,0.3792385810605281,4.375,19.59438806406313,3896.9967067215885,0.3754986301398827,-0.017115525901317596,-0.01024425231935639,-0.003739950920645385,6037.752373731544
15-30,0.4047738289317852,27.148764238568027,293.1346249073744,25.941124814748765,8.19444465637207,8.722222328186035,1,-1.9495809078216553,0.5771159529685974,-0.9602867756224677,-1.0,-1.0,-1.0,-0.85,LPS,LPS,LPS,-0.18917214036415303,-0.16354257495594596,-0.14227803341440373,-0.20049668848514557,-0.19406089186668396,-0.17621704936027527,-0.025629565408207072,-0.006435796618461609,-0.0468941069497493,-0.0242796391248703,3.5563415645335965,48.57689601258065,-21.42813177401262,-4908.801842556744,0.407773631357392,50.22521384135085,-23.076449602782823,-5357.267565403223,0.4080467714052899,0.002344682812690735,0.00091211925019416,0.0002731400478979129,-448.46572284647846
15-30,0.3998789446973254,15.032838296607444,215.67778126398724,2.437048657735189,9.88888931274414,10.0,2,0.9114865064620972,0.3297657370567322,0.7218449654862132,0.7750000000000001,0.30000000000000004,0.33499999999999996,0.7225,OFF,OFF,OFF,-0.023425258207873945,-0.03686800840359055,-0.027194282999018635,-0.06192044913768768,-0.08708091825246811,-0.07660873234272003,0.013442750195716606,0.025160469114780426,0.0037690247911446907,0.014688283205032349,3.6154583051542266,1.71875,13.314088296607444,3440.766701702113,0.3977615558481171,4.218749999999998,10.814088296607446,2836.3412072410024,0.3981341830058276,-0.017611801624298096,0.004193687026493427,0.00037262715771047006,-604.4254944611107
15-30,0.40908118100029345,25.62828557815651,215.98240973154702,6.701847203572592,10.0,10.05555534362793,2,-0.37236514687538147,0.9612897038459778,-0.3560587480200264,0.9000000000000001,-1.0,0.42999999999999994,0.86125,LPS,OFF,OFF,-0.03763605839110376,-0.048528657904933305,-0.0345793700644054,-0.09296425431966782,-0.11477427184581757,-0.09811007976531982,0.010892599513829544,0.02181001752614975,-0.0030566883266983577,0.005145825445652008,3.504320596764206,27.18428863111601,-1.5560030529594997,-182.7912817877338,0.4091930532668805,3.59375,22.03453557815651,5641.870515882972,0.40561544765392205,-4.380941390991211e-05,0.0021620995803819723,-0.0035776056129584455,5824.661797670706
15-30,0.4169531712908512,15.157569174092712,223.59815279642743,2.4370277404785154,10.25,10.13888931274414,2,1.0110586881637573,0.386257529258728,0.7661995458365972,0.8500000000000001,0.30000000000000004,0.32499999999999996,0.7225,OFF,OFF,OFF,-0.10769052408200305,-0.12372738514692709,-0.11566679821697967,-0.08851651847362518,-0.10061894357204437,-0.09802069514989853,0.016036861064924038,0.01210242509841919,0.007976274134976619,0.009504176676273346,3.409248602027567,1.40625,13.751319174092712,3666.576193305126,0.41470976800198,4.21875,10.938819174092712,2965.8843024458597,0.41513929112540515,-0.006796501576900482,0.004266182249626771,0.0004295231234251462,-700.6918908592661
15-30,0.4217356692817654,16.731173786671075,160.53030047714714,0.3998248636722565,11.166666984558105,11.0,3,0.6965266466140747,0.5216582417488098,0.6021584733650119,0.5250000000000001,0.2250000000000001,0.2550000000000001,0.7225,OFF,OFF,OFF,-0.016666955965768945,-0.02549512553567719,-0.01956791479878339,-0.037096958607435226,-0.04818052053451538,-0.04656847566366196,0.008828169569908246,0.011083561927080154,0.0029009588330144442,0.00947151705622673,3.351489178166798,2.5,14.231173786671075,2732.25762551928,0.4200676614942207,4.687500000000002,12.043673786671073,2331.760763207772,0.42031251804222963,-0.0037528276443481445,0.002425340681553024,0.00024485654800893153,-400.4968623115078
15-30,0.407081976728537,16.731173786671075,160.53030047714714,0.3998248636722565,11.166666984558105,11.36111068725586,3,-0.046352535486221313,0.8846187591552734,-0.04631936696175803,0.8500000000000001,0.2250000000000001,0.2550000000000001,0.7225,ASSIST,OFF,OFF,-0.017481105329415738,-0.02584981714826597,-0.019296425328973393,-0.036676615476608276,-0.04341723024845123,-0.041093096137046814,0.008368711818850232,0.0067406147718429565,0.0018153199995576547,0.004416480660438538,3.5284654865552763,10.865586893335536,5.86558689333554,1191.3006345405515,0.40635173878788583,4.687500000000002,12.043673786671073,2331.760763207772,0.40565163064127263,0.00018034875392913818,0.010958919713707082,-0.0007001081466131986,1140.4601286672205
15-30,0.4077930818718914,27.578879733127653,194.51553743183615,1.9991243183612828,13.583333015441895,13.722222328186035,3,-1.0883681774139404,0.718895435333252,-0.796281778110276,1.0,-1.0,0.2849999999999999,0.8381249999999999,LPS,OFF,OFF,-0.03644921029014114,-0.043562430009103745,-0.030280476565894884,-0.0683320015668869,-0.0875081717967987,-0.06998720020055771,0.007113219718962602,0.019176170229911804,-0.006168733724246259,0.0016551986336708069,3.5198772919626995,44.323199571098016,-16.744319837970362,-2747.404722017074,0.40947258248312157,4.53125,23.047629733127653,5246.650627036196,0.404569502773315,-0.01716569811105728,-0.00517523403598015,-0.004903079709806579,7994.05534905327
15-30,0.39674289463266865,18.399712694495932,195.31518715918068,0.3998248636722565,13.583333015441895,13.777777671813965,3,-0.34384503960609436,0.8647822737693787,-0.3309057530557182,1.0,-1.0,0.25,0.7456250000000001,LPS,OFF,OFF,-0.0297017128438157,-0.03874221926601514,-0.027230309884215657,-0.054736845195293427,-0.0748383104801178,-0.06255006790161133,0.009040506422199442,0.02010146528482437,-0.002471402959600043,0.007813222706317902,3.6533331657976027,18.95827540129313,-0.558562706797196,-100.57802027293236,0.396804715946237,4.6875,13.712212694495932,3176.967903158073,0.3947860478971517,-0.007283329963684082,0.004331064455091824,-0.0020186680490852926,3277.5459234310056
15-30,0.39404576109647294,23.161777722523674,198.11397493183617,1.1994745910167695,13.80555534362793,13.86111068725586,3,-0.8420772552490234,0.7800078988075256,-0.6869077467959321,0.5750000000000002,-1.0,0.31499999999999995,0.8150000000000001,LPS,OFF,OFF,-0.04088594104463661,-0.04780271682039544,-0.032797901548327124,-0.07352421432733536,-0.08987990021705627,-0.08881638944149017,0.006916775775758832,0.016355685889720917,-0.008088039496309485,0.015292175114154816,3.685907121797622,33.70865864974428,-10.546880927220602,-1724.7823895896556,0.39510580743719187,4.21875,18.943027722523674,4392.725907480595,0.3913354227535017,0.00033724308013916016,-0.005762138845324977,-0.0037703846836901755,6117.508297070251
30-35,0.497134546017978,33.07008662945701,207.75740973154706,9.748152796427409,9.69444465637207,10.0,2,1.7043179273605347,0.6168363690376282,0.9359466793855491,1.0,0.5250000000000001,0.635,0.9306249999999999,OFF,OFF,OFF,-0.10361449365549943,-0.11760885759185624,-0.11156408004988295,-0.14469657838344574,-0.1509074568748474,-0.1342700868844986,0.013994363936356807,0.006210878491401672,0.00794958639438352,-0.010426491498947144,2.440878094104375,0.46875,32.60133662945701,8078.255704190372,0.49231189555023763,2.34375,30.72633662945701,7612.859309230323,0.4925910088008779,-0.009295552968978882,0.0021251335042205555,0.0002791132506402838,-465.3963949600493
30-35,0.450074971579938,33.454638784098435,232.1277708053589,9.748152796427409,10.80555534362793,11.0,2,0.47511452436447144,0.8963212370872498,0.44232247847899087,1.0,-1.0,0.6300000000000001,0.9306249999999999,OFF,OFF,OFF,-0.04685708816450889,-0.059583016008232424,-0.04635547636377422,-0.11819209158420563,-0.12026668339967728,-0.1122998595237732,0.012725927843723533,0.002074591815471649,-0.000501611800734672,-0.005892232060432434,3.009228339486194,3.4374999999999964,30.01713878409844,8216.285036203495,0.4450904632935527,2.34375,31.110888784098435,8515.51800582773,0.44490796620119855,0.013398334383964539,0.023880184340662976,-0.00018249709235412803,299.2329696242341
30-35,0.4334057720283769,32.84428006610057,159.9305563181639,3.198612636327744,11.222222328186035,11.44444465637207,3,-0.9512462615966797,0.654106855392456,-0.7403467401242715,-0.775,-1.0,0.3900000000000001,0.884375,LPS,LPS,OFF,-0.03400521412966172,-0.038469363652184424,-0.028273886064249812,-0.05471862480044365,-0.05475291609764099,-0.05098922550678253,0.004464149522522706,3.429129719734192e-05,-0.005731328065411906,-0.0037293992936611176,3.210546429770285,50.79133310221982,-17.947053036119243,-2383.773557862561,0.43485062778343,3.7499999999999964,29.094280066100577,5551.622192153337,0.4300241487377641,-0.004173994064331055,-0.0051422930579873675,-0.004826479045665855,7935.395750015898
30-35,0.43003154257051174,32.980513152983434,163.12916895449163,3.198612636327744,11.44444465637207,11.5,3,-0.6133478879928589,1.034548044204712,-0.5464794692067354,0.4750000000000001,-1.0,0.3900000000000001,0.884375,LPS,OFF,OFF,-0.03520539737354619,-0.03962819048179538,-0.028756534889369963,-0.06480324268341064,-0.07509138435125351,-0.06792327761650085,0.004422793108249189,0.010288141667842865,-0.00644886248417623,0.00312003493309021,3.251297842490287,42.99245464585341,-10.011941492869973,-1301.7830343082912,0.43082201705860346,3.7499999999999964,29.230513152983438,5681.1445255325525,0.4265667290566182,7.502734661102295e-05,-0.003936936805985523,-0.004255288001985269,6982.927559840844
30-35,0.4236281624674592,30.632018953391672,162.12959993183617,2.798774045705796,11.36111068725586,11.61111068725586,3,-1.072751760482788,0.7578466534614563,-0.7904956994945311,-0.825,-1.0,0.32000000000000006,0.86125,LPS,LPS,OFF,-0.03292961185074515,-0.03771019075934746,-0.027085198225647096,-0.05522335320711136,-0.06418431550264359,-0.05555243045091629,0.004780578908602305,0.008960962295532227,-0.005844413625098056,0.00032907724380493164,3.3286330648398783,49.230030460808045,-18.598011507416373,-2516.343325151036,0.42515833108583706,4.21875,26.413268953391672,5090.576342395019,0.4205178356896471,-0.009158559143543243,-0.005136904047286752,-0.0046404953961899365,7606.919667546055
30-35,0.42642839691688367,34.27439301888202,190.31735577285292,3.198612636327744,13.333333015441895,13.44444465637207,3,-0.7215241193771362,0.847786009311676,-0.6178524897843148,1.0,-1.0,0.365,0.884375,LPS,OFF,OFF,-0.11132701713713468,-0.11661727236319086,-0.10275680184235303,-0.09231075644493103,-0.10015255212783813,-0.09640447795391083,0.005290255226056181,0.007841795682907104,-0.00857021529478165,0.004093721508979797,3.2948139333355666,47.80053740669082,-13.526144387808797,-2117.7663783585053,0.42771528413280335,3.9062499999999964,30.368143018882026,6801.164784891828,0.422272425610445,-0.0021512433886528015,-0.006126195567237647,-0.005442858522358374,8918.931163250334
30-35,0.4064962652654366,32.31868008992257,196.91449347734454,2.798787772655488,13.777777671813965,13.583333015441895,3,-1.482243537902832,0.44317328929901123,-0.9018874778103585,-0.725,-1.0,0.40000000000000013,0.884375,LPS,LPS,OFF,-0.044163347492005574,-0.04932266732796168,-0.0336762083500155,-0.0710878074169159,-0.08798837661743164,-0.06838173419237137,0.0051593198359561054,0.016900569200515747,-0.010487139141990072,-0.002706073224544525,3.535539270323006,55.86514701258045,-23.546466922657874,-3953.3946081296685,0.40891223588115383,3.7499999999999964,28.568680089922577,6588.737075808884,0.40244280285399225,-0.015775293111801147,-0.012762482107053327,-0.006469433027161575,10542.131683938553
30-35,0.39957339296433003,34.442255816601126,193.5159684091807,3.198612636327744,13.55555534362793,13.722222328186035,3,-1.5348973274230957,0.4201280176639557,-0.911258932446896,-0.825,-1.0,-1.0,-0.85,LPS,LPS,LPS,-0.05267965814719969,-0.05362399349842825,-0.03382648698545617,-0.09390877187252045,-0.10573798418045044,-0.08598709851503372,0.0009443353512285646,0.011829212307929993,-0.018853171161743516,-0.007921673357486725,3.6191485298215444,59.5358993401248,-25.093643523523674,-4133.20291153259,0.40210496030188975,63.71817326071208,-29.275917444110956,-4824.888568353977,0.4025273270291672,1.8559396266937256e-05,0.0014067904573885452,0.0004223667272774678,-691.6856568213861
30-35,0.3878741456523983,34.57027593355455,195.91493131816392,3.198612636327744,13.722222328186035,13.94444465637207,3,-1.5324876308441162,0.3603390157222748,-0.9108493320270399,-1.0,-1.0,-1.0,-0.85,LPS,LPS,LPS,-0.06745027046478821,-0.06741043925654489,-0.044743190675569276,-0.11107247322797775,-0.11595701426267624,-0.09927290678024292,-3.983120824332942e-05,0.004884541034698486,-0.02270707978921894,-0.011799566447734833,3.7604432644195724,59.75719125657286,-25.18691532301831,-4204.349854071993,0.3904595509047596,63.955010477075916,-29.384734543521365,-4908.273548085925,0.3908910700020572,0.0005895048379898071,0.001976744729454541,0.00043151909729760574,-703.9236940139317
30-35,0.3908910700020572,34.743788440234816,199.11354395449163,3.198612636327744,13.94444465637207,14.222222328186035,3,-1.5686893463134766,0.4037621319293976,-0.9168170331508051,-0.775,-1.0,-1.0,-0.85,LPS,LPS,LPS,-0.12513512609116495,-0.12542603834947158,-0.1027219067447593,-0.11850109696388245,-0.11981813609600067,-0.10422675311565399,0.00029091225830663037,0.001317039132118225,-0.022413219346405652,-0.014274343848228455,3.724007114817655,61.111842167198745,-26.368053726963925,-4480.86412298039,0.3936431710960731,64.2760086144344,-29.532220174199594,-5020.8815868736565,0.39397378966137764,-0.00015226751565933228,0.0018366712108590227,0.00033061856530453015,-540.0174638932667
30-35,0.3975321098685668,30.512199885865325,205.9105940908194,2.398962908983231,14.38888931274414,14.472222328186035,3,-1.3373501300811768,0.5710344314575195,-0.8710343095490742,-0.3999999999999999,-1.0,0.32499999999999996,0.86125,LPS,LPS,OFF,-0.1207360074335165,-0.12462873041683238,-0.10460181080223478,-0.1105770543217659,-0.10932048410177231,-0.10500959306955338,0.0038927229833158744,-0.0012565702199935913,-0.016134196631281725,-0.005567461252212524,3.643801616089852,51.81625373474629,-21.304053848880965,-3753.316417290942,0.3998331615770847,4.2187499999999964,26.29344988586533,6307.936799243373,0.3936399953261052,-0.01115041971206665,-0.017932057244537183,-0.006193166250979487,10061.253216534315
30-35,0.45728671066782517,30.37996013904568,169.3708991540803,-0.666367146703932,21.13888931274414,21.11111068725586,5,0.4865230321884155,0.5751311779022217,0.4514524530241606,1.0,-1.0,0.21500000000000008,0.8381249999999999,OFF,OFF,OFF,-0.02970506471429801,-0.036762214344483075,-0.028686030164081087,-0.06425942480564117,-0.08178636431694031,-0.07362675666809082,0.007057149630185066,0.017526939511299133,-0.0010190345502169226,0.009367331862449646,2.9221303635870086,3.4375,26.94246013904568,5338.73106389977,0.45406162906631914,4.84375,25.53621013904568,5054.1909122329635,0.45423405303540165,-0.010523542761802673,0.0016099656960444214,0.00017242396908251356,-284.5401516668062
30-35,0.447868268414006,30.10186422916902,195.8038642803828,-1.1106322473949857,24.41666603088379,24.41666603088379,5,-0.27988705039024353,0.6621149182319641,-0.27280053990016007,0.75,-1.0,0.21999999999999997,0.8381249999999999,ASSIST,OFF,OFF,-0.034781401552865125,-0.04326684825424146,-0.03293851784358644,-0.07848675549030304,-0.10730130225419998,-0.10548879206180573,0.008485446701376333,0.028814546763896942,-0.0018428837092786879,0.027002036571502686,3.0358792452969454,28.846771017710562,1.2550932114584576,260.56128523191177,0.447710854073184,4.8437499999999964,25.258114229169024,5706.754303185982,0.4444089892156472,0.008694447576999664,0.004384770769058674,-0.003301864857536807,5446.1930179540705
30-35,0.4293395938724652,31.493265643560797,200.02426071961722,-1.1106322473949857,24.94444465637207,24.63888931274414,5,-1.3513201475143433,0.8122861385345459,-0.874364524116016,0.875,-1.0,0.19999999999999996,0.8381249999999999,LPS,OFF,OFF,-0.039844742884030906,-0.04686195390444214,-0.03386098128112749,-0.0768243670463562,-0.10636062920093536,-0.1007644385099411,0.007017211020411231,0.029536262154579163,-0.005983761602903419,0.0239400714635849,3.25965467990377,53.48231361968985,-21.989047976129054,-3817.7706243596635,0.4316547725133417,5.0,26.493265643560797,6107.743035239365,0.4256127198664123,-0.010929405689239502,-0.005398831771969523,-0.006042052646929419,9925.513659599028
30-35,0.4158348235535681,34.81740081441188,184.4754550125864,-0.666367146703932,23.02777862548828,23.05555534362793,5,-1.981541633605957,0.742581307888031,-0.9627000087326872,0.925,-1.0,0.2250000000000001,0.86125,LPS,OFF,OFF,-0.04336899880081672,-0.04679921821440744,-0.0319109130310635,-0.0870189219713211,-0.09880215674638748,-0.09143778681755066,0.0034302194135907224,0.011783234775066376,-0.01145808576975322,0.004418864846229553,3.4227551672376695,63.35523469622448,-28.537833881812595,-4525.607465546739,0.41859068389523707,4.8437499999999964,29.973650814411887,6439.022433074066,0.4118866368361791,-0.022094503045082092,-0.012254713417353805,-0.0067040470590579715,10964.629898620806
30-35,0.4368274956555502,30.626516664522455,207.90971840918067,2.398962908983231,14.527777671813965,15.027777671813965,3,0.13082551956176758,0.7620487809181213,0.13008422077960716,0.875,-1.0,0.32000000000000006,0.86125,ASSIST,OFF,OFF,-0.039476919747952484,-0.048633914755709794,-0.036032427475611944,-0.08316509425640106,-0.1023084819316864,-0.09446189552545547,0.00915699500775731,0.01914338767528534,-0.0034444922723405394,0.011296801269054413,3.1692214180940064,8.843977499678367,21.78253916484409,5286.107282480353,0.4336119155533475,4.21875,26.407766664522455,6391.280875562727,0.43293693851145115,0.00669514387845993,0.018335647460661922,-0.0006749770418963408,1105.1735930823734
30-35,0.40798193156160695,30.248584039341228,9.857624668690066,19.715249337380133,0.5277777910232544,1.5555555820465088,1,-0.2763184905052185,0.4196878969669342,-0.2694943481619545,0.675,-1.0,-1.0,-0.85,ASSIST,OFF,LPS,-0.015437601635511704,-0.014033999699512113,-0.012240953506089072,-0.04851081967353821,-0.06838560104370117,-0.06553322076797485,-0.0014036019359995912,0.019874781370162964,-0.003196648129422632,0.017022401094436646,3.5175965070475823,28.98615483737416,1.2624292019670682,53.916584444890134,0.40794891602488115,55.95988047278127,-25.711296433440044,-162.43672761613567,0.4080813852449694,-0.002870813012123108,0.0014035673020991058,0.00013246922008824935,-216.3533120610258
30-35,0.40859282729138213,34.60285296042938,75.22924147856733,34.24227727428079,2.472222328186035,2.9166667461395264,1,-1.548423409461975,0.4936527907848358,-0.9135249837756896,-1.0,-1.0,-1.0,-0.85,LPS,LPS,LPS,-0.04787696735810053,-0.03655127014891693,-0.021250559647190526,-0.08192577213048935,-0.08404187858104706,-0.07132940739393234,-0.011325697209183597,0.0021161064505577087,-0.026626407710910002,-0.010596364736557007,3.510218566595155,60.86394672504097,-26.261093764611587,-1343.5181919152474,0.40941462620046787,64.01527797679435,-29.412425016364974,-1522.1028618810328,0.4095237576022859,0.002522282302379608,0.00130964748472941,0.00010913140181800784,-178.58466996578545
30-35,0.41024520833402744,33.25402901079806,125.5550077661872,33.20462765047948,3.805555582046509,4.277777671813965,1,-1.1154201030731201,0.395364910364151,-0.8059699772032466,-1.0,-1.0,-1.0,-0.85,LPS,LPS,LPS,-0.059039053779844045,-0.04998255247182758,-0.039236084355831764,-0.08454325050115585,-0.09142470359802246,-0.08530336618423462,-0.009056501308016468,0.006881453096866608,-0.01980296942401228,0.0007601156830787659,3.4902623476478665,53.44397519592545,-20.189946185127393,-1742.2465813437086,0.4113100290518277,61.5199536699764,-28.265924659178346,-2584.62777601053,0.4118240372658201,0.0096520334482193,0.0013666760822163906,0.0005140082139924451,-842.3811946668213
30-35,0.40374479332912905,34.05694402215848,216.3489178992808,34.242268368105094,6.25,7.138888835906982,1,-1.371022343635559,0.4231943190097809,-0.8789249763172782,-1.0,-1.0,-1.0,-0.85,LPS,LPS,LPS,-0.0842968192619403,-0.06694720126984045,-0.04729618368818775,-0.16464820504188538,-0.16874775290489197,-0.15377359092235565,-0.017349617992099844,0.004099547863006592,-0.03700063557375255,-0.010874614119529724,3.5687694847657756,57.835988866201276,-23.779044844042797,-3825.459465791679,0.4060849735879694,63.00534644099319,-28.94840241883471,-4804.838185423205,0.4066822887081421,0.00714033842086792,0.0020813625987420037,0.0005973151201726923,-979.3787196315257
30-35,0.4066822887081421,33.234523183287926,250.0723659085731,33.20462765047948,7.138888835906982,7.916666507720947,1,-1.6628994941711426,0.46747997403144836,-0.9306066815505363,-1.0,-1.0,-1.0,-0.85,LPS,LPS,LPS,-0.16594296655056623,-0.14919569680171782,-0.12859612364417325,-0.19912874698638916,-0.19229504466056824,-0.18352827429771423,-0.01674726974884841,-0.006833702325820923,-0.03734684290639298,-0.015600472688674927,3.5332926186995905,58.45715238489038,-25.222629201602448,-4821.078334655261,0.4096267220110213,61.48386788908266,-28.249344705794737,-5500.334942502002,0.41004014387005217,0.0033311843872070312,0.0013919796677892698,0.00041342185903087136,-679.2566078467416
30-35,0.4165441874935336,34.36212225100076,191.61203819910688,10.357409731547039,8.972222328186035,9.38888931274414,2,-1.3674101829528809,0.7512921690940857,-0.8781006291159245,-1.0,-1.0,0.6200000000000001,0.9306249999999999,LPS,LPS,OFF,-0.10919084636455559,-0.11463343923182553,-0.0993869662788622,-0.11795808374881744,-0.13932585716247559,-0.11688847094774246,0.005442592867269946,0.021367773413658142,-0.009803880085693384,-0.0010696128010749817,3.414188001593721,58.35424689411022,-23.99212464310946,-3787.2902316476466,0.4188509541539022,2.34375,32.01837225100076,7388.685903472456,0.4120120730015438,-0.0057699233293533325,-0.013396191471726729,-0.0068388811523584225,11175.976135120101
30-35,0.4120165234331802,31.46625080785111,201.36019099553428,9.13889586130778,9.38888931274414,9.833333015441895,2,-1.2131365537643433,0.8816121816635132,-0.8376178873498795,-1.0,-1.0,0.5350000000000001,0.9075000000000001,LPS,LPS,OFF,-0.04395543941339049,-0.05105164734608516,-0.03597689788773026,-0.1128244698047638,-0.13159994781017303,-0.11069028824567795,0.007096207932694672,0.01877547800540924,-0.00797854152566023,-0.002134181559085846,3.468869732366624,52.48121116880881,-21.014960360957705,-3493.6618995890176,0.414148131079442,2.96875,28.49750080785111,6855.878859458862,0.40780605777600704,-0.010207638144493103,-0.010377899576531902,-0.0063420733034349475,10349.540759047879
30-35,0.4077970042501705,33.11480902160939,210.8037048657735,9.748131879170735,9.833333015441895,10.277777671813965,2,-1.627290964126587,0.6494081616401672,-0.925674818410933,-1.0,-1.0,0.6300000000000001,0.9306249999999999,LPS,LPS,OFF,-0.04916789780543663,-0.05613668532435133,-0.038662733435897656,-0.12069994956254959,-0.13547323644161224,-0.11510587483644485,0.0069687875189147,0.014773286879062653,-0.010505164369538973,-0.005594074726104736,3.519829920419628,58.246583725509375,-25.131774703899985,-4419.78032229294,0.41049599785100266,2.34375,30.77105902160939,7724.252224734027,0.4030436485229713,-0.008357003331184387,-0.015482047263853327,-0.007452349328031349,12144.032547026967
30-35,0.4030387974387548,33.26453030460797,220.5518472035726,9.748152796427409,10.277777671813965,10.63888931274414,2,-1.7426981925964355,0.6131533980369568,-0.9405387676188957,-1.0,-1.0,0.6300000000000001,0.9306249999999999,LPS,LPS,OFF,-0.054157888825064004,-0.05976774020247969,-0.040575443105947094,-0.12690897285938263,-0.14001749455928802,-0.1193951740860939,0.005609851377415688,0.013108521699905396,-0.01358244571911691,-0.007513798773288727,3.5772959736327983,59.51974886645927,-26.255218561851294,-4859.565070875447,0.4060103667620038,2.34375,30.920780304607973,8082.143097830012,0.3980558221558802,-0.0104605033993721,-0.019147660631961327,-0.007954544606123604,12941.70816870546
30-35,0.3899465620306784,30.496942047914036,158.93099415898328,2.798787772655488,11.13888931274414,11.166666984558105,3,-1.4243738651275635,0.44062674045562744,-0.8905078305197438,-0.95,-1.0,0.32499999999999996,0.86125,LPS,LPS,OFF,-0.049471127960561606,-0.05031723964016236,-0.03451046691175361,-0.0830874890089035,-0.09319399297237396,-0.08212341368198395,0.0008461116796007542,0.010106503963470459,-0.014960661048808,-0.0009640753269195557,3.735414173714989,52.716142682822834,-22.2192006349088,-2962.365457194194,0.3917683640144424,4.21875,26.278192047914036,4970.983347387996,0.38687391366582724,-0.02310359477996826,-0.016441904544567794,-0.004894450348615187,7933.3488045821905
30-35,0.3676331470870715,32.86879661571502,193.13518053690592,9.748152796427409,9.027777671813965,9.38888931274414,2,-1.8431403636932373,0.44232726097106934,-0.9510956839400417,-0.975,-1.0,-1.0,-0.85,LPS,LPS,LPS,-0.09019230047134716,-0.09014441895247863,-0.06621789868551971,-0.15586158633232117,-0.15563106536865234,-0.13868263363838196,-4.788151886853109e-05,-0.00023052096366882324,-0.02397440178582745,-0.01717895269393921,4.004898864342666,58.81166823026152,-25.942871614546497,-4157.036977652314,0.3702074825694309,60.807273739072784,-27.938477123357767,-4486.481490960662,0.37041090867882204,-0.0008191764354705811,0.001168550604354529,0.00020342610939111383,-329.4445133083482
30-35,0.3596664985161741,33.37292590346269,227.2537048657735,9.748131879170735,10.583333015441895,11.222222328186035,2,-1.9041180610656738,0.39862310886383057,-0.9565886202146008,-1.0,-1.0,-1.0,-0.85,LPS,LPS,LPS,-0.11069847277904682,-0.1118925541161287,-0.08201892655635697,-0.18164858222007751,-0.16540637612342834,-0.15113620460033417,0.001194081337081876,-0.01624220609664917,-0.028679546222689853,-0.030512377619743347,4.101114070795536,59.71369956298146,-26.340773659518767,-5037.967340314248,0.36279323032747685,61.73991292140598,-28.366987017943288,-5441.566533243521,0.36304283632746015,0.0009431391954421997,0.001333806117836872,0.00024960599998330446,-403.59919292927316
30-35,0.37039365028179144,33.22714935879455,168.72673077285293,3.198612636327744,11.833333015441895,12.083333015441895,3,-1.5415434837341309,0.3891339600086212,-0.9123793658750627,-0.925,-1.0,-1.0,-0.85,LPS,LPS,LPS,-0.14425943763541982,-0.14270743151687967,-0.12200029849936059,-0.14207108318805695,-0.13664118945598602,-0.12809376418590546,-0.0015520061185401446,-0.005429893732070923,-0.02225913913605923,-0.01397731900215149,3.971559577134234,57.435501034487714,-24.20835167569317,-3439.6661646625125,0.3725226834691646,61.47022631376991,-28.243076954975365,-4013.738078378513,0.3728770960639488,-0.0015989989042282104,0.0017119816560547396,0.0003544125947841925,-574.0719137160004
30-35,0.39581247561772187,32.86872002781519,11.932913896845035,23.86582779369007,0.6388888955116272,1.4722222089767456,1,-0.38741573691368103,0.3797835111618042,-0.36913022126993383,0.625,-1.0,-1.0,-0.85,LPS,OFF,LPS,-0.021088774255151505,-0.018954574978260696,-0.01624195084637698,-0.05467046797275543,-0.07286757230758667,-0.0691426694393158,-0.0021341992768908087,0.018197104334831238,-0.004846823408774525,0.014472201466560364,3.664570068845868,35.86212131606265,-2.993401288247455,-7.481178578779284,0.3958170757510373,60.80713205145811,-27.938412023642915,-211.88491836560812,0.395942745465141,-0.0003715530037879944,0.0014997115781299423,0.00012566971410371552,-204.40373978682882
30-35,0.395942745465141,33.13546293169236,39.4304975614883,31.129339535596475,1.4722222089767456,1.9722222089767456,1,-1.2839641571044922,0.44458919763565063,-0.8575375207174937,0.5750000000000002,-1.0,-1.0,-0.85,LPS,OFF,LPS,-0.04301120943682418,-0.03620655520407355,-0.027241415800968925,-0.06482692807912827,-0.0771973580121994,-0.06913937628269196,-0.0068046542327506315,0.012370429933071136,-0.015769793635855258,0.00431244820356369,3.6629967673311254,55.26521853250118,-22.129755600808824,-552.1923957623885,0.3962821523744599,61.30060642363087,-28.165143491938505,-723.400045828383,0.39638733730350406,-0.002560727298259735,0.0011743663895769363,0.00010518492904415533,-171.20765006599447
30-35,0.400120340054041,34.92557660399603,171.21136855905254,35.279909085730715,5.05555534362793,6.027777671813965,1,-1.5817259550094604,0.4791952073574066,-0.9188710092796003,-1.0,-1.0,-1.0,-0.85,LPS,LPS,LPS,-0.12312364449623692,-0.10756795904188436,-0.08911670876800414,-0.15554964542388916,-0.15301191806793213,-0.14096024632453918,-0.015555685454352555,-0.0025377273559570312,-0.03400693572823278,-0.014589399099349976,3.612542913082333,61.43159456238587,-26.506017958389844,-3359.7971271516717,0.4021788176522159,64.61231671739264,-29.686740113396624,-3824.358045540894,0.40246275788302405,0.004003629088401794,0.0011613489538399024,0.0002839402308081329,-464.5609183892225
30-35,0.401834243107331,30.592547308577526,258.89234763309366,30.091705497602625,7.333333492279053,7.472222328186035,1,-1.6394262313842773,0.4883664846420288,-0.9273923147774277,-1.0,-1.0,-1.0,-0.85,LPS,LPS,LPS,-0.10134333887344274,-0.07744967083858471,-0.056252656880639115,-0.16795110702514648,-0.1722160279750824,-0.14926765859127045,-0.023893668034858026,0.004264920949935913,-0.045090681992803625,-0.018683448433876038,3.5918436774319864,53.81010553383726,-23.217558225259733,-4612.050444761841,0.404656062637037,56.59621252086842,-26.003665212290898,-5262.396184014022,0.4050526519914603,0.004144564270973206,0.0015173964180230093,0.00039658935442327126,-650.3457392521805
30-35,0.4075983144337943,32.74751047325537,183.38703819910685,9.748131879170735,8.583333015441895,8.972222328186035,2,-1.5035431385040283,0.6073464751243591,-0.9057864728137138,-0.975,-1.0,0.5150000000000001,0.9075000000000001,LPS,LPS,OFF,-0.13259154111008503,-0.13745991164857405,-0.12244616351940732,-0.11404350399971008,-0.13358749449253082,-0.11267699301242828,0.004868370538489014,0.01954399049282074,-0.010145377590677712,-0.0013665109872817993,3.5222295470044576,56.606410960912854,-23.858900487657483,-3601.4098239075456,0.4097988384302224,2.9687499999999964,29.77876047325537,6589.859016049447,0.40354570846291327,-0.018179230391979218,-0.01278034415870051,-0.006253129967309146,10191.268839956992
30-35,0.40353063679571777,33.188487343352904,215.6777708053589,9.748152796427409,10.05555534362793,10.05555534362793,2,-1.7690742015838623,0.7149692177772522,-0.9435078667008981,-1.0,-1.0,0.6300000000000001,0.9306249999999999,LPS,LPS,OFF,-0.12944914528105908,-0.13523554752595132,-0.11664340344499916,-0.12811259925365448,-0.14750486612319946,-0.12353074550628662,0.005786402244892241,0.019392266869544983,-0.012805741836059925,-0.004581853747367859,3.571355906758917,59.38368628221359,-26.195198938860685,-4731.680214945335,0.40642375115434143,2.34375,30.844737343352904,7902.935960522591,0.39865954577959006,-0.010196790099143982,-0.01832776694403189,-0.007764205374751365,12634.616175467927
30-35,0.4207560053246413,33.559448279576856,175.9236057728529,3.198612636327744,12.333333015441895,12.472222328186035,3,-0.997654914855957,0.8093141317367554,-0.760607520040165,0.9000000000000001,-1.0,0.3800000000000001,0.884375,LPS,OFF,OFF,-0.09659627721893739,-0.10087423392357625,-0.08756092718758368,-0.07899821549654007,-0.090245820581913,-0.08334581553936005,0.004277956704638861,0.011247605085372925,-0.009035350031353709,0.004347600042819977,3.3633208246929756,51.89728966091707,-18.337841381340212,-2697.5544986168047,0.42239778964569547,3.90625,29.653198279576856,6179.2190830191885,0.4169741798057644,-0.007029719650745392,-0.008431339172471922,-0.005423609839931065,8876.773581635993
30-35,0.4270095119848873,33.693240825381366,178.7223935455084,3.198612636327744,12.527777671813965,12.63888931274414,3,-0.2708790600299835,0.9852039217948914,-0.2644426128168134,0.9500000000000002,-1.0,0.375,0.884375,ASSIST,OFF,OFF,-0.11717820715834587,-0.12199209548066478,-0.1090406349804583,-0.09918653964996338,-0.10806816816329956,-0.10565946251153946,0.00481388832231891,0.008881628513336182,-0.008137572177887575,0.00647292286157608,3.2877956613805197,32.25857878411229,1.434662041269076,383.83459109707974,0.4267759528525906,3.90625,29.786990825381366,6297.719013568465,0.42316317323826347,6.802380084991455e-05,-0.0009393837706461183,-0.003612779614327155,5913.884422471385
30-35,0.40643790339343605,31.397421885471452,178.92230597734454,2.798787772655488,12.527777671813965,12.75,3,-1.4396443367004395,0.43330439925193787,-0.8936261078649924,-0.775,-1.0,0.30499999999999994,0.86125,LPS,LPS,OFF,-0.03920693155217507,-0.04352769151605635,-0.029390680660419395,-0.07192815840244293,-0.07691754400730133,-0.06762288510799408,0.004320759963881281,0.0049893856048583984,-0.009816250891755675,-0.0043052732944488525,3.5362441212416242,54.27268640202922,-22.87526451655777,-3462.933198122694,0.408554840869404,4.375,27.022421885471452,5707.48429140287,0.402928505519259,-0.011822253465652466,-0.010265665991848562,-0.005626335350145006,9170.417489525564
30-35,0.4029244091175931,33.849250053904775,181.92100618183616,3.198612636327744,12.75,13.416666984558105,3,-1.5061166286468506,0.4469139277935028,-0.9062474695804679,-0.29999999999999993,-1.0,0.375,0.884375,LPS,ASSIST,OFF,-0.04502041417737786,-0.04698682791634233,-0.031201202095024597,-0.08721819519996643,-0.10183869302272797,-0.08696623146533966,0.001966413738964473,0.014620497822761536,-0.01381921208235326,-0.00025196373462677,3.5786774699845485,58.510846521749684,-24.661596467844905,-3799.5970858635833,0.4052494599255653,3.90625,29.943000053904775,6434.416852020675,0.3989613668696212,-0.011651501059532166,-0.015163449523222936,-0.006288093055944133,10234.013937884258
30-35,0.4204285861097363,31.192474530699887,217.50555631816388,2.398962908983231,15.19444465637207,15.333333015441895,3,-0.6261317729949951,0.7549073696136475,-0.5553828917273529,1.0,-1.0,0.31000000000000005,0.86125,LPS,OFF,OFF,-0.1196556869276285,-0.12835766868022908,-0.1126524480313791,-0.09813791513442993,-0.1082436740398407,-0.10025682300329208,0.008701981752600577,0.010105758905410767,-0.007003238896249403,0.002118907868862152,3.3672751484061867,40.66161858466235,-9.469144053962467,-1667.9637910570752,0.42144450710270004,4.375,26.817474530699887,6761.176165479195,0.4162885944664851,-0.007568106055259705,-0.0027331655301011393,-0.005155912636214954,8429.13995653627
30-35,0.3651328628973053,33.155619761681535,167.1274313181639,3.198612636327744,11.722222328186035,12.027777671813965,3,-1.34560227394104,0.29600366950035095,-0.8730112903047325,-0.8,-1.0,-1.0,-0.85,LPS,LPS,LPS,-0.08585406082292846,-0.08392532420946427,-0.06294595659522624,-0.1331263929605484,-0.1311914473772049,-0.11585517972707748,-0.0019287366134641826,-0.0019349455833435059,-0.022908104227702217,-0.017271213233470917,4.035095421573519,56.30534713099846,-23.149727369316928,-3253.041611531955,0.367150306086685,61.33789655911084,-28.182276797429303,-3964.379105109455,0.36759032736586483,-0.008102580904960632,0.002581252632446039,0.00044002127917985856,-711.3374935775
30-35,0.369842718914996,31.094862446781892,172.5250875681639,2.798774045705796,12.083333015441895,12.30555534362793,3,-0.8104554414749146,0.22691412270069122,-0.6698414267871378,0.9750000000000001,-1.0,-1.0,-0.85,LPS,OFF,LPS,-0.07813054895325783,-0.07755860392945534,-0.05762028304520975,-0.10556700825691223,-0.10056166350841522,-0.10512055456638336,-0.000571945023802492,-0.005005344748497009,-0.02051026590804808,-0.00044645369052886963,3.9782133129838644,45.25413016808436,-14.15926772130247,-2012.3957372482773,0.37108970739230485,57.5254955265465,-26.430633079764608,-3854.671957650642,0.37222844445117115,0.0025529712438583374,0.006562798729857329,0.0011387370588663015,-1842.2762204023647
30-35,0.37222844445117115,33.54054288677677,175.52378090918066,3.198612636327744,12.30555534362793,12.416666984558105,3,-1.452237606048584,0.34119677543640137,-0.8961344395282452,-0.95,-1.0,-1.0,-0.85,LPS,LPS,LPS,-0.12850416299599143,-0.12702031791218363,-0.10527277371814883,-0.12704449892044067,-0.12889280915260315,-0.11766234040260315,-0.0014838450838078054,0.0018483102321624756,-0.0232313892778426,-0.009382158517837524,3.949400309252093,57.97722413285699,-24.436681246080216,-3622.555867724105,0.37446899041684656,62.05000434053702,-28.509461453760252,-4227.378368964868,0.37484205627921374,-0.0027102530002593994,0.0020946546402170196,0.0003730658623671834,-604.8225012407629
30-35,0.3587817727568688,31.69897439968389,217.20092360178631,9.138874944051107,10.11111068725586,10.472222328186035,2,-1.866971492767334,0.40042898058891296,-0.9533187701812961,-0.95,-1.0,-1.0,-0.85,LPS,LPS,LPS,-0.10558457615210744,-0.10718109477573717,-0.07956626050905093,-0.1669849306344986,-0.15218380093574524,-0.14206883311271667,0.0015965186236297363,-0.014801129698753357,-0.02601831564305651,-0.02491609752178192,4.111799124972106,56.71852205086296,-25.01954765117907,-4555.6769324399565,0.36161093166868796,58.6431026394152,-26.944128239731306,-4921.078896748297,0.3618371298795855,-0.0037305504083633423,0.0013209816995624069,0.00022619821089753245,-365.4019643083402
30-35,0.3577880820959768,32.79408222726821,158.73108172714714,3.198612636327744,11.13888931274414,11.222222328186035,3,-1.1898866891860962,0.25563743710517883,-0.8305437231576137,-0.75,-1.0,-1.0,-0.85,LPS,LPS,LPS,-0.09245576410145209,-0.089947826716473,-0.06976596723908242,-0.13210593163967133,-0.129063218832016,-0.1172993928194046,-0.002507937384979092,-0.0030427128076553345,-0.022689796862369674,-0.014806538820266724,4.123800175506363,53.7003096471517,-20.906227419883486,-2774.9862792565045,0.3595139898506085,60.669052120446196,-27.87496989317798,-3710.7168882474807,0.36009456601743794,-0.01076766848564148,0.0033886648741925512,0.0005805761668294385,-935.7306089909762
30-35,0.3485531393687224,32.81076074246978,159.1309065908194,3.198612636327744,11.166666984558105,11.166666984558105,3,-1.0946533679962158,0.23188979923725128,-0.7985702678706671,-0.75,-1.0,-1.0,-0.85,LPS,LPS,LPS,-0.10474551886879996,-0.10160738581527176,-0.08042235714289614,-0.14873073995113373,-0.14080512523651123,-0.12762102484703064,-0.003138133053528197,-0.007925614714622498,-0.02432316172590382,-0.02110971510410309,4.235332887559097,52.73157976468358,-19.9208190222138,-2645.7793051293224,0.3502041417652036,60.6999073735691,-27.889146631099315,-3722.5919827696152,0.35087445169173165,-0.013878479599952698,0.004318965424919025,0.0006703099265280565,-1076.8126776402928
30-35,0.3491250435368347,32.980513152983434,163.12916895449163,3.198612636327744,11.44444465637207,11.222222328186035,3,-1.4161906242370605,0.3164704144001007,-0.888801537917575,-0.825,-1.0,-1.0,-0.85,LPS,LPS,LPS,-0.1574523795710263,-0.15435972311313872,-0.13245409406475092,-0.164139062166214,-0.15480071306228638,-0.14300215244293213,-0.003092656457887588,-0.009338349103927612,-0.02499828550627539,-0.02113690972328186,4.228425857944763,57.00917273587136,-24.02865958288793,-3292.9415074815024,0.35117860328690265,61.013949333019355,-28.033436180035917,-3842.4552142510383,0.35152043330636845,-0.005117475986480713,0.0023902098918776593,0.00034183001946580527,-549.5137067695359
30-35,0.3743031811254056,30.097946131269975,211.41296180089313,8.529618008931479,9.833333015441895,10.277777671813965,2,-1.8012515306472778,0.5554532408714294,-0.9469354658613477,-0.6499999999999999,-1.0,-1.0,-0.85,LPS,LPS,LPS,-0.14611321306027242,-0.1495728589067583,-0.1261650588146818,-0.14933937788009644,-0.1585310995578766,-0.13295654952526093,0.0034596458464858926,0.009191721677780151,-0.019948154245590627,-0.01638282835483551,3.924343195753195,53.85382504202235,-23.755878910752372,-4201.6779889551535,0.37689908134423494,55.68120034284945,-25.58325421157948,-4539.732284287016,0.37710733176365374,-0.00015366077423095703,0.0012492570812470266,0.0002082504194187984,-338.0542953318627
30-35,0.37710733176365374,33.26453030460797,220.5518472035726,9.748152796427409,10.277777671813965,10.94444465637207,2,-1.9061386585235596,0.48655250668525696,-0.956759914824053,-1.0,-1.0,-1.0,-0.85,LPS,LPS,LPS,-0.14602114280079154,-0.14852383238059272,-0.12172835252341219,-0.15425558388233185,-0.1563798189163208,-0.14090707898139954,0.0025026895798011817,0.0021242350339889526,-0.02429279027737935,-0.013348504900932312,3.8904767674574128,59.51974886645927,-26.255218561851294,-4859.565070875447,0.3801055182565342,61.53938106352475,-28.274850758916777,-5248.2624913697055,0.38034452710221023,0.0012270361185073853,0.0011672866668370335,0.00023900884567601421,-388.69742049425804
30-35,0.36620679022547986,30.248584039341228,9.857624668690066,19.715249337380133,0.5277777910232544,1.7777777910232544,1,-0.27284181118011475,0.3566770851612091,-0.2662671596374832,0.625,-1.0,-1.0,-0.85,ASSIST,OFF,LPS,-0.052174099100920406,-0.05043133076706699,-0.04820515330188921,-0.07804763317108154,-0.08924723416566849,-0.08283266425132751,-0.0017427683338534158,0.011199600994586945,-0.003968945799031197,0.004785031080245972,4.022125332749323,28.98615483737416,1.2624292019670682,53.916584444890134,0.3661732934517609,55.95988047278127,-25.711296433440044,-162.43672761613567,0.36630769314851297,-0.005204334855079651,0.0017603656877275067,0.0001343996967520522,-216.3533120610258
30-35,0.38707870698517843,33.42374271779406,230.3,9.748152796427409,10.722222328186035,11.083333015441895,2,-1.8872082233428955,0.5661587119102478,-0.9551288551657323,-1.0,-1.0,-1.0,-0.85,LPS,LPS,LPS,-0.15111993536982316,-0.15514184969721212,-0.1291110769950814,-0.14728209376335144,-0.1588098108768463,-0.13297393918037415,0.004021914327388965,0.011527717113494873,-0.022008858374741758,-0.014308154582977295,3.7700499760632535,59.80462536291009,-26.380882645116028,-5120.219590125513,0.3902263445043855,61.83392402791901,-28.41018131012495,-5530.344929201459,0.3904775832209732,0.000996232032775879,0.001165376617482991,0.00025123871658772057,-410.1253390759466
30-35,0.39269509987209783,33.654755301219815,177.92274381816392,3.198612636327744,12.472222328186035,12.63888931274414,3,-1.5705831050872803,0.4457441568374634,-0.9171184627001778,-0.975,-1.0,-1.0,-0.85,LPS,LPS,LPS,-0.11329027505541393,-0.11339821468125223,-0.09361418026333279,-0.10120589286088943,-0.10740604996681213,-0.10039333999156952,0.00010793962583829919,0.006200157105922699,-0.019676094792081142,-0.0008125528693199158,3.7022193950697058,59.19631066375271,-25.541555362532897,-3844.8187053796446,0.39505603487402935,62.261297307256655,-28.606542006036843,-4304.310382869696,0.39533741941091477,7.474422454833984e-05,0.0014622327264564583,0.00028138453688542064,-459.4916774900512
30-35,0.3953103503008824,34.66854091404128,43.5810771310702,33.20463210356733,1.6111111640930176,3.0833332538604736,1,-1.1935161352157593,0.42537254095077515,-0.8316661784044174,-0.925,-1.0,-1.0,-0.85,LPS,LPS,LPS,-0.04583492092041422,-0.03792888840721982,-0.02751592003303489,-0.07171756029129028,-0.07801012694835663,-0.07350817322731018,-0.007906032513194397,0.006292566657066345,-0.018319000887379328,0.0017906129360198975,3.6706343618286676,56.7697357467426,-22.101194832701314,-607.2162256886973,0.395683646180386,64.13680069097637,-29.46825977693509,-838.9298949819186,0.39582601981892307,0.0017369836568832397,0.0016131824509237613,0.0001423736385370855,-231.7136692932213
30-35,0.3761749649804829,32.81076074246978,159.1309065908194,3.198612636327744,11.166666984558105,11.13888931274414,3,-1.3992328643798828,0.3446945548057556,-0.8851857172863645,-0.875,-1.0,-1.0,-0.85,LPS,LPS,LPS,-0.0693914611357153,-0.06815459151393641,-0.04976191402651364,-0.10306581854820251,-0.10843002051115036,-0.09839105606079102,-0.0012368696217788938,0.0053642019629478455,-0.01962954710920166,-0.004674762487411499,3.9017371941894625,55.719702618015646,-22.908941875545864,-3054.6983846023672,0.3780623990186454,60.6999073735691,-27.889146631099315,-3722.5919827696152,0.3784740911168991,-0.007070258259773254,0.0020237645666576418,0.000411692098253702,-667.893598167248
30-35,0.37541603831756093,30.632018953391672,162.12959993183617,2.798774045705796,11.36111068725586,11.527777671813965,3,-1.3697301149368286,0.35031193494796753,-0.8786306719668334,-0.85,-1.0,-1.0,-0.85,LPS,LPS,LPS,-0.06772713596071178,-0.06770836052139215,-0.05003950396953519,-0.10093672573566437,-0.10618972033262253,-0.09688031673431396,-1.877543931963488e-05,0.00525299459695816,-0.017687631991176594,-0.004056409001350403,3.9109029412292373,52.0197321869205,-21.387713233528828,-2910.5440038480174,0.3772150417627403,56.66923506377459,-26.03721611038292,-3553.496016177475,0.3776115430251811,-0.008391164243221283,0.002137690477465398,0.0003965012624407849,-642.9520123294578
30-35,0.3775868458144142,30.912689214823153,168.5268183410168,2.798787772655488,11.80555534362793,11.88888931274414,3,-1.4023075103759766,0.3568982183933258,-0.8858494044656081,-0.875,-1.0,-1.0,-0.85,LPS,LPS,LPS,-0.06704865800040213,-0.06728152953681174,-0.0488123568647237,-0.09901578724384308,-0.10729583352804184,-0.09655915200710297,0.00023287153640960678,0.008280046284198761,-0.018236301135678437,-0.0024566352367401123,3.8846855563878657,52.496370434458605,-21.58368121963545,-3061.443428871782,0.3794775148230095,57.188475047422834,-26.27578583259968,-3737.18269941002,0.379893834746658,-0.0076131150126457214,0.002051296369764352,0.00041631992364848935,-675.7392705382381
30-35,0.3999694256703552,34.78415496322926,41.50578790291523,33.20462987702341,1.5555555820465088,2.9166667461395264,1,-1.3316230773925781,0.4515795409679413,-0.8696454631163145,-0.95,-1.0,-1.0,-0.85,LPS,LPS,LPS,-0.04027749404070612,-0.0327979509164079,-0.023155295965490857,-0.07067014276981354,-0.07857955992221832,-0.07211685180664062,-0.007479543124298223,0.007909417152404785,-0.017122198075215266,0.0014467090368270874,3.6143655438227023,59.07094887505541,-24.286793911826145,-643.0298579514284,0.4003640949672512,64.35068668197414,-29.566531718744873,-798.8045109596154,0.4004596555727963,0.002379372715950012,0.0010612209752665358,9.556060554505308e-05,-155.774653008187
30-35,0.39913515733605415,33.176122456948455,150.4584785040468,33.204636556655174,4.472222328186035,4.69444465637207,1,-1.324958086013794,0.40098729729652405,-0.8680116472579582,-1.0,-1.0,-1.0,-0.85,LPS,LPS,LPS,-0.09747726098174608,-0.08420797761099665,-0.06792185720397849,-0.11974606662988663,-0.10618159174919128,-0.09154947847127914,-0.013269283370749438,-0.013564474880695343,-0.029555403777767594,-0.028196588158607483,3.62444121106314,56.340165100996394,-23.16404264404794,-2525.0333373594535,0.40068353274445917,61.37582654535464,-28.199704088406186,-3171.737164164703,0.40107930299423017,0.0037008002400398254,0.0013298198190173915,0.00039577024977099917,-646.7038268052493
30-35,0.3819723174957299,30.632018953391672,162.12959993183617,2.798774045705796,11.36111068725586,11.44444465637207,3,-1.405083417892456,0.3857262432575226,-0.8864455090142402,-0.9,-1.0,-1.0,-0.85,LPS,LPS,LPS,-0.05980684656851416,-0.06021676867985637,-0.04317911958437407,-0.09049278497695923,-0.09907502681016922,-0.08879391849040985,0.00040992211134220635,0.008582241833209991,-0.01662772698414009,-0.0016988664865493774,3.8317211185246958,52.0197321869205,-21.387713233528828,-2910.5440038480174,0.383767243591644,56.66923506377459,-26.03721611038292,-3553.496016177475,0.3841628502885613,-0.007827870547771454,0.001910042302872103,0.00039560669691729444,-642.9520123294578
30-35,0.3821750788460387,33.770833080034734,180.32170672714716,3.198612636327744,12.63888931274414,12.972222328186035,3,-1.5416817665100098,0.3968317210674286,-0.9124025341520812,-0.875,-1.0,-1.0,-0.85,LPS,LPS,LPS,-0.13333732993221992,-0.13262814920628202,-0.11129758033022003,-0.13679228723049164,-0.12844127416610718,-0.12458819150924683,-0.0007091807259378968,-0.00835101306438446,-0.022039749601999892,-0.012204095721244812,3.829272319006679,58.375297181202896,-24.604464101168162,-3754.8806416030075,0.38448929434851614,62.47604119806426,-28.705208118029525,-4382.060679332203,0.3848747586275658,-0.0003441423177719116,0.0017317980057471455,0.0003854642790496743,-627.1800377291956
30-35,0.3917856506838741,33.400874840912294,12.451736482201767,24.903472964403534,0.6666666865348816,2.1388888359069824,1,-0.48614075779914856,0.39554789662361145,-0.45114803719634466,0.6000000000000001,-1.0,-1.0,-0.85,LPS,OFF,LPS,-0.025563273219818605,-0.023242100486530914,-0.020320837838098453,-0.05542729049921036,-0.070761539041996,-0.06021483242511749,-0.002321172733287691,0.015334248542785645,-0.005242435381720152,0.004787541925907135,3.713203040278181,39.48460561550703,-6.083730774594736,-27.145317505321646,0.3918023652149738,61.79161845568774,-28.39074361477545,-224.16341209751496,0.3919236603025188,-0.0021137669682502747,0.00144170775575167,0.00012129508754499252,-197.0180945921933
30-35,0.3960794485203685,30.49021034414839,204.93482547452052,30.091687685251237,5.888888835906982,6.75,1,-2.0979740619659424,0.6380389928817749,-0.9703337481390822,-1.0,-1.0,-1.0,-0.85,LPS,LPS,LPS,-0.1565684316738707,-0.1402805809884036,-0.11963068977822124,-0.1998448520898819,-0.18806104362010956,-0.17370468378067017,-0.016287850685467092,-0.011783808469772339,-0.036937741895649454,-0.02614016830921173,3.661345770357379,55.48129346551288,-24.991083121364483,-3897.971840463196,0.3984701586811607,56.40688913667452,-25.91667879252613,-4063.3435230198065,0.39857132420643027,0.0010327696800231934,0.0005863690007020111,0.00010116552526956424,-165.37168255661072
30-35,0.39857132420643027,32.31431027472659,236.0641627835731,32.16698693285386,6.75,7.5,1,-1.6234240531921387,0.46666693687438965,-0.9251193769763997,-1.0,-1.0,-1.0,-0.85,LPS,LPS,LPS,-0.1563024383567065,-0.13727685992292796,-0.11289612749395189,-0.18962140381336212,-0.1860058605670929,-0.17882409691810608,-0.019025578433778556,-0.003615543246269226,-0.04340631086275462,-0.010797306895256042,3.63125076472789,56.83856360822445,-24.52425333349786,-4403.205983778465,0.4012687352897389,59.78147400824419,-27.467163733517598,-5019.435851761396,0.4016450448875137,0.004123419523239136,0.001426997117155604,0.0003763095977747932,-616.229867982931
30-35,0.4074170209127472,33.01763363966977,204.10184720357262,9.748152796427409,9.527777671813965,9.777777671813965,2,-1.6424684524536133,0.6040888428688049,-0.9278168547467791,-1.0,-1.0,0.635,0.9306249999999999,LPS,LPS,OFF,-0.04766083172581059,-0.05399346868221156,-0.03730385636145859,-0.11488723754882812,-0.1299831122159958,-0.11153041571378708,0.006332636956400968,0.015095874667167664,-0.010356975364352004,-0.003356821835041046,3.524419074181524,58.07565916977629,-25.058025530106523,-4254.766456363347,0.4100158532284928,2.34375,30.673883639669768,7479.428524409957,0.4028144400341433,-0.008282147347927094,-0.015477246520387393,-0.007201413194349526,11734.194980773304
30-35,0.4137655198445225,33.07008662945701,207.75740973154706,9.748152796427409,9.69444465637207,10.0,2,-1.533868670463562,1.4232416152954102,-0.9110843012304305,-1.0,-1.0,0.635,0.9306249999999999,LPS,LPS,OFF,-0.1514048687681906,-0.15856539669188324,-0.14218608081992667,-0.17824967205524445,-0.17902348935604095,-0.1460857391357422,0.00716052792369265,0.0007738173007965088,-0.009218787948263918,-0.03216393291950226,3.4477466654577404,57.1640068880614,-24.093920258604392,-4162.292163143589,0.41630250504884325,2.34375,30.72633662945701,7612.859309230323,0.40909073669437074,-0.033072710037231445,-0.013786830504274483,-0.007211768354472514,11775.151472373913
30-35,0.43225788599516246,33.454638784098435,232.1277708053589,9.748152796427409,10.80555534362793,11.0,2,-0.4962836802005768,1.0451250076293945,-0.45918945148786433,0.9750000000000001,-1.0,0.6300000000000001,0.9306249999999999,LPS,OFF,OFF,-0.13880949342318602,-0.14991754595970774,-0.1342164324930321,-0.12198799848556519,-0.13100853562355042,-0.11704513430595398,0.011108052536521723,0.00902053713798523,-0.004593060930153908,-0.004942864179611206,3.224409736364924,39.54816227691636,-6.093523492817926,-953.3380911267394,0.43283646235174883,2.34375,31.110888784098435,8515.51800582773,0.42705914815209045,7.926672697067261e-05,-0.002272248217461137,-0.005777314199658379,9468.856096954469
30-35,0.4154863014813702,32.84428006610057,159.9305563181639,3.198612636327744,11.222222328186035,11.44444465637207,3,-1.2484872341156006,0.4304317235946655,-0.8478588931802472,-0.725,-1.0,0.3900000000000001,0.884375,LPS,LPS,OFF,-0.036132769729587275,-0.03946550133771654,-0.02760651422605626,-0.060678910464048386,-0.0672408789396286,-0.05441443622112274,0.0033327316081292677,0.0065619684755802155,-0.008526255503531015,-0.006264474242925644,3.4269643554341216,54.77956711024631,-21.93528704414574,-2937.9164630107794,0.41727732667565376,3.7499999999999964,29.094280066100577,5551.622192153337,0.41208374758658756,-0.01249159500002861,-0.009276297724894616,-0.005193579089066203,8489.538655164117
30-35,0.4120911875045824,32.980513152983434,163.12916895449163,3.198612636327744,11.44444465637207,11.5,3,-1.3236241340637207,0.658409595489502,-0.8676823726270034,-0.875,-1.0,0.3900000000000001,0.884375,LPS,LPS,OFF,-0.037380434833511604,-0.04064703783001208,-0.02807275456436322,-0.0721924677491188,-0.08327460289001465,-0.07235683500766754,0.003266602996500473,0.011082135140895844,-0.009307680269148383,0.00016436725854873657,3.467967995710282,56.007978586584365,-23.02746543360093,-3153.04263331843,0.4140153323176305,3.7499999999999964,29.230513152983438,5681.1445255325525,0.4086048745538379,-0.011952422559261322,-0.010345788503904725,-0.005410457763792564,8834.187158850982
30-35,0.4056480871620192,30.632018953391672,162.12959993183617,2.798774045705796,11.36111068725586,11.61111068725586,3,-1.383854866027832,0.48784342408180237,-0.8818115426853033,-0.825,-1.0,0.32000000000000006,0.86125,LPS,LPS,OFF,-0.03491661183869692,-0.03863956628332108,-0.02645653956771881,-0.06395077705383301,-0.07764140516519547,-0.06324045360088348,0.0037229544446241644,0.013690628111362457,-0.008460072270978107,-0.0007103234529495239,3.5457829293225034,52.0197321869205,-21.387713233528828,-2910.5440038480174,0.40742844165022774,4.21875,26.413268953391672,5090.576342395019,0.4025183889591308,-0.019145604223012924,-0.009006017160533435,-0.0049100526910969555,8001.120346243037
30-35,0.4147986445484641,34.27439301888202,190.31735577285292,3.198612636327744,13.333333015441895,13.44444465637207,3,-1.1762996912002563,0.659827709197998,-0.8262812373204665,1.0,-1.0,0.365,0.884375,LPS,OFF,OFF,-0.11302179960198948,-0.1174140996062615,-0.10221367345005802,-0.09581360220909119,-0.10286130011081696,-0.09725743532180786,0.004392300004272015,0.007047697901725769,-0.010808126151931455,0.0014438331127166748,3.4352693601270614,56.12431856841931,-21.84992554953729,-3524.61510025889,0.4169470526652054,3.9062499999999964,30.368143018882026,6801.164784891828,0.41062594796493984,-0.006520882248878479,-0.01129784937579241,-0.006321104700265534,10325.779885150718
30-35,0.3947860478971517,32.31868008992257,196.91449347734454,2.798787772655488,13.777777671813965,13.583333015441895,3,-1.495778203010559,0.3891850709915161,-0.9043824249494662,-0.9,-1.0,-1.0,-0.85,LPS,LPS,LPS,-0.05543260444632426,-0.05740516731545052,-0.03701707914124674,-0.08265163004398346,-0.09799745678901672,-0.07625311613082886,0.001972562869126261,0.015345826745033264,-0.01841552530507752,-0.006398513913154602,3.6769664930341244,55.86514701258045,-23.546466922657874,-3953.3946081296685,0.39721174299424183,59.789558166356755,-27.470878076434186,-4619.989250792627,0.3976195527576385,-0.004193663597106934,0.0020393532352383434,0.0004078097633966604,-666.5946426629584
30-35,0.3947453327798254,34.442255816601126,193.5159684091807,3.198612636327744,13.55555534362793,13.722222328186035,3,-1.540494441986084,0.3975749909877777,-0.9122034160148301,-0.825,-1.0,-1.0,-0.85,LPS,LPS,LPS,-0.05836504633399454,-0.05888426167541441,-0.03744119538919552,-0.10139419138431549,-0.10952425003051758,-0.09047932922840118,0.000519215341419875,0.008130058646202087,-0.020923850944799018,-0.010914862155914307,3.6774582196848535,59.5358993401248,-25.093643523523674,-4133.20291153259,0.3972811003856542,63.71817326071208,-29.275917444110956,-4824.888568353977,0.3977041636177505,0.0002733767032623291,0.001824329597786601,0.00042306323209634344,-691.6856568213861
30-35,0.38302634853733875,34.57027593355455,195.91493131816392,3.198612636327744,13.722222328186035,13.94444465637207,3,-1.5123584270477295,0.344378799200058,-0.9073566870316402,-0.975,-1.0,-1.0,-0.85,LPS,LPS,LPS,-0.07339387920886856,-0.07292308592534709,-0.04961149839162711,-0.11866739392280579,-0.12111867964267731,-0.10598933696746826,-0.0004707932835214673,0.002451285719871521,-0.023782380817241447,-0.012678056955337524,3.8189913221274256,59.75719125657286,-25.18691532301831,-4204.349854071993,0.3856160778526097,63.955010477075916,-29.384734543521365,-4908.273548085925,0.3860483141542036,0.00037457048892974854,0.002129182176093619,0.00043223630159389126,-703.9236940139317
30-35,0.3860483141542036,34.743788440234816,199.11354395449163,3.198612636327744,13.94444465637207,14.222222328186035,3,-1.5602836608886719,0.3795405328273773,-0.9154663989771908,-1.0,-1.0,-1.0,-0.85,LPS,LPS,LPS,-0.13103188291960383,-0.1308829897073668,-0.10752031462320681,-0.12647978961467743,-0.12452975660562515,-0.11083081364631653,-0.0001488932122370168,-0.0019500330090522766,-0.023511568296397015,-0.0156489759683609,3.782494287881144,61.111842167198745,-26.368053726963925,-4480.86412298039,0.3888050069487143,64.2760086144344,-29.532220174199594,-5020.8815868736565,0.38913617361383546,0.0003021657466888428,0.0019330435091193948,0.0003311666651211742,-540.0174638932667
30-35,0.3927004081877099,30.512199885865325,205.9105940908194,2.398962908983231,14.38888931274414,14.472222328186035,3,-1.4288432598114014,0.5101454854011536,-0.8914293028407667,-1.0,-1.0,0.32499999999999996,0.86125,LPS,LPS,OFF,-0.12640324342680595,-0.12990324752296245,-0.10928497660839841,-0.11855313181877136,-0.11424903571605682,-0.11129289865493774,0.0035000040961565004,-0.004304096102714539,-0.017118266818407543,-0.007260233163833618,3.7021552852149804,52.7425169455672,-22.23031705970188,-3919.564430717472,0.39510712287797684,4.2187499999999964,26.29344988586533,6307.936799243373,0.38880173965909187,-0.010008856654167175,-0.019468892031536733,-0.0063053832188849634,10227.501229960844
30-35,0.45383433530808304,30.37996013904568,169.3708991540803,-0.666367146703932,21.13888931274414,21.11111068725586,5,0.299882173538208,0.6394006609916687,0.29120478140059375,1.0,-1.0,0.21500000000000008,0.8381249999999999,OFF,OFF,OFF,-0.030103282977812736,-0.036946239764907955,-0.028554030677889957,-0.06478708982467651,-0.08299283683300018,-0.07408168911933899,0.00684295678709522,0.01820574700832367,-0.0015492522999227785,0.009294599294662476,2.963825563900454,4.375,26.00496013904568,5148.973895773181,0.45072059025938266,4.84375,25.53621013904568,5054.1909122329635,0.45077808752316817,-0.0015031546354293823,0.000525399063435586,5.74972637855109e-05,-94.78298354021717
30-35,0.4470911564307523,30.10186422916902,195.8038642803828,-1.1106322473949857,24.41666603088379,24.41666603088379,5,-0.3243153393268585,0.6797499656677246,-0.31340364585782493,0.75,-1.0,0.21999999999999997,0.8381249999999999,LPS,OFF,OFF,-0.034882197958573107,-0.04331351922619747,-0.03290428053816872,-0.0785130113363266,-0.10758588463068008,-0.10567133128643036,0.008431321267624366,0.029072873294353485,-0.0019779174204043876,0.02715831995010376,3.0452646209966967,31.01567082184022,-0.9138065926711991,-188.87148668470815,0.44720525896483543,4.8437499999999964,25.258114229169024,5706.754303185982,0.44363095859204366,0.008678480982780457,0.003367799087822143,-0.003574300372791772,5895.625789870691
30-35,0.4285575419391001,31.493265643560797,200.02426071961722,-1.1106322473949857,24.94444465637207,24.63888931274414,5,-1.3786903619766235,0.8112918138504028,-0.8806576689661928,0.875,-1.0,0.19999999999999996,0.8381249999999999,LPS,OFF,OFF,-0.03995230663230571,-0.046911875405234005,-0.03382444148230804,-0.07725752890110016,-0.10658958554267883,-0.10087032616138458,0.006959568772928297,0.029332056641578674,-0.00612786514999767,0.023612797260284424,3.2690997166160027,53.48231361968985,-21.989047976129054,-3817.7706243596635,0.4308733359140177,5.0,26.493265643560797,6107.743035239365,0.4248296650372547,-0.011315718293190002,-0.005637846721771193,-0.0060436708767629965,9925.513659599028
30-35,0.4151865865962409,34.81740081441188,184.4754550125864,-0.666367146703932,23.02777862548828,23.05555534362793,5,-1.988912582397461,0.7416555285453796,-0.9632358144734737,0.925,-1.0,0.2250000000000001,0.86125,LPS,OFF,OFF,-0.043460995806904705,-0.04684190033922859,-0.03188037283509214,-0.0873684287071228,-0.09900794923305511,-0.09159176051616669,0.0033809045323238834,0.011639520525932312,-0.011580622971812567,0.004223331809043884,3.430584087030549,63.35523469622448,-28.537833881812595,-4525.607465546739,0.417943056289534,4.8437499999999964,29.973650814411887,6439.022433074066,0.41123751474479087,-0.02216246724128723,-0.012405137350485075,-0.006705541544743121,10964.629898620806
30-35,0.43643738184680525,30.626516664522455,207.90971840918067,2.398962908983231,14.527777671813965,15.027777671813965,3,0.10817554593086243,0.7680140733718872,0.10775555680017557,0.9000000000000001,-1.0,0.32000000000000006,0.86125,ASSIST,OFF,OFF,-0.03953174270241996,-0.04865970536607723,-0.03601442210101766,-0.08328115940093994,-0.10235638916492462,-0.09447938203811646,0.009127962663657271,0.01907522976398468,-0.0035173206014023004,0.011198222637176514,3.173932920090671,10.125303332904487,20.50121333161797,4980.669326953413,0.43340777570428946,4.21875,26.407766664522455,6391.280875562727,0.4325463036893576,0.007506795227527618,0.01742963156460834,-0.0008614720149318633,1410.611548609314
35-50,0.500387326998468,47.05745048616691,74.19159408130994,48.76929630500576,2.6388888359069824,3.8333332538604736,1,-1.1653790473937988,0.3501870036125183,-0.8227851533125458,-0.9,-1.0,-1.0,-0.85,LPS,LPS,LPS,-0.04781962133829381,-0.03643693286234122,-0.021521038176867013,-0.07934325933456421,-0.06408055126667023,-0.04525715857744217,-0.011382688475952592,-0.015262708067893982,-0.026298583161426796,-0.03408610075712204,2.401593445007752,77.0565751710983,-29.999124684931402,-1451.1755434731858,0.5012478094843597,87.05628339940878,-39.99883291324187,-1983.886429611267,0.5015633126612857,-0.0010845549404621124,0.0023992914646337876,0.00031550317692607965,-532.7108861380812
35-50,0.5015633126612857,43.047803404954585,120.88560227143269,44.61872007523974,3.8333332538604736,5.138888835906982,1,-0.8824731111526489,0.39949411153793335,-0.7076561159344141,-0.5249999999999999,-0.3999999999999999,-0.39,-0.10999999999999999,LPS,LPS,LPS,-0.057115618560347095,-0.05164516229775277,-0.048049942911699776,-0.10307542979717255,-0.0883740484714508,-0.08752214908599854,-0.005470456262594327,-0.01470138132572174,-0.009065675648647319,-0.015553280711174011,2.3873907721614867,63.9567364873611,-20.90893308240651,-1627.4441834528766,0.5025278366362839,48.27503667555621,-5.227233270601624,-89.8080427335257,0.5016165869303605,-0.0035335570573806763,0.0008870086441622113,-0.0009112497059233782,1537.6361407193508
35-50,0.5015812395310986,46.47692834852895,167.57961268809936,48.7693007580936,5.138888835906982,6.388888835906982,1,-0.62938392162323,0.34509599208831787,-0.5576278518685017,0.9000000000000001,-0.75,-0.39,-0.10999999999999999,LPS,OFF,LPS,-0.09865589783788478,-0.0905722797468828,-0.08372738892916783,-0.1187870055437088,-0.12027604132890701,-0.12314540147781372,-0.008083618091001984,0.0014890357851982117,-0.014928508908716956,0.004358395934104919,2.38717426487304,60.585995882903816,-14.109067534374862,-1270.1463881546395,0.5023341613479444,52.12055536227889,-5.643627013749939,-124.3073428808931,0.5016549768896792,-0.0007869750261306763,5.845666576070885e-05,-0.0006791844582652029,1145.8390452737463
35-50,0.501601850506086,44.71574144922307,215.3112682754795,46.694010416666664,6.388888835906982,7.55555534362793,1,-0.5907847881317139,0.30581769347190857,-0.5304598007671749,0.55,-1.0,-0.39,-0.10999999999999999,LPS,OFF,LPS,-0.12937945348174373,-0.11960742515380836,-0.11156876342194647,-0.1567085087299347,-0.1659611463546753,-0.16433151066303253,-0.009772028327935375,0.0092526376247406,-0.01781069005979727,0.007623001933097839,2.386925340975373,56.93272080945722,-12.216979360234156,-1328.7104068387118,0.5023894554208453,50.14551005377158,-5.429768604548511,-158.53329473875442,0.5016958876620217,-0.00021070241928100586,8.231170865392878e-05,-0.0006935677588236766,1170.1771120999574
35-50,0.5016302912962358,42.14539345085427,260.44880870953205,43.58107045143843,7.55555534362793,7.722222328186035,1,-0.7665914297103882,0.31913021206855774,-0.64494305467989,0.3250000000000002,-0.875,-0.39,-0.10999999999999999,LPS,OFF,LPS,-0.16183195300759104,-0.14675423374514013,-0.1386641668336462,-0.23390832543373108,-0.1846988946199417,-0.18564373254776,-0.015077719262450912,-0.04920943081378937,-0.023167786173944827,-0.04826459288597107,2.386581854442536,60.05718566746734,-17.911792216613062,-3049.5021543252105,0.5034360575971315,47.26304836988657,-5.1176549190323,-191.49077948915698,0.501743874540558,-0.0010352730751037598,-0.000544626121573244,-0.001692183056573482,2858.0113748360536
35-50,0.48488185445679444,35.547029432615915,162.06296180089316,10.966666666666667,7.638888835906982,8.527777671813965,2,1.3058987855911255,0.8477258682250977,0.8632340052098751,1.0,0.5750000000000002,0.605,0.9306249999999999,OFF,OFF,OFF,-0.031428141225385585,-0.0396124978865002,-0.033490357359309005,-0.08779838681221008,-0.08867871761322021,-0.08413774520158768,0.008184356661114618,0.0008803308010101318,0.0020622161339234196,-0.003660641610622406,2.5888569132616794,0.78125,34.765779432615915,6899.907358571932,0.48074855440133624,2.5,33.047029432615915,6555.413091022119,0.4809557401919672,-0.005856908857822418,0.0015552538518788517,0.00020718579063094822,-344.4942675498123
35-50,0.4733261649822218,46.79124742287271,214.76389586130782,15.231486129760743,10.13888931274414,10.25,2,-0.7000763416290283,0.589430570602417,-0.6044162319357486,-0.575,-1.0,0.825,0.976875,LPS,LPS,OFF,-0.14263325252590792,-0.12828634430794697,-0.1149478229906324,-0.16609549522399902,-0.158352792263031,-0.14286987483501434,-0.014346908217960946,-0.007742702960968018,-0.027685429535275516,-0.02322562038898468,2.7284178639684615,63.836630412633475,-17.045382989760768,-2856.485566913158,0.4750338773462956,1.093749999999993,45.697497422872715,11933.090308867873,0.4661275465618227,-0.01342695951461792,-0.005891813195875825,-0.008906330784472893,14789.57587578103
35-50,0.45747275414154503,46.86678767631691,219.63796180089315,15.231465212504071,10.36111068725586,10.80555534362793,2,-0.8975945711135864,0.5032652616500854,-0.7151246058373864,0.9000000000000001,-1.0,0.825,0.976875,LPS,OFF,OFF,-0.08761906986485529,-0.07103557991279251,-0.05429491509529186,-0.1547006368637085,-0.15258269011974335,-0.1432546228170395,-0.016583489952062783,-0.002117946743965149,-0.033324154769563435,-0.011446014046669006,2.919883470044025,71.05339774498759,-24.18661006867069,-4333.155029386274,0.4600747798964968,1.093749999999993,45.77303767631692,12194.896225747107,0.450074971579938,0.003083959221839905,-0.01210332036687814,-0.009999808316558834,16528.05125513338
35-50,0.42052157017143893,35.38163503127362,165.32820570468905,3.5984375000000006,11.61111068725586,11.61111068725586,3,-1.3196102380752563,0.6025885939598083,-0.8666869679113307,-0.725,-1.0,0.345,0.884375,LPS,LPS,OFF,-0.03984406700811125,-0.0429053727128557,-0.02996598146455139,-0.07082836329936981,-0.08015492558479309,-0.07026104629039764,0.0030613057047444506,0.009326562285423279,-0.009878085543559862,-0.000567317008972168,3.366152156646989,60.085598062037874,-24.703963030764257,-3430.389220073456,0.42260858643075677,4.0625,31.319135031273618,6178.806251990031,0.416739692373845,-0.007649347186088562,-0.010471785203968909,-0.0058688940569117665,9609.195472063488
35-50,0.4125414786902348,37.89229723412279,169.92621909081942,3.998262363672257,11.94444465637207,12.30555534362793,3,-1.4574111700057983,0.4260373115539551,-0.8971486260486491,-0.725,-1.0,-1.0,-0.85,LPS,LPS,LPS,-0.045311072036875524,-0.04707687815577407,-0.03174999360385407,-0.08208158612251282,-0.09407734870910645,-0.08013242483139038,0.0017658061188985455,0.011995762586593628,-0.013561078433021456,-0.0019491612911224365,3.4625297164883615,65.49954236184082,-27.607245127718034,-3942.7592120526233,0.4149459895534481,70.10074988312716,-32.20845264900437,-4592.254728688858,0.41534095147692957,-0.003337666392326355,0.0012641233416661596,0.00039496192348148496,-649.4955166362352
35-50,0.41534095147692957,45.020870577256616,174.52421875000005,5.197736954689026,12.30555534362793,12.777777671813965,3,-1.382604956626892,0.39176687598228455,-0.8815332457416492,-0.75,-1.0,-1.0,-0.85,LPS,LPS,LPS,-0.11189053674262066,-0.11095782020538025,-0.09270456476764102,-0.1067635789513588,-0.11295871436595917,-0.09837303310632706,-0.000932716537240405,0.006195135414600372,-0.019185971974979635,-0.008390545845031738,3.4287197837752523,76.45508556959115,-31.434214992334528,-4598.48178947439,0.41814153301766754,83.28861056792474,-38.267739990668126,-5571.115569732538,0.41873183558307864,0.0002655535936355591,0.0012642947389246983,0.0005903025654110938,-972.6337802581475
35-50,0.4229280820120823,43.291025257902675,186.31909340918065,4.79791209101677,13.11111068725586,13.333333015441895,3,-1.3073005676269531,0.5004173517227173,-0.8635907852329238,1.0,-1.0,-1.0,-0.85,LPS,OFF,LPS,-0.13635345276593358,-0.1373697087446761,-0.11963356507559164,-0.12431645393371582,-0.1269240826368332,-0.1188935711979866,0.0010162559787425252,0.0026076287031173706,-0.01671988769034194,-0.0054228827357292175,3.337088111519579,73.51743753618828,-30.226412278285615,-4754.826159423361,0.4258161271999277,80.08839672711994,-36.797371469217275,-5766.466873430557,0.42642839691688367,-0.0009729787707328796,0.0016419056909424967,0.0006122697169559932,-1011.640714007196
35-50,0.39397378966137764,39.55377156313543,202.71198145449165,3.998262363672257,14.222222328186035,14.38888931274414,3,-1.549119472503662,0.3774639666080475,-0.9136400895806958,-0.8,-1.0,-1.0,-0.85,LPS,LPS,LPS,-0.13238199222731856,-0.13029137513273695,-0.10402491186034876,-0.13499045372009277,-0.12918876111507416,-0.10518781840801239,-0.0020906170945816094,-0.005801692605018616,-0.028357080366969795,-0.029802635312080383,3.686776338812127,69.57225891015786,-30.018487347022425,-5190.845722351311,0.39715714868701013,73.17447739180054,-33.62070582866511,-5804.512464583019,0.3975321098685668,-0.0014441311359405518,0.0019584976526469122,0.0003749611815566656,-613.6667422317078
35-50,0.42778404433349715,37.80222407439187,167.9270810455084,3.998262363672257,11.80555534362793,11.5,3,-0.18554732203483582,0.9518306851387024,-0.18344691305467473,0.8,-1.0,0.43999999999999995,0.9075000000000001,ASSIST,OFF,OFF,-0.11865113008140508,-0.12157069652322687,-0.1081652322672316,-0.1103731244802475,-0.11954444646835327,-0.1174902468919754,0.002919566441821786,0.009171321988105774,-0.010485897814173487,0.007117122411727905,3.278441440573271,29.601668055793898,8.200556018597975,1769.0523740292936,0.42670694903253276,3.4375,34.36472407439187,6901.1967748485895,0.423568649940174,0.0059660375118255615,-0.00048176615837500214,-0.003138299092358743,5132.144400819296
35-50,0.414564766580709,43.409080702771384,189.175,14.012972259521483,8.94444465637207,9.916666984558105,2,-1.2777338027954102,0.3630378842353821,-0.8558799512386065,-0.775,-1.0,-1.0,-0.85,LPS,LPS,LPS,-0.07810219152349682,-0.06060306457098221,-0.04098655626256216,-0.13145071268081665,-0.13682058453559875,-0.11793895810842514,-0.017499126952514606,0.0053698718547821045,-0.03711563526093466,-0.01351175457239151,3.4380939628131317,72.40014531497941,-28.991064612208028,-4487.730033927924,0.4172988102327599,80.30679930012707,-36.89771859735568,-5736.262635214977,0.41805673268959587,-0.007756322622299194,0.002073207925374951,0.0007579224568359799,-1248.5326012870537
35-50,0.4619009269654619,42.92302699234386,169.70408272743225,0.0,21.22222137451172,21.13888931274414,5,-0.06289684772491455,0.2801392674446106,-0.06281403850160806,0.3250000000000002,-1.0,0.20500000000000007,0.884375,ASSIST,OFF,OFF,-0.11092342793014133,-0.11458814752628466,-0.10381029316692679,-0.13336728513240814,-0.13474608957767487,-0.14095598459243774,0.003664719596143326,0.0013788044452667236,-0.00711313476321454,0.007588699460029602,2.8664033198063747,25.857664845789113,17.065362146554744,3417.3877692841766,0.4598421789986304,5.0,37.92302699234386,7632.827191914726,0.45729071923315445,0.004968523979187012,0.006053117624903306,-0.0025514597654759386,4215.43942263055
35-50,0.45424170683800164,38.554796670195365,168.92664930555557,-0.22213255034552679,21.11111068725586,21.0,5,-1.1161515712738037,0.6807185411453247,-0.8062261416626911,0.9000000000000001,-1.0,0.2849999999999999,0.884375,LPS,OFF,OFF,-0.03919145263563659,-0.04350953867891611,-0.03297331412690469,-0.06481808423995972,-0.07449765503406525,-0.06561042368412018,0.0043180860432795246,0.00967957079410553,-0.006218138508731895,0.0007923394441604614,2.9589056360907446,61.9630660770997,-23.40826940690433,-3377.5616829679584,0.45627329238919884,4.53125,34.023546670195365,6781.123593285418,0.45013737547858634,-0.004572734236717224,-0.005242706798914996,-0.006135916910612493,10158.685276253376
35-50,0.44761377605957803,42.425725775354486,167.92708333333334,0.0,21.0,21.0,5,-1.4208358526229858,0.5785442590713501,-0.8897731651859072,-0.6,-1.0,0.21500000000000008,0.884375,LPS,LPS,OFF,-0.04453140794661394,-0.047015127109701224,-0.03455178189686139,-0.06924266368150711,-0.07835658639669418,-0.06914438307285309,0.002483719163087282,0.009113922715187073,-0.009979626049752555,-9.828060865402222e-05,3.038952813084461,73.33589741168419,-30.910171636329697,-4409.939826215401,0.45027059661481117,4.84375,37.581975775354486,7488.201012400042,0.44306920144622663,-0.005188636481761932,-0.009362470018871388,-0.0072013951685845345,11898.140838615443
35-50,0.44307717412613423,42.425725775354486,167.92708333333334,0.0,21.0,21.0,5,-1.5759966373443604,0.683070182800293,-0.9179743811396891,0.9500000000000002,-1.0,0.21500000000000008,0.884375,LPS,OFF,OFF,-0.04528323694710786,-0.047362840684563826,-0.03431099833540229,-0.08250926434993744,-0.09623093903064728,-0.08480940759181976,0.0020796037374559637,0.013721674680709839,-0.01097223861170557,0.0023001432418823242,3.0937424887851455,74.62382122986459,-32.1980954545101,-4587.437959592037,0.44584486726750006,4.84375,37.581975775354486,7488.201012400042,0.43852552872356826,-0.015449672937393188,-0.010709807582570313,-0.007319338543931797,12075.638971992079
35-50,0.4385335139238558,42.425725775354486,167.92708333333334,0.0,21.0,21.0,5,-1.6819875240325928,0.6880313158035278,-0.9331189954251872,1.0,-1.0,0.21500000000000008,0.884375,LPS,OFF,OFF,-0.04603426231245012,-0.04771017843253934,-0.03407047912975613,-0.085169717669487,-0.09743665158748627,-0.08620145916938782,0.0016759161200892159,0.012266933917999268,-0.01196378318269399,0.0010317414999008179,3.1486174089631125,74.62382122986459,-32.1980954545101,-4587.437959592037,0.44130546249956476,4.84375,37.581975775354486,7488.201012400042,0.43397476453890405,-0.018022820353507996,-0.011962341377452498,-0.007330697960660715,12075.638971992079
35-50,0.433982762318895,42.425725775354486,167.92708333333334,0.0,21.0,21.11111068725586,5,-1.7703261375427246,0.6940360069274902,-0.943645158145338,-0.9,-1.0,0.21500000000000008,0.884375,LPS,LPS,OFF,-0.046784471047052724,-0.04805713431686933,-0.0338302284857044,-0.08817403018474579,-0.09944102168083191,-0.08824783563613892,0.0012726632698166068,0.01126699149608612,-0.012954242561348327,7.380545139312744e-05,3.2035779737841255,75.91174504804499,-33.486019272690505,-4764.435700500168,0.43686578753917177,4.84375,37.581975775354486,7488.201012400042,0.4294168754974582,-0.027825042605400085,-0.013186976002625736,-0.007448912041713551,12252.63671290021
35-50,0.4538414612866771,46.91894414759281,196.47024667925308,-0.22213255034552679,24.55555534362793,24.41666603088379,5,-1.4434826374053955,0.575421154499054,-0.8943966192662458,0.75,-1.0,0.30499999999999994,0.9075000000000001,LPS,OFF,OFF,-0.056235066132051405,-0.05882821751246204,-0.04365993177509379,-0.1238686740398407,-0.13239960372447968,-0.12995104491710663,0.0025931513804106354,0.008530929684638977,-0.012575134356957618,0.00608237087726593,2.9637395016754793,81.10274631226757,-34.18380216467476,-5769.448312986177,0.45730718569090684,4.375,42.54394414759281,9840.944115470742,0.44787299046604284,-0.0035662204027175903,-0.012582178165100683,-0.009434195224863995,15610.392428456918
35-50,0.4460486583766793,40.53747843091235,202.24551758832405,-0.6663823988702563,25.25,25.25,5,-1.5461182594299316,0.64896160364151,-0.9131427414964189,0.6000000000000001,-1.0,0.25,0.884375,LPS,OFF,OFF,-0.050317469181915014,-0.05520369392193342,-0.04058430989325933,-0.1042497381567955,-0.1307702660560608,-0.12802642583847046,0.004886224740018402,0.02652052789926529,-0.009733159288655688,0.023776687681674957,3.05785513062025,71.30252902580119,-30.76505059488884,-5386.385422221783,0.44929353164070557,4.6875,35.84997843091235,8423.23095159774,0.4409308863601894,-0.002068735659122467,-0.009889540404527851,-0.008362645280516168,13809.616373819523
35-50,0.4394749334532603,40.31324050076699,201.57913518945378,-0.6663823988702563,25.16666603088379,25.08333396911621,5,-1.666752576828003,0.707165539264679,-0.931121036802827,0.625,-1.0,0.2550000000000001,0.884375,LPS,OFF,OFF,-0.05106854411479418,-0.05533417144726427,-0.03989540622106168,-0.10190166532993317,-0.13060598075389862,-0.1250096559524536,0.004265627332470087,0.028704315423965454,-0.011173137893732504,0.023107990622520447,3.1372476499516124,70.9081105236705,-30.59487002290352,-5338.219240440582,0.4426980298577456,4.6875,35.62574050076699,8343.450849731435,0.4343944320551073,-0.006721518933773041,-0.011799685020700695,-0.008303597802638285,13681.670090172018
35-50,0.434389758731987,40.09004670623566,200.91276041666669,-0.666367146703932,25.08333396911621,24.94444465637207,5,-1.8022561073303223,0.710199236869812,-0.9470391532472144,0.6000000000000001,-1.0,0.26,0.884375,LPS,OFF,OFF,-0.05152588312338278,-0.05532958582402502,-0.03930889027152694,-0.09192606806755066,-0.11470994353294373,-0.10718660056591034,0.0038037027006422447,0.022783875465393066,-0.012216992851855839,0.01526053249835968,3.19866257635411,71.73254785651451,-31.64250115027886,-5494.814647431817,0.4377127959521385,4.6875,35.40254670623566,8264.247585834708,0.42934892510034117,-0.009267039597034454,-0.01325934257322249,-0.00836387085179735,13759.062233266526
35-50,0.4215660931197622,37.61019240497065,193.36048248741363,-0.666367146703932,24.13888931274414,24.0,5,-1.868086338043213,0.6358939409255981,-0.9534203175106657,-0.775,-1.0,0.30499999999999994,0.884375,LPS,LPS,OFF,-0.04841776415062509,-0.051620555595744314,-0.03562635449760862,-0.09096743166446686,-0.09118660539388657,-0.08109955489635468,0.0032027914451192227,0.00021917372941970825,-0.012791409653016471,-0.009867876768112183,3.3535371918693517,67.29537998175105,-29.685187576780404,-4951.749234326881,0.42457477426226287,4.375,33.23519240497065,7476.4491649517,0.4169878476944299,-0.022363945841789246,-0.01473879618002404,-0.007586926567832941,12428.198399278583
35-50,0.413667853203234,45.41113182771984,191.80560039149393,-0.22213255034552679,23.97222137451172,24.08333396911621,5,-1.9122519493103027,0.5936383008956909,-0.9572741490653572,-0.85,-1.0,-1.0,-0.85,LPS,LPS,LPS,-0.061079268433325964,-0.059724938217443686,-0.03909255023040243,-0.1821647733449936,-0.1151927262544632,-0.10158538818359375,-0.0013543302158822781,-0.0669720470905304,-0.021986718202923534,-0.08057938516139984,3.4489262099012414,81.25348944888444,-35.84235762116459,-5881.321323469203,0.4172488951051992,84.01059388128171,-38.599462053561865,-6312.52428774458,0.41751041676231976,-0.001202419400215149,0.0006161898249495631,0.00026152165712056696,-431.20296427537687
35-50,0.42444306547162347,39.34311422424966,185.69714590907097,-0.44424984852472943,23.19444465637207,23.11111068725586,5,-1.8235607147216797,0.6170486211776733,-0.9491922498254856,-0.85,-1.0,0.27,0.884375,LPS,LPS,OFF,-0.04864673821994492,-0.05092538580743263,-0.03521871354646169,-0.08302880823612213,-0.08888504654169083,-0.0780554860830307,0.002278647587487713,0.005856238305568695,-0.013428024673483231,-0.004973322153091431,3.3187912775328354,70.396072236961,-31.05295801271134,-4947.509642495405,0.4274462393444881,4.53125,34.81186422424966,7566.74502267235,0.4198138635836668,-0.025761187076568604,-0.014746492577714838,-0.007632375760821319,12514.254665167755
35-50,0.4198181940898205,35.02189230350887,185.1418297853735,-0.6663823988702563,23.11111068725586,23.02777862548828,5,-1.9292991161346436,0.7575483918190002,-0.9586767148385118,0.875,-1.0,0.2250000000000001,0.86125,LPS,OFF,OFF,-0.043226471306897864,-0.046908029927859606,-0.032352627806366524,-0.08427148312330246,-0.10432422161102295,-0.09429997205734253,0.003681558620961742,0.02005273848772049,-0.01087384350053134,0.01002848893404007,3.374647005428715,62.664171585921224,-27.642279282412357,-4402.97128516161,0.4224959421756711,4.84375,30.17814230350887,6505.077969784705,0.4158348235535681,-0.024013347923755646,-0.011553167654513297,-0.006661118622103002,10908.049254946314
35-50,0.4457288523295333,39.71897885580228,199.80213579535484,-0.6663823988702563,24.94444465637207,24.66666603088379,5,-1.3917958736419678,0.6724337935447693,-0.8835653715058496,0.6500000000000001,-1.0,0.2650000000000001,0.884375,LPS,OFF,OFF,-0.04870297758077573,-0.05365943654174395,-0.039532519420667094,-0.09410318732261658,-0.12372901290655136,-0.11633752286434174,0.0049564589609682255,0.029625825583934784,-0.009170458160108634,0.02223433554172516,3.061717508203144,67.45133730690708,-27.7323584511048,-4797.764143791541,0.4486204772092283,4.53125,35.18772885580228,8171.01483018099,0.44076455956102933,-0.002635754644870758,-0.009258756758388033,-0.007855917648198985,12968.77897397253
35-50,0.4405957068538155,47.16470868350462,184.14227143923443,0.0,23.02777862548828,23.02777862548828,5,-0.846229076385498,0.20457816123962402,-0.6890943148182943,-0.575,-1.0,0.30000000000000004,0.9075000000000001,LPS,LPS,OFF,-0.05606945025920422,-0.05652655872365823,-0.04027873523084037,-0.07908126711845398,-0.08684422820806503,-0.06035996600985527,0.0004571084644540077,0.0077629610896110535,-0.01579071502836385,-0.01872130110859871,3.1237117893997564,70.07328147263543,-22.90857278913081,-3621.227510666209,0.44278359487502805,4.374999999999993,42.78970868350463,9344.700967918063,0.4349041367160663,-0.023497115820646286,-0.013825360140692487,-0.007879458158961739,12965.928478584272
35-50,0.4349041367160663,47.16470868350462,184.14227143923443,0.0,23.02777862548828,22.83333396911621,5,-1.7520368099212646,0.6459499597549438,-0.9416069081537656,0.9750000000000001,-1.0,-0.85,-0.665,LPS,OFF,LPS,-0.05722194274258861,-0.057058209666180575,-0.039908483300587244,-0.10344745218753815,-0.11953310668468475,-0.10571229457855225,-0.00016373307640803886,0.016085654497146606,-0.01731345944200137,0.002264842391014099,3.1924503048458877,84.3911394658422,-37.22643078233757,-5828.855067541294,0.438427851716521,78.66399626855949,-31.49928758505487,-4963.709317883757,0.43790643997966455,-4.336237907409668e-05,-0.0008762508515232081,-0.0005214117368564364,865.1457496575376
35-50,0.4363858641987259,41.43991077536492,178.9223090277778,-0.22213255034552679,22.36111068725586,22.38888931274414,5,-0.904213547706604,0.22970527410507202,-0.7183433340967683,-0.575,-1.0,0.2350000000000001,0.884375,LPS,LPS,OFF,-0.04785279039707745,-0.04999831641030557,-0.03580127460942942,-0.07241891324520111,-0.08058710396289825,-0.05419119819998741,0.002145526013228115,0.008168190717697144,-0.012051515787648036,-0.0182277150452137,3.1745551116059376,62.82586472908003,-21.38595395371511,-3279.8499028274714,0.4383707427583805,4.84375,36.59616077536492,7712.219499992288,0.431686606579173,-0.02317369356751442,-0.009940257011797474,-0.006684136179207489,10992.06940281976
35-50,0.43167815955804356,49.73989733029037,178.9223090277778,0.22213255034552679,22.38888931274414,22.36111068725586,5,-1.7373757362365723,0.6106904149055481,-0.9399215422825793,-0.875,-1.0,-0.715,-0.503125,LPS,LPS,LPS,-0.05994416888606297,-0.0580684095022964,-0.04001223529060563,-0.11266812682151794,-0.11719051748514175,-0.0996311753988266,-0.0018757593837665718,0.00452239066362381,-0.019931933595457342,-0.013036951422691345,3.2314112374776185,88.9988877231267,-39.258990392836324,-5938.719612947702,0.4352719704004735,75.40923720252951,-25.669339872239135,-3932.2731414333794,0.4340607134385311,-0.005618304014205933,-0.0021606889942913793,-0.0012112569619424085,2006.446471514323
35-50,0.43400542370075396,41.43991077536492,178.9223090277778,-0.22213255034552679,22.36111068725586,22.16666603088379,5,-1.7574663162231445,0.7050322890281677,-0.942219349099366,0.7750000000000001,-1.0,0.2350000000000001,0.884375,LPS,OFF,OFF,-0.10975429407281385,-0.11168264092475319,-0.09716693842870147,-0.0881853997707367,-0.11609619855880737,-0.10143458843231201,0.001928346851939336,0.02791079878807068,-0.012587355644112383,0.013249188661575317,3.2033042866100687,74.1478403516351,-32.70792957627017,-4992.43779110425,0.43702596935879784,4.84375,36.59616077536492,7712.219499992288,0.42930231643236755,-0.01863545924425125,-0.013285165825097672,-0.007723652926430291,12704.657291096537
35-50,0.4278746583800843,40.91474767389666,177.14530200759572,-0.22211729817920262,22.13888931274414,22.13888931274414,5,-1.6285886764526367,0.5111703872680664,-0.9258603320006173,-0.875,-1.0,0.2450000000000001,0.884375,LPS,LPS,OFF,-0.04815519665353488,-0.049676250322307734,-0.03466943762644773,-0.07363660633563995,-0.08123113960027695,-0.06772809475660324,0.001521053668772851,0.007594533264636993,-0.013485759027087152,-0.005908511579036713,3.2773470720791265,71.96611867640752,-31.051371002510862,-4696.743622365036,0.43072273550725476,4.6875,36.22724767389666,7561.643282283319,0.423254066407063,-0.014597058296203613,-0.014160519896413568,-0.007468669100191783,12258.386904648356
35-50,0.4232582602553985,45.03179660867066,177.0342433585061,0.0,22.13888931274414,22.13888931274414,5,-1.813742995262146,0.6359708905220032,-0.9482108470147755,-0.925,-1.0,-0.85,-0.665,LPS,LPS,LPS,-0.05452119022284767,-0.05381502861351098,-0.0366545430916587,-0.09343219548463821,-0.10985653102397919,-0.09198696911334991,-0.000706161609336689,0.016424335539340973,-0.01786664713118897,-0.0014452263712882996,3.3331004663304884,80.57475036051429,-35.542953751843626,-5342.9018251766265,0.4265019522656177,75.10660362946142,-30.07480702079076,-4546.844190979348,0.4260200246250609,-0.0027384310960769653,-0.0009239367147879721,-0.0004819276405568229,796.0576341972783
35-50,0.4260200246250609,45.03179660867066,177.0342433585061,0.0,22.13888931274414,21.94444465637207,5,-1.789852261543274,0.6431296467781067,-0.9457449715512071,-0.925,-1.0,-0.85,-0.665,LPS,LPS,LPS,-0.11503228719643224,-0.11459955684890932,-0.09783642523447263,-0.09045746922492981,-0.11277323961257935,-0.09336923062801361,-0.0004327303475229194,0.022315770387649536,-0.017195861961959616,0.0029117614030838013,3.299745947596983,80.57475036051429,-35.542953751843626,-5342.9018251766265,0.4292606752518214,75.10660362946142,-30.07480702079076,-4546.844190979348,0.4287791969377236,-0.002666667103767395,-0.0008596274989794012,-0.00048147831409778297,796.0576341972783
35-50,0.4430692180382824,48.37117410412025,263.0429283159475,50.84459109952053,7.722222328186035,8.94444465637207,1,-1.1368764638900757,0.3200610280036926,-0.8133596274620701,-0.575,-1.0,-1.0,-0.85,LPS,LPS,LPS,-1.2295829146660786,-0.20345670456279363,-0.1798105621195866,-0.7412104606628418,-0.23091483116149902,-0.2078341245651245,-1.026126210103285,-0.5102956295013428,-1.049772352546492,-0.5333763360977173,3.0938385764471534,79.20779759549691,-30.836623491376656,-6010.427421400202,0.4466922888238599,89.48667209262246,-41.11549798850221,-8357.24668495161,0.4480997549565879,-0.01089496910572052,0.003258366342437591,0.0014074661327279636,-2346.819263551408
35-50,0.4544491015084295,37.89682599212988,226.33980900446576,11.575923601786297,10.583333015441895,11.277777671813965,2,0.04705491662025452,0.8599387407302856,0.04702021823183561,-0.6499999999999999,-1.0,0.5800000000000001,0.9306249999999999,ASSIST,LPS,OFF,-0.15329207611675874,-0.16431690991965947,-0.15028100910027986,-0.1652524173259735,-0.1661687046289444,-0.1529688537120819,0.01102483380290073,0.0009162873029708862,-0.00301106701647888,-0.012283563613891602,2.9564008788073197,14.86904779763896,23.027778194490917,6268.457674654189,0.45065653855506543,2.65625,35.24057599212988,9481.873059826274,0.44870088843110606,0.0004106462001800537,0.015130395843271027,-0.0019556501239593738,3213.415385172085
35-50,0.45371439572635164,46.08690166753585,195.71501888632778,5.197736954689026,13.777777671813965,14.13888931274414,3,-0.218278169631958,0.4614996016025543,-0.21487634023142083,1.0,-1.0,0.49,0.9306249999999999,ASSIST,OFF,OFF,-0.14849569155507325,-0.15203262962833752,-0.13708487174159673,-0.1638920158147812,-0.17403294146060944,-0.16640044748783112,0.003536938073264273,0.010140925645828247,-0.011410819813476525,0.0025084316730499268,2.9652741042139197,39.92386641740546,6.163035250130383,1620.27265944796,0.4527366543346327,3.125,42.96190166753585,10044.15663315647,0.44762164033996704,-0.00035268068313598633,-0.002039133754421718,-0.005115013994665685,8423.88397370851
35-50,0.44763108086771913,46.370243120097626,200.91276270449166,5.197750681638719,14.13888931274414,14.36111068725586,3,-0.8994441032409668,0.462446004152298,-0.7160270866212572,0.875,-1.0,0.4850000000000001,0.9306249999999999,LPS,OFF,OFF,-0.05873288563187593,-0.06181336112705553,-0.045326810224819464,-0.11303567886352539,-0.12806734442710876,-0.11910111457109451,0.003080475495179598,0.015031665563583374,-0.013406075407056468,0.006065435707569122,3.038743818590339,70.30060073029087,-23.930357610193237,-4065.266681471926,0.450080749734902,3.28125,43.088993120097626,10315.493703677286,0.44135959077931236,0.00022510439157485962,-0.013203671178322565,-0.008721158955589614,14380.760385149213
35-50,0.4413498956375945,35.07768712995428,205.11093750000003,3.198598909378052,14.36111068725586,14.527777671813965,3,0.003580331802368164,0.7203975319862366,0.0035803165039563676,1.0,-1.0,0.3500000000000001,0.884375,ASSIST,OFF,OFF,-0.04464597460945932,-0.05208073337982692,-0.03864993839318884,-0.10448610782623291,-0.111456498503685,-0.1103866845369339,0.007434758770367596,0.006970390677452087,-0.005996036216270484,0.005900576710700989,3.1146032629108613,17.03107485198171,18.046612277972567,4377.855212438653,0.43869243809186365,4.0624999999999964,31.01518712995428,7435.923436894549,0.4368274956555502,0.001885145902633667,0.011776064043720516,-0.001864942436313466,3058.0682244558957
35-50,0.4374541180122376,49.73342297206508,219.1048626363278,5.597575545310976,15.416666984558105,15.472222328186035,3,-1.0233968496322632,0.4087103605270386,-0.7712464774826432,-0.44999999999999996,-1.0,-1.0,-0.85,LPS,LPS,LPS,-0.16668120220653054,-0.16876475030624286,-0.14729395872043718,-0.1913107931613922,-0.15678444504737854,-0.14298737049102783,0.0020835480997123124,-0.03452634811401367,-0.01938724348609336,-0.04832342267036438,3.1616535432367034,78.41895086488118,-28.685527892816104,-5368.306152161664,0.44069753562657865,92.00683249832039,-42.273409526255314,-7861.982276607678,0.44219692352289275,0.0002585798501968384,0.003759692689781824,0.0014993878963140972,-2493.676124446014
35-50,0.430872725036392,47.836654897734796,225.70199347734453,5.197736954689026,15.86111068725586,16.08333396911621,3,-1.0436071157455444,0.31435728073120117,-0.7793084893057021,-0.625,-1.0,-1.0,-0.85,LPS,LPS,LPS,-0.0717298391386532,-0.07429309982393452,-0.052053835019337406,-0.1471271961927414,-0.1202634871006012,-0.10518184304237366,0.0025632606852813156,-0.026863709092140198,-0.019676004119315797,-0.04194535315036774,3.2411386715542343,75.42815406196397,-27.591499164229173,-5337.497298959866,0.43410478351003395,88.49781156080937,-40.66115666307458,-7838.826837680524,0.4356121456715296,-0.003785371780395508,0.003855275324686873,0.0015073621614956623,-2501.329538720657
35-50,0.4356121456715296,36.57643668952102,229.9001751363278,3.198626363277436,16.08333396911621,16.08333396911621,3,-0.4335480034351349,0.6206331849098206,-0.4082821567268364,1.0,-1.0,0.32499999999999996,0.884375,LPS,OFF,OFF,-0.14476894611808547,-0.15351371304343328,-0.13715558683139137,-0.12388083338737488,-0.12852685153484344,-0.12113621830940247,0.008744766925347813,0.004646018147468567,-0.007613359286694099,-0.002744615077972412,3.1838995036885187,41.017861144677134,-4.4414244551561195,-735.378482344749,0.436057994173291,4.21875,32.35768668952102,8602.102090574148,0.43036632693573557,-0.009491220116615295,-0.0014029681599720956,-0.005691667237555431,9337.480572918897
35-50,0.4153818223047954,45.88171563711802,21.790537452263138,43.581074904526275,1.1666666269302368,2.6388888359069824,1,-0.9378728866577148,0.44488412141799927,-0.734243425123437,-1.0,-1.0,-1.0,-0.85,LPS,LPS,LPS,-0.02250546809478076,-0.017470768913997927,-0.011249995469601749,-0.0486459955573082,-0.05157525837421417,-0.03927840292453766,-0.005034699180782833,0.0029292628169059753,-0.011255472625179012,-0.009367592632770538,3.4282261765694093,69.55995817127356,-23.678242534155547,-300.16020462086385,0.41556511648069827,84.88117392866835,-38.99945829155032,-522.7087073305199,0.4157009721142023,0.0010180957615375519,0.0013340341228731747,0.00013585563350404506,-222.54850270965608
35-50,0.4169683055698158,49.248976620953236,124.5173581423859,51.88223181714615,4.027777671813965,5.583333492279053,1,-1.23617684841156,0.4011339545249939,-0.8443616838792999,-0.725,-1.0,-0.41000000000000003,-0.13312499999999994,LPS,LPS,LPS,-0.07849195273831269,-0.0640910212378048,-0.049409771623630916,-0.12656068801879883,-0.11481097340583801,-0.09619247913360596,-0.01440093150050789,-0.011749714612960815,-0.029082181114681777,-0.03036820888519287,3.4090658215569416,82.14025743566128,-32.891280814708054,-2833.543980703217,0.41869494088428916,55.2292094963547,-5.98023287540146,-95.393477353785,0.41702653383666244,-0.006299853324890137,-0.0029970593770905704,-0.0016684070476267188,2738.1505033494323
35-50,0.43499240504256936,37.57424145422509,162.72934409081938,3.998262363672257,11.44444465637207,12.30555534362793,3,0.3185799717903137,0.4756433665752411,0.308222360231846,0.75,-1.0,0.44500000000000006,0.9075000000000001,OFF,OFF,OFF,-0.13564364807197465,-0.1388664551440117,-0.12686914711485775,-0.15933312475681305,-0.17499472200870514,-0.16032226383686066,0.003222807072037037,0.01566159725189209,-0.008774500957116904,0.0009891390800476074,3.1913842661996292,4.375,33.19924145422509,6471.542167049195,0.43105030909846315,3.437499999999993,34.136741454225096,6658.765300657297,0.4309357866134926,0.009700402617454529,0.014678379623211002,-0.0001145224849705695,187.22313360810222
35-50,0.4657537695298741,40.22255171482236,214.30694368183617,3.998262363672257,15.027777671813965,15.55555534362793,3,0.5653748512268066,0.35371121764183044,0.511954454977322,0.9500000000000002,-1.0,0.405,0.9075000000000001,OFF,OFF,OFF,-0.1410090112223706,-0.1499663452891449,-0.1374868332870935,-0.15307871997356415,-0.16330057382583618,-0.16621658205986023,0.008957334066774292,0.010221853852272034,-0.003522177935277121,0.013137862086296082,2.819871576945328,3.125,37.09755171482236,9314.629976528602,0.4601293027795011,3.75,36.47255171482236,9153.149741776973,0.46022736093126354,-0.004692971706390381,0.0009025600619865237,9.805815176244792e-05,-161.4802347516288
35-50,0.4598822449602005,36.42309010671936,227.5012190908194,3.198612636327744,15.916666984558105,16.13888931274414,3,0.3669971823692322,0.4453446567058563,0.35136239132803226,1.0,-1.0,0.32499999999999996,0.884375,OFF,OFF,OFF,-0.0478580892869272,-0.058625783660108045,-0.046024065673514074,-0.08452530950307846,-0.10912392288446426,-0.09833429008722305,0.010767694373180849,0.024598613381385803,-0.001834023613413123,0.013808980584144592,2.8907834470544183,4.0625,32.36059010671936,8521.302132270117,0.45472902447222446,4.21875,32.20434010671936,8479.26152380424,0.45475458187112605,-0.0009441152215003967,0.00023697849395398762,2.5557398901587813e-05,-42.040608465877085
35-50,0.45475458187112605,36.62783678229416,230.69983172714714,3.198612636327744,16.13888931274414,16.08333396911621,3,0.30170321464538574,0.4817100167274475,0.292870512640972,1.0,-1.0,0.32000000000000006,0.884375,OFF,OFF,OFF,-0.04952067234505781,-0.060233771883577834,-0.046732049763362433,-0.09342172741889954,-0.11697262525558472,-0.10611214488744736,0.010713099538520024,0.02355089783668518,-0.002788622581695377,0.012690417468547821,2.952711516096943,4.375,32.25283678229416,8600.676187034001,0.4495439814665022,4.21875,32.40908678229416,8643.270415572873,0.44951803767402576,0.0006077587604522705,0.024890023526986778,-2.594379247644607e-05,42.5942285388719
35-50,0.4080813852449694,39.388088676358265,38.911676089403535,38.3928535040468,1.5555555820465088,2.472222328186035,1,-1.3696128129959106,0.43677836656570435,-0.8786039234124797,-1.0,-1.0,-1.0,-0.85,LPS,LPS,LPS,-0.039895867858833006,-0.032543306561114795,-0.02309015948800508,-0.06893457472324371,-0.07608050107955933,-0.06105360388755798,-0.007352561297718212,0.007145926356315613,-0.016805708370827926,-0.00788097083568573,3.5163953800501933,66.8894148771727,-27.50132620081443,-674.8332837207776,0.4084944116654381,72.86796405126279,-33.47987537490452,-835.716855376751,0.40859282729138213,0.003802213817834854,0.000993797699756202,9.841562594403719e-05,-160.88357165597347
35-50,0.413461894303672,40.273234369057135,180.0361093680064,12.79444793065389,8.5,8.972222328186035,2,-1.660374402999878,0.45637139678001404,-0.9302675959602089,-0.925,-1.0,-1.0,-0.85,LPS,LPS,LPS,-0.1586077639899643,-0.14319629704701203,-0.12606127251059573,-0.1282850056886673,-0.14581269025802612,-0.12475157529115677,-0.015411466942952257,0.017527684569358826,-0.032546491479368556,-0.0035334303975105286,3.451413627020978,70.83774259557372,-30.56450822651658,-4510.96132984098,0.41621108570578047,74.5054835827557,-34.232249213698566,-5059.255228368153,0.4165441874935336,-0.00311163067817688,0.0008229863491116818,0.0003331017877531428,-548.293898527173
35-50,0.37954582612767424,37.57424145422509,162.72934409081938,3.998262363672257,11.44444465637207,11.527777671813965,3,-1.136617660522461,0.2730400860309601,-0.8132720180275375,-0.8,-1.0,-1.0,-0.85,LPS,LPS,LPS,-0.07361242518356537,-0.07026600501030725,-0.04868270435238793,-0.11004041880369186,-0.10791918635368347,-0.09506525844335556,-0.003346420173258119,-0.0021212324500083923,-0.024929720831177435,-0.014975160360336304,3.861026461399546,61.52782038129358,-23.95357892706849,-3262.7281354039724,0.3815591784696449,69.5123466903164,-31.938105236091324,-4346.369249512769,0.38222600967005294,-0.009084455668926239,0.003622827978532764,0.0006668312004080579,-1083.6411141087965
35-50,0.3843738771969844,49.13644580774609,190.92661344334485,51.88223181714615,5.80555534362793,6.527777671813965,1,-1.3783438205718994,0.3652612566947937,-0.8805798667550419,-1.0,-1.0,-1.0,-0.85,LPS,LPS,LPS,-0.18786646673606028,-0.1597506423967634,-0.12509965248028965,-0.3534504771232605,-0.2105291783809662,-0.17706884443759918,-0.02811582433929688,-0.1429212987422943,-0.06276681425577063,-0.17638163268566132,3.80271688162272,83.44421421994024,-34.30776841219414,-4781.224986066059,0.38731649166929455,90.90242474433026,-41.765978936584176,-5963.090042288834,0.3880411174101445,0.001475304365158081,0.0032317654015323882,0.0007246257408499712,-1181.8650562227758
35-50,0.3670400462253291,46.86532127334117,164.3286435455084,5.597561818361283,11.61111068725586,11.833333015441895,3,-1.4663201570510864,0.34341710805892944,-0.8988731570317977,-1.0,-1.0,-1.0,-0.85,LPS,LPS,LPS,-0.18719370579613828,-0.1773454947753422,-0.14777494246089107,-0.208550363779068,-0.18945686519145966,-0.1676001250743866,-0.009848211020796083,-0.019093498587608337,-0.039418763335247214,-0.040950238704681396,4.012061891725144,81.01005534391831,-34.14473407057714,-4667.390704163342,0.3699300735621873,86.70084435568117,-39.835523082339996,-5418.68583273107,0.37039365028179144,0.0012249350547790527,0.0022570556138896136,0.0004635767196041196,-751.2951285677282
35-50,0.3728770960639488,35.6874250404052,172.1252558410168,3.5984375000000006,12.083333015441895,11.666666984558105,3,-1.4882973432540894,0.35243067145347595,-0.903010963906457,-0.8,-1.0,-1.0,-0.85,LPS,LPS,LPS,-0.13170998535888584,-0.12898812693626996,-0.10648134158105152,-0.11863131076097488,-0.11790230870246887,-0.10439347475767136,-0.0027218584226158804,-0.000729002058506012,-0.02522864377783432,-0.014237836003303528,3.941566381561674,61.68826328412899,-26.000838243723788,-3771.433810460577,0.3752089755126575,66.02173632474963,-30.33431128434442,-4395.969742472154,0.37559403657066726,-0.004284799098968506,0.0020438212518784638,0.000385061058009728,-624.5359320115772
35-50,0.3808843220484148,38.45994623605052,16.602314938511704,33.20462987702341,0.8888888955116272,2.0,1,-0.6363168954849243,0.35920393466949463,-0.5623865522093177,-0.35,-1.0,-1.0,-0.85,LPS,LPS,LPS,-0.0399094170884251,-0.036140696761116795,-0.03141027302564253,-0.06907981634140015,-0.07187293469905853,-0.06985476613044739,-0.0037687203273083086,0.0027931183576583862,-0.008499144062782571,0.0007749497890472412,3.844861111540782,50.135287057708716,-11.675340821658194,-94.17015801956987,0.38094252353251606,71.15090053669346,-32.69095430064294,-339.02148435389086,0.38109381989655267,-0.009333312511444092,0.001801818252545842,0.00015129636403660163,-244.851326334321
35-50,0.38109381989655267,41.333408907614405,53.957523271845034,41.505786789643274,2.0,3.5,1,-1.3409031629562378,0.39210495352745056,-0.8718890049322255,-1.0,-1.0,-1.0,-0.85,LPS,LPS,LPS,-0.06970038234660449,-0.0571907490398974,-0.04093062271300339,-0.0996069684624672,-0.0921143889427185,-0.08340828120708466,-0.01250963330670709,-0.007492579519748688,-0.028769759633601094,-0.016198687255382538,3.8423309536543586,70.1929854841809,-28.859576576566486,-1002.6079772386764,0.3817130708862482,76.46680647908664,-35.133397571472244,-1241.0313446826167,0.3818602133946431,0.004240632057189941,0.0018504734261101038,0.00014714250839492626,-238.42336744394026
35-50,0.3838124858712782,38.50621369107103,150.45847405095898,39.43048976858457,4.55555534362793,5.583333492279053,1,-1.5271022319793701,0.43448469042778015,-0.9099273970692542,-1.0,-1.0,-1.0,-0.85,LPS,LPS,LPS,-0.10051275370285573,-0.08356121275444703,-0.06263156903437886,-0.16787879168987274,-0.1642819344997406,-0.15224900841712952,-0.0169515409484087,-0.003596857190132141,-0.03788118466847687,-0.015629783272743225,3.809496945011105,66.56074080885135,-28.05452711778032,-3073.2752735661575,0.38570636625855864,71.23649532848141,-32.73028163741038,-3656.5786674282353,0.38606498345785284,0.002786606550216675,0.0017171991748752072,0.0003586171992941978,-583.3033938620779
35-50,0.38606498345785284,37.58741914890181,189.3701523669064,38.39286686331034,5.583333492279053,6.25,1,-1.2879732847213745,0.3785325586795807,-0.8585948131434535,-1.0,-1.0,-1.0,-0.85,LPS,LPS,LPS,-0.15512042287140235,-0.13520217533817597,-0.10989458502735776,-0.19055230915546417,-0.18689528107643127,-0.16156306862831116,-0.01991824753322638,-0.003657028079032898,-0.04522583784404459,-0.028989240527153015,3.7822929685336466,62.690445509061234,-25.103026360159422,-3462.1104974122613,0.38819629347935775,69.53672542546835,-31.949306276566535,-4576.474634443162,0.3888803099152731,0.0052767544984817505,0.003304240584012616,0.0006840164359153689,-1114.364137030901
35-50,0.3800759029054126,36.85536420997624,273.9382003818949,37.35520833333334,7.833333492279053,8.75,1,-1.3292673826217651,0.3896714150905609,-0.8690701632931098,-1.0,-1.0,-1.0,-0.85,LPS,LPS,LPS,-0.15638813403320873,-0.12118722919696735,-0.08473609638932102,-0.25347769260406494,-0.23166188597679138,-0.1914469301700592,-0.03520090483624137,-0.02181580662727356,-0.07165203764388771,-0.06203076243400574,3.8546245916356052,62.588306006584645,-25.732941796608408,-5351.337577555673,0.3833730801981675,68.18242378845603,-31.3270595784798,-6737.674479527108,0.3842235968981193,0.005467072129249573,0.005023863680649332,0.0008505166999517866,-1386.3369019714346
35-50,0.3886748334430859,43.53655716795095,198.92315279642742,14.012972259521483,9.38888931274414,9.916666984558105,2,-2.0227513313293457,0.5037389993667603,-0.9656002165697171,-1.0,-1.0,-1.0,-0.85,LPS,LPS,LPS,-0.19425212791141003,-0.16927505784568164,-0.13964591786083969,-0.19858257472515106,-0.1995345801115036,-0.16059371829032898,-0.024977070065728385,0.0009520053863525391,-0.05460621005057034,-0.03798885643482208,3.7507731577994905,79.22098527525361,-35.68442810730266,-5861.138971997036,0.3922742807864159,80.54263076070927,-37.00607359275831,-6078.367766883641,0.3924071723145423,0.0005218237638473511,0.0009201791198772402,0.00013289152812639982,-217.2287948866051
35-50,0.3924071723145423,37.66737975439011,211.7176007270813,11.575923601786297,9.916666984558105,10.416666984558105,2,-1.9518177509307861,0.5328420996665955,-0.9604605387769327,-1.0,-1.0,-1.0,-0.85,LPS,LPS,LPS,-0.14821753940965537,-0.14883767487373925,-0.1221780535588192,-0.1571439802646637,-0.17043335735797882,-0.1404401957988739,0.0006201354640838763,0.013289377093315125,-0.02603948585083618,-0.016703784465789795,3.7056967681641937,67.39770448910517,-29.73032473471505,-5252.400580234046,0.39562988850953257,69.6846525456217,-32.01727279123159,-5669.138977562829,0.39588467084748735,0.00031819939613342285,0.0009746302600258661,0.0002547823379547842,-416.7383973287824
35-50,0.39588467084748735,36.32938108351457,222.98889586130778,10.966666666666667,10.416666984558105,10.94444465637207,2,-1.9162852764129639,0.5419923067092896,-0.9576101418087033,-1.0,-1.0,-1.0,-0.85,LPS,LPS,LPS,-0.1410502176499854,-0.1437386025623994,-0.11744626439599488,-0.14671020209789276,-0.15714465081691742,-0.13279739022254944,0.0026883849124139936,0.010434448719024658,-0.02360395325399052,-0.013912811875343323,3.6636981490071827,65.00364258157428,-28.674261498059714,-5365.915194379946,0.3991728734353761,67.20935500450196,-30.879973920987382,-5796.111265306857,0.3994355322460777,0.001997441053390503,0.001040441154140162,0.00026265881070158814,-430.1960709269106
35-50,0.3994355322460777,38.029996223354686,234.2601909955343,11.575923601786297,10.94444465637207,11.30555534362793,2,-1.9581952095031738,0.5383623838424683,-0.9609518747675913,-1.0,-1.0,-1.0,-0.85,LPS,LPS,LPS,-0.14562730171311422,-0.1484101115262003,-0.12192525228490736,-0.1500258594751358,-0.15545837581157684,-0.13362836837768555,0.002782809813086068,0.00543251633644104,-0.02370204942820686,-0.016397491097450256,3.620813508181058,68.04652895678821,-30.016532733433518,-5928.058737167032,0.4030625124193016,70.35549301320617,-32.325496789851485,-6398.118226852382,0.40334895467223636,0.001994997262954712,0.0008503771982643349,0.0002864422529347821,-470.05948968534994
35-50,0.40334895467223636,44.38005700592775,160.13046875000003,5.197736954689026,11.30555534362793,11.44444465637207,3,-1.420100450515747,0.3729860782623291,-0.8896198779207889,-0.725,-1.0,-1.0,-0.85,LPS,LPS,LPS,-0.1362850681933983,-0.1325150309536064,-0.11448647725971711,-0.11004936695098877,-0.11007827520370483,-0.09179305285215378,-0.0037700372397919124,2.8908252716064453e-05,-0.021798590933681194,-0.01825631409883499,3.573550127184733,76.71409853881798,-32.33404153289022,-4307.642778284101,0.4059836634656105,82.10310546096633,-37.72304845503859,-5004.995007797891,0.406408848414718,-0.002161383628845215,0.0014983931160191394,0.0004251849491075377,-697.35222951379
35-50,0.39688588870813174,35.27435098834138,91.31273271845033,35.279922444994256,2.9166667461395264,4.111111164093018,1,-1.1171835660934448,0.3757571578025818,-0.8065870388369196,-1.0,-1.0,-1.0,-0.85,LPS,LPS,LPS,-0.05949044407731617,-0.04402281284134091,-0.022626220779751044,-0.08792869001626968,-0.08889357000589371,-0.07860319316387177,-0.015467631235975263,0.0009648799896240234,-0.03686422329756513,-0.009325496852397919,3.6516061905997157,56.690921231262934,-21.416570242921555,-1300.9618475952286,0.3976848888729756,65.25754932843155,-29.983198340090173,-1914.4310228170493,0.39806120013180035,0.004177451133728027,0.004270303733956433,0.00037631125882475747,-613.4691752218207
35-50,0.39806120013180035,43.002621221658266,131.26205397856734,44.61872007523974,4.111111164093018,5.05555534362793,1,-1.1309025287628174,0.34943363070487976,-0.8113279245290412,-1.0,-1.0,-0.98,-0.826875,LPS,LPS,LPS,-0.0823102315756349,-0.06599954586560625,-0.04699206991946639,-0.13726484775543213,-0.12220354378223419,-0.10584832727909088,-0.016310685710028652,-0.015061303973197937,-0.03531816165616851,-0.03141652047634125,3.637411660708214,69.11135553480793,-26.108734313149665,-2360.0923221376065,0.39950911786248683,78.24941254441032,-35.246791322752046,-3331.482192914483,0.4001038104262862,0.0051640793681144714,0.0019661935653077084,0.0005946925637993483,-971.3898707768767
35-50,0.40246275788302405,35.82237288839244,207.0101069097718,36.317567615707716,6.027777671813965,6.527777671813965,1,-1.4847111701965332,0.4310608208179474,-0.9023469120571881,-1.0,-1.0,-1.0,-0.85,LPS,LPS,LPS,-0.1424023968983458,-0.12339909307805277,-0.10316186836940304,-0.17669565975666046,-0.17378193140029907,-0.15743674337863922,-0.019003303820293027,-0.002913728356361389,-0.03924052852894276,-0.01925891637802124,3.5842529473572475,61.92153027850692,-26.099157390114488,-4028.3476119225083,0.40492782104733815,66.27138984352601,-30.44901695513357,-4811.209804073821,0.4054054282324693,0.005298331379890442,0.0016881915251034246,0.00047760718513112366,-782.8621921513127
35-50,0.39970673740821094,43.60409097563625,203.79721873601278,14.012951342264811,9.61111068725586,10.05555534362793,2,-1.8221012353897095,0.41693761944770813,-0.9490475112355374,-1.0,-1.0,-1.0,-0.85,LPS,LPS,LPS,-0.09478805038148047,-0.07060338023668482,-0.04367675605947617,-0.1519605815410614,-0.15797299146652222,-0.13887861371040344,-0.024184670144795653,0.006012409925460815,-0.0511112943220043,-0.013081967830657959,3.617538095636684,78.02017706712057,-34.416086091484324,-5803.613477026885,0.4032575258904513,80.66756830492706,-37.06347732929081,-6251.76121005187,0.40353063679571777,0.0037799030542373657,0.0009795360855850699,0.00027311090526649373,-448.1477330249845
35-50,0.3939275212411668,46.37522332706167,184.30092360178628,15.231486129760743,8.75,9.61111068725586,2,-1.1594420671463013,0.2519269585609436,-0.8208579713236279,-0.725,-1.0,-1.0,-0.85,LPS,LPS,LPS,-0.09748280749371137,-0.07341052257311251,-0.0449505983017572,-0.15088117122650146,-0.14027827978134155,-0.11179038882255554,-0.02407228492059886,-0.010602891445159912,-0.05253220919195417,-0.03909078240394592,3.6873351340901177,75.93942819806348,-29.564204871001813,-4433.143878261947,0.3966475544528524,85.79416315506408,-39.418939828002415,-5934.316662410514,0.3975651747509278,-0.010695099830627441,0.003985002769138733,0.0009176202980754056,-1501.1727841485672
35-50,0.40230485269742133,48.365449359863,218.72406593958536,15.840743064880371,10.333333015441895,10.94444465637207,2,-1.892822504043579,0.4959115982055664,-0.9556187574870341,-1.0,-1.0,-1.0,-0.85,LPS,LPS,LPS,-0.2025141457255533,-0.17402548252841862,-0.1449328943280212,-0.19767135381698608,-0.1950472593307495,-0.16763341426849365,-0.028488663197134667,-0.0026240944862365723,-0.05758125139753209,-0.03003793954849243,3.586160007760068,86.539607604612,-38.17415824474901,-6927.456314961041,0.4065364874365942,89.47608131574654,-41.11063195588355,-7460.108210785867,0.4068603393747116,0.00197640061378479,0.000980158455733765,0.0003238519381174032,-532.6518958248262
35-50,0.4068603393747116,42.553268288626576,233.3462951342265,13.403715324401857,10.94444465637207,11.38888931274414,2,-1.8766732215881348,0.541651725769043,-0.9541952719242064,-1.0,-1.0,-1.0,-0.85,LPS,LPS,LPS,-0.1881909942786661,-0.16665455222010994,-0.14241867150989723,-0.1667381376028061,-0.1758958101272583,-0.14958494901657104,-0.02153644205855615,0.00915767252445221,-0.04577232276876886,-0.017153188586235046,3.531142256286764,76.13995504500684,-33.58668675638026,-6584.069886543403,0.4108768290694334,78.72354633395916,-36.17027804533259,-7093.227669253958,0.4111860565382423,0.0008650869131088257,0.0008691330555107013,0.0003092274688089036,-509.1577827105548
35-50,0.4179109990113687,38.00212194827242,172.32516827285295,3.998262363672257,12.11111068725586,12.333333015441895,3,-1.246903657913208,0.6208921670913696,-0.8474130958370741,1.0,-1.0,-1.0,-0.85,LPS,OFF,LPS,-0.11577324741762829,-0.11798805416470942,-0.1030544477589482,-0.10448083281517029,-0.10985533893108368,-0.10280254483222961,0.002214806747081133,0.005374506115913391,-0.012718799658680086,-0.0016782879829406738,3.397680677189947,63.382110535154354,-25.379988586881936,-3680.0150303915457,0.4201515311474349,70.30392560430397,-32.30180365603155,-4675.745353887048,0.4207560053246413,-0.001760639250278473,0.001857435916537059,0.0006044741772063822,-995.730323495502
35-50,0.41678013187922575,45.64724438519967,239.69591420143846,47.731651134292285,7.05555534362793,7.833333492279053,1,-1.414973258972168,0.3841782212257385,-0.8885455756440995,-0.725,-1.0,-1.0,-0.85,LPS,LPS,LPS,-0.20393225991126251,-0.1813820074671534,-0.15580674453901638,-0.589238703250885,-0.22446714341640472,-0.1894303858280182,-0.022550252444109103,-0.3647715449333191,-0.04812551537224613,-0.3998083174228668,3.411338442261621,78.90452243727371,-33.25727805207404,-6000.2895094403375,0.4204294721304424,84.44740211261939,-38.800157727419716,-7142.386867858428,0.42112101292519694,-0.003077879548072815,0.0021855081626458717,0.0006915407947545305,-1142.0973584180902
35-50,0.42100667126476676,35.80280278821279,185.82407639821372,10.966666666666667,8.722222328186035,9.25,2,-1.4492676258087158,0.4591313302516937,-0.895547963330046,-0.8,-1.0,0.605,0.9306249999999999,LPS,LPS,OFF,-0.04588943966865809,-0.05074796832864729,-0.03581334078115335,-0.10646042227745056,-0.11695650219917297,-0.10019180178642273,0.004858528659989196,0.010496079921722412,-0.010076098887504742,-0.006268620491027832,3.3602934694675954,61.8877019624821,-26.084899174269314,-3991.21182974647,0.423433638730368,2.5,33.30280278821279,7488.474119104704,0.41642014070942474,-0.007037550210952759,-0.013470038750973481,-0.007013498020943254,11479.685948851175
35-50,0.4164158056438182,37.45994949049699,197.0953715324402,11.575923601786297,9.25,9.833333015441895,2,-1.5965394973754883,0.5550815463066101,-0.9211459904669783,-1.0,-1.0,-1.0,-0.85,LPS,LPS,LPS,-0.05172151545981625,-0.05626194314080242,-0.03908332942945477,-0.12496928870677948,-0.14326027035713196,-0.12309613078832626,0.00454042768098617,0.018290981650352478,-0.01263818603036148,-0.0018731579184532166,3.415738501288197,65.88937544310632,-28.429425952609325,-4638.229306293083,0.4192394893355484,69.30090655741942,-31.84095706692244,-5211.906621963152,0.419587602888235,0.003508038818836212,0.0010332404847770496,0.00034811355268660193,-573.6773156700692
35-50,0.419587602888235,40.65718570430048,209.28055206934613,12.794437472025553,9.833333015441895,10.36111068725586,2,-1.608256220817566,0.527789294719696,-0.9229019258205752,0.9000000000000001,-1.0,-1.0,-0.85,LPS,OFF,LPS,-0.1471650249099671,-0.1296042820344141,-0.1099943572336955,-0.1332724541425705,-0.15007127821445465,-0.1306128203868866,-0.01756074287555301,0.016798824071884155,-0.03717066767627161,-0.002659633755683899,3.3774319130180634,71.51308556917138,-30.855899864870903,-5367.807047457136,0.422850434516174,75.21579355295589,-34.558607848655406,-6021.72479799191,0.4232464358189736,0.0019747838377952576,0.0011669614897788921,0.0003960013027995979,-653.9177505347743
35-50,0.4232464358189736,37.81795403821873,221.46573260625203,11.575923601786297,10.36111068725586,11.166666984558105,2,-1.4792654514312744,0.6231874823570251,-0.9013302749770508,0.925,-1.0,0.5800000000000001,0.9306249999999999,LPS,OFF,OFF,-0.13186141264453818,-0.13935303163293225,-0.12069942588638924,-0.1287856101989746,-0.14608991146087646,-0.1265891045331955,0.0074916189883940665,0.017304301261901855,-0.011161986758148945,-0.0021965056657791138,3.333243273005301,65.37103483749237,-27.553080799273644,-5097.123094465596,0.42634139811855626,2.65625,35.16170403821873,9278.02547123306,0.41756178114252623,-0.0030976980924606323,-0.01545424322124253,-0.008779616976030025,14375.148565698657
35-50,0.4205555200103945,38.559374448023256,183.92014422714712,3.998262363672257,12.916666984558105,12.916666984558105,3,-1.4399088621139526,0.42754942178726196,-0.8936793792545362,-0.775,-1.0,-1.0,-0.85,LPS,LPS,LPS,-0.04838324470312855,-0.051086494728830235,-0.03527595899392259,-0.08153142035007477,-0.09358882158994675,-0.07523448765277863,0.002703250025701688,0.012057401239871979,-0.013107285709205954,-0.006296932697296143,3.365742135954463,66.6526329744402,-28.093258526416943,-4369.1521314014635,0.423212088996777,71.33484272884303,-32.775468280819766,-5090.495417244708,0.42364930061800565,-0.006191745400428772,0.0014168011558379698,0.0004372116212286725,-721.3432858432443
35-50,0.4166139332145528,40.22255171482236,214.30694368183617,3.998262363672257,15.027777671813965,15.19444465637207,3,-1.3177516460418701,0.34848374128341675,-0.8662237047086329,-0.775,-1.0,-1.0,-0.85,LPS,LPS,LPS,-0.058974911478963055,-0.06282502969359194,-0.04268498221193521,-0.10335732996463776,-0.10273059457540512,-0.08606960624456406,0.0038501182146288837,-0.0006267353892326355,-0.016289929267027846,-0.0172877237200737,3.4133456650845417,68.30651192999296,-28.08396021517061,-5157.488160058222,0.41975250753459964,74.41172067242135,-34.189168957599,-6272.80496740033,0.4204285861097363,-0.005977265536785126,0.002117866769873411,0.0006760785751366849,-1115.3168073421075
35-50,0.3790109632336852,37.85618871309136,169.12656250000003,3.998276090621949,11.88888931274414,11.88888931274414,3,-1.529745101928711,0.3737761676311493,-0.910380963819097,-0.825,-1.0,-1.0,-0.85,LPS,LPS,LPS,-0.14649197279391882,-0.14309077962642908,-0.12030436606785624,-0.13822169601917267,-0.13538819551467896,-0.13005101680755615,-0.003401193167489741,-0.0028335005044937134,-0.026187606726062573,-0.008170679211616516,3.8674861342859748,65.43712620405793,-27.580937490966562,-3919.11683531038,0.38142878895183757,70.03394911921902,-32.17776040612766,-4564.6053780308475,0.38182584929421315,-5.587190389633179e-05,0.0018517160175423875,0.00039706034237557697,-645.4885427204676
35-50,0.3736135851997658,35.91241255580337,176.92318165898325,3.5984375000000006,12.416666984558105,12.55555534362793,3,-1.3584667444229126,0.29493701457977295,-0.8760369733303,-0.875,-1.0,-1.0,-0.85,LPS,LPS,LPS,-0.08240968674929072,-0.07966494509973875,-0.056436393846943246,-0.124585822224617,-0.12298056483268738,-0.11146730184555054,-0.0027447416495519766,-0.0016052573919296265,-0.025973292902347477,-0.013118520379066467,3.9326716181461285,60.986972036730364,-25.074559480926997,-3744.7112670070437,0.37592839127546884,66.43796322823624,-30.525550672432864,-4557.234025575512,0.3764291864905271,-0.007567763328552246,0.0027458523979647653,0.0005007952150582473,-812.5227585684679
35-50,0.3734744947409136,40.81509676919769,182.9205683410168,4.398087227344514,12.86111068725586,12.916666984558105,3,-1.3222748041152954,0.2766527831554413,-0.8673485256977539,-0.925,-1.0,-1.0,-0.85,LPS,LPS,LPS,-0.09302643490427243,-0.08741267758303216,-0.06007965241442461,-0.1484910547733307,-0.1386464536190033,-0.11933398246765137,-0.0056137573212402675,-0.009844601154327393,-0.032946782489847816,-0.02915707230567932,3.934351448390301,69.3127804062625,-28.497683637064814,-4399.831753353145,0.3761932532754555,75.50792902301572,-34.69283225381803,-5343.415462870639,0.3767743194517955,-0.0015849769115447998,0.0033558126543169406,0.0005810661763400171,-943.5837095174938
35-50,0.36759032736586483,40.24330033781864,170.92578125000003,4.398087227344514,12.027777671813965,12.30555534362793,3,-1.3057941198349,0.2821838855743408,-0.8632073311338115,-0.875,-1.0,-1.0,-0.85,LPS,LPS,LPS,-0.1452721547998784,-0.13947136995889844,-0.11339966865493858,-0.15591955184936523,-0.1476668417453766,-0.1262476146221161,-0.005800784840979956,-0.008252710103988647,-0.031872486144939816,-0.029671937227249146,4.0054160088206086,68.34174753797416,-28.098447200155512,-4032.223933651673,0.37008760761800924,74.45010562496448,-34.20680528714584,-4895.933245218857,0.370620843158777,-0.006997942924499512,0.0032801406932871507,0.0005332355407677847,-863.7093115671842
35-50,0.370620843158777,38.132634885572706,175.12395604550844,3.998262363672257,12.30555534362793,12.416666984558105,3,-1.4228981733322144,0.32831063866615295,-0.89020196679231,-1.0,-1.0,-1.0,-0.85,LPS,LPS,LPS,-0.1485518269558808,-0.1442488755784727,-0.11945264799227812,-0.15609075129032135,-0.1476314514875412,-0.13367491960525513,-0.004302951377408076,-0.008459299802780151,-0.029099178963602673,-0.022415831685066223,3.96881571196066,65.9149831593471,-27.7823482737744,-4098.334499120014,0.37315629420811175,70.5453745383095,-32.412739652736796,-4774.140458744317,0.3735731016864985,0.0028592050075531006,0.002618025226321527,0.00041680747838673815,-675.8059596243029
35-50,0.3709793080673293,38.4013053730819,180.72153159081938,3.998262363672257,12.69444465637207,12.972222328186035,3,-1.3263604640960693,0.2797243893146515,-0.8683569910735159,-0.9,-1.0,-1.0,-0.85,LPS,LPS,LPS,-0.09123737205447033,-0.08684789531369098,-0.061146217053946156,-0.1431998312473297,-0.13530705869197845,-0.11967848986387253,-0.004389476740779344,-0.007892772555351257,-0.030091155000524172,-0.023521341383457184,3.964486441643847,65.21364537464443,-26.812340001562536,-4091.6686480771386,0.3735103317182605,71.04241494020151,-32.641109567119614,-4974.189527345206,0.37405449732161844,-0.00484958291053772,0.003298742369028204,0.00054416560335796,-882.5208792680678
35-50,0.37405449732161844,38.59940490274515,184.71979395449165,3.998262363672257,12.972222328186035,13.05555534362793,3,-1.4533408880233765,0.3333623707294464,-0.8963515085615107,-1.0,-1.0,-1.0,-0.85,LPS,LPS,LPS,-0.14905641275127396,-0.14491727156830803,-0.11889973159821396,-0.15218478441238403,-0.1440497189760208,-0.12830615043640137,-0.004139141182965933,-0.00813506543636322,-0.03015668115306,-0.023878633975982666,3.9273466122224834,66.7218284747452,-28.122423572000038,-4394.256371548189,0.37676927552824474,71.40889907007852,-32.809494167333376,-5119.80205451007,0.3772160485170991,0.0015375912189483643,0.002584925711204708,0.00044677298885437144,-725.5456829618806
50-75,0.5,50.62766834547675,24.903472964403534,49.80694592880707,1.3333333730697632,2.6388888359069824,1,-1.0430880784988403,0.5042645335197449,-0.7791045921971325,-0.6499999999999999,-1.0,-1.0,-0.85,LPS,LPS,LPS,-0.021746380351823077,-0.01708448074364103,-0.011393272089003302,-0.03851914405822754,-0.036066263914108276,-0.024522479623556137,-0.004661899608182047,-0.0024528801441192627,-0.010353108262819774,-0.013996664434671402,2.40627129,79.8289841947428,-29.201315849266052,-430.5063777233391,0.5002554584694386,93.661186439132,-43.03351809365524,-652.821284427762,0.500387326998468,-0.005171388387680054,0.000971647783386289,0.0001318685290293553,-222.31490670442287
50-75,0.4809520009897438,56.88482644807907,177.29444270133973,19.496295134226482,8.527777671813965,9.44444465637207,2,-0.6030969619750977,0.31849053502082825,-0.5392496300439164,-0.5,-1.0,1.0,1.0,LPS,LPS,OFF,-0.07743906249240425,-0.06317632057708866,-0.05168181793856032,-0.14656688272953033,-0.1489185094833374,-0.13989990949630737,-0.014262741915315583,0.002351626753807068,-0.025757244553843928,-0.006666973233222961,2.636318736046617,74.15343447696021,-17.268608028881147,-2298.247594887382,0.48232293311141633,0.0,56.88482644807907,12761.872426991611,0.4732694906023245,-0.28050559759140015,-0.010340020185656572,-0.009053442509091847,15060.120021878993
50-75,0.46521121334197263,55.23579697708884,164.19536630312604,18.88703819910685,7.916666507720947,8.86111068725586,2,-0.6255006790161133,0.2539811432361603,-0.5549463058201,-0.7,-1.0,-0.33499999999999996,-0.04062500000000002,LPS,LPS,LPS,-0.07381516245433625,-0.05897593885756137,-0.04538848150728471,-0.11761529743671417,-0.11153346300125122,-0.1021978035569191,-0.014839223596774885,-0.006081834435462952,-0.028426680947051544,-0.015417493879795074,2.826424163665661,72.0038067737051,-16.768009796616255,-2055.5910148216885,0.46644407007318944,56.91259795675046,-1.6768009796616195,37.1090152825955,0.46518892865751604,0.0001894831657409668,-0.0016053316814082855,-0.0012551414156733998,2092.700030104284
50-75,0.46530904463407124,52.67340739980087,203.18796180089316,17.668534787495933,9.666666984558105,10.36111068725586,2,-0.8553206920623779,0.3955722153186798,-0.6938389123923943,0.8500000000000001,-1.0,0.8049999999999999,0.976875,LPS,OFF,OFF,-0.1453963949849165,-0.12824439054230974,-0.11242470740458975,-0.1694737672805786,-0.16834726929664612,-0.15904320776462555,-0.017152004442606755,-0.0011264979839324951,-0.032971687580326745,-0.010430559515953064,2.825242630693163,78.25763385113272,-25.584226451331848,-4187.075247426735,0.46781696177222226,1.25,51.42340739980087,12938.077553131507,0.45747786441567456,0.0053984373807907104,-0.013592582848593007,-0.0103390973565477,17125.15280055824
50-75,0.39659455041437025,54.6839872923179,27.49758366464327,54.99516732928654,1.4722222089767456,2.944444417953491,1,-1.1175215244293213,0.4224180281162262,-0.8067050951568407,-1.0,-1.0,-1.0,-0.85,LPS,LPS,LPS,-0.03386305518667185,-0.024691345337073227,-0.01359973411646312,-0.08061575889587402,-0.06572039425373077,-0.059175755828619,-0.00917170984959862,-0.01489536464214325,-0.02026332107020873,-0.02144000306725502,3.6551247560080466,87.88497957693949,-33.200992284621584,-542.6194648657138,0.39692800032166536,101.16537649078812,-46.48138919847022,-772.8208679042469,0.39706939391801555,0.0004884302616119385,0.0016027333378770964,0.00014139359635018112,-230.20140303853316
50-75,0.39857018027047786,51.864700949274685,137.48791609667242,54.9951628761987,4.416666507720947,5.888888835906982,1,-1.2048057317733765,0.36298811435699463,-0.8351145908967224,-0.85,-1.0,-0.79,-0.595625,LPS,LPS,LPS,-0.09907171768534748,-0.07779657549501867,-0.05336634611376901,-0.15861432254314423,-0.14016850292682648,-0.12167934328317642,-0.021275142190328805,-0.01844581961631775,-0.04570537157157847,-0.036934979259967804,3.631264580328371,84.9284478044373,-33.063746855162606,-3158.9432859674894,0.40050687536518886,83.35398366847717,-31.48928271920249,-2983.9606345241664,0.400399798798397,-0.0005261898040771484,-0.0004090415907047895,-0.00010707656679187494,174.982651443323
50-75,0.4042232859035638,52.77314192143952,247.99707556714617,56.032812500000006,7.388888835906982,8.86111068725586,1,-1.2827688455581665,0.3328261375427246,-0.8572208817275841,-0.75,-1.0,-1.0,-0.85,LPS,LPS,LPS,-0.19398670145759386,-0.20548837883320448,-0.16677509431156762,-0.4023033678531647,-0.6949593424797058,-0.2104836404323578,0.011501677375610614,0.29265597462654114,-0.027211607146026245,-0.19181972742080688,3.5629906103211835,90.30803911306337,-37.534897191623855,-6973.3030869758295,0.4084800147387646,97.6303125546631,-44.85717063322359,-8499.488230587589,0.4094067071884983,-0.005325734615325928,0.0029284553604533026,0.0009266924497337015,-1526.1851436117595
50-75,0.41902385833350675,60.616505517277766,227.86296180089317,20.714798545837404,10.86111068725586,11.527777671813965,2,-1.4492683410644531,0.3835243582725525,-0.8955481049461892,-1.0,-1.0,-1.0,-0.85,LPS,LPS,LPS,-0.20118793391544934,-0.21117579185428362,-0.1763232042704697,-0.2333679050207138,-0.28621989488601685,-0.19368472695350647,0.009987857938834277,0.05285198986530304,-0.024864729644979627,-0.039683178067207336,3.3842403969416557,106.53350844661567,-45.917002929337905,-8596.220408977488,0.42423965898536176,112.14053520696388,-51.5240296896861,-9588.68066315111,0.4248382811898915,0.0021510571241378784,0.0013835422632602346,0.0005986222045297196,-992.4602541736222
50-75,0.41444341598673073,67.89087903266429,170.52595638632778,9.196013045310975,12.166666984558105,11.833333015441895,3,-0.5818066596984863,0.1665029525756836,-0.5239773074156718,-0.3999999999999999,-1.0,-0.7,-0.5725,LPS,LPS,LPS,-0.06949896634972656,-0.07890102616037911,-0.04864335024115618,-0.1115831732749939,-0.119139164686203,-0.10310076177120209,0.00940205981065255,0.0075559914112091064,-0.020855616108570382,-0.008482411503791809,3.439559544274256,95.76857123545204,-27.877692202787763,-3922.123989519361,0.41683381989095003,106.75840727886458,-38.867528246200294,-5459.83500417583,0.41776781524656076,-0.00557824969291687,0.0025599362061175593,0.0009339953556107283,-1537.7110146564692
50-75,0.4233813233470965,65.17064531568111,228.77685766220094,22.542590268452965,10.94444465637207,12.19444465637207,2,-1.0124261379241943,0.3387376070022583,-0.7667636267943535,-0.3999999999999999,-1.0,-0.95,-0.80375,LPS,LPS,LPS,-0.20051639412249433,-0.21095126519733112,-0.17464978141073995,-0.21252834796905518,-0.21851268410682678,-0.19595195353031158,0.010434871074836788,0.0059843361377716064,-0.02586661271175439,-0.01657639443874359,3.331614202606279,107.00205327768393,-41.831407962002814,-7847.888355294867,0.42813823800430495,117.55155148815982,-52.380906172478696,-9747.87836705632,0.4292829975020864,-0.0038085728883743286,0.0027060440245139095,0.001144759497781478,-1899.9900117614534
50-75,0.42942488591694683,59.14894466578307,168.37133318185806,0.8884996970494589,21.11111068725586,21.19444465637207,5,-1.5726640224456787,0.4861212968826294,-0.9174484771198359,-0.85,-1.0,-0.79,-0.595625,LPS,LPS,LPS,-0.06988482043520586,-0.06362704944926954,-0.04267720933038477,-0.18711449205875397,-0.12493100762367249,-0.10707566887140274,-0.0062577709859363145,-0.06218348443508148,-0.02720761110482109,-0.08003882318735123,3.2586245865595536,104.03876874249343,-44.88982407671037,-6290.377630060415,0.43323358446663557,95.06080392715137,-35.9118592613683,-5097.748540737738,0.43251373948915056,-0.0003004297614097595,-0.0013303127165103512,-0.0007198449774850069,1192.629089322677
50-75,0.4427996218427612,73.85286260510097,176.25680231054625,1.5548820959197152,22.13888931274414,22.36111068725586,5,-1.4310722351074219,0.4773865044116974,-0.8918861229373843,0.7750000000000001,-1.0,-0.575,-0.456875,LPS,ASSIST,LPS,-0.15403304715166707,-0.16271862570670392,-0.13653473599072996,-0.19899655878543854,-0.1560753732919693,-0.17630337178707123,0.00868557855503685,-0.04292118549346924,-0.017498311160937113,-0.02269318699836731,3.0970945570995116,129.79640602846496,-55.94354342336398,-8067.191925843489,0.4476568603660037,107.59438920780647,-33.7415266027055,-5035.626303407098,0.4458371684424992,-0.010213181376457214,-0.001585945315821874,-0.0018196919235045073,3031.565622436391
50-75,0.4611654311464082,55.21893070251826,196.47024667925308,0.22213255034552679,24.58333396911621,24.55555534362793,5,-1.1163017749786377,0.370066374540329,-0.8062787065046368,-0.8,-1.0,0.385,0.9306249999999999,LPS,LPS,OFF,-0.14781265168228372,-0.14789363881571388,-0.13153360163754382,-0.21402449905872345,-0.16240960359573364,-0.16151908040046692,8.09871334301604e-05,-0.05161489546298981,-0.016279050044739896,-0.05250541865825653,2.8752860866870416,88.74471005761863,-33.525779355100376,-5655.003105205407,0.4645542984495686,3.90625,51.31268070251826,12073.086999398638,0.45385136880735133,-0.04740116000175476,-0.016165664396936036,-0.010702929642217252,17728.090104604045
50-75,0.43793297612287857,63.228565887401466,195.58173935612044,0.6663823988702563,24.5,24.63888931274414,5,-1.5640162229537964,0.48834577202796936,-0.9160687192292267,-1.0,-1.0,-0.715,-0.503125,LPS,LPS,LPS,-1.0825301931873244,-0.07684106309860522,-0.05253565728789011,-0.4031211733818054,-0.15387696027755737,-0.1437060832977295,-1.0056891300887192,-0.24924421310424805,-1.0299945358994342,-0.2594150900840759,3.155870254119965,111.21453106980437,-47.9859651824029,-7880.461616636252,0.4426861084479102,95.85902221143543,-32.630456324033965,-5474.4089975835905,0.44123974830636176,-0.001149982213973999,-0.0023301244898699808,-0.0014463601415484195,2406.0526190526616
50-75,0.4484032844767219,64.24968573720518,198.69150354795985,0.6663823988702563,24.88888931274414,25.08333396911621,5,-1.5023436546325684,0.45448362827301025,-0.905570870302628,-1.0,-1.0,-0.6950000000000001,-0.48,LPS,LPS,LPS,-1.1798207977296264,-0.17695243303168626,-0.15421389361269539,-0.33498844504356384,-0.18394318222999573,-0.17860274016857147,-1.0028683646979402,-0.15104526281356812,-1.0256069041169311,-0.15638570487499237,3.0294177225535104,111.06017106002611,-46.81048532282092,-7838.600753151875,0.45311465871618456,95.45667595241912,-31.206990215213942,-5333.976501932933,0.45161413853628807,-0.0032654255628585815,-0.0019549419642225785,-0.0015005201798964918,2504.624251218942
50-75,0.45865051983154786,73.5869929310892,201.80126011371613,1.1106322473949857,25.30555534362793,25.33333396911621,5,-1.2068886756896973,0.3807442784309387,-0.835743760259284,0.0,-1.0,-0.4,-0.29500000000000004,LPS,ASSIST,LPS,-0.16512126896797236,-0.17337601506713454,-0.1477974801438933,-0.31327781081199646,-0.35941481590270996,-0.1813165694475174,0.008254746099162186,0.0461370050907135,-0.01732378882407906,-0.13196124136447906,2.9056592993644386,124.22404244179495,-50.637049510705744,-8557.549373079422,0.46377415527552585,95.2951558457605,-21.708162914671302,-3766.047238303859,0.46091188298843344,-0.002184346318244934,-0.0036310798079037254,-0.0028622722870924044,4791.502134775563
50-75,0.45308149508586654,53.09957598315968,202.57870878775915,0.0,25.33333396911621,25.25,5,-1.5299630165100098,0.5489016175270081,-0.9104182648114577,-0.95,-1.0,0.21500000000000008,0.9075000000000001,LPS,LPS,OFF,-0.06689305557231058,-0.06718683048623698,-0.049387479745289294,-0.26644396781921387,-0.14541932940483093,-0.14325834810733795,0.0002937749139264034,-0.12102463841438293,-0.017505575827021287,-0.12318561971187592,2.972917803474218,91.78640991374745,-38.68683393058777,-6714.174813031462,0.4571134426290462,4.84375,48.25582598315968,11596.655826125689,0.4460386412620656,-0.01996028423309326,-0.017234796453231054,-0.01107480136698058,18310.83063915715
50-75,0.4451072503627067,52.8749597771345,201.91232638888889,0.0,25.25,25.25,5,-1.6832844018936157,0.6093302965164185,-0.9332864646343307,-0.975,-1.0,0.21500000000000008,0.9075000000000001,LPS,LPS,OFF,-0.15170722966822317,-0.15095281605300143,-0.13173744427775555,-0.2709932327270508,-0.14241737127304077,-0.13764016330242157,-0.000754413615221744,-0.12857586145401,-0.01996978539046762,-0.1333530694246292,3.0692247505570003,93.00327746513837,-40.12831768800387,-6927.180962755532,0.44927774192474096,4.84375,48.0312097771345,11503.717046798754,0.4381020573135539,-0.02741992473602295,-0.020323691499398944,-0.011175684611187064,18430.898009554287
50-75,0.44229239926339387,52.8749597771345,201.91232638888889,0.0,25.25,25.25,5,-1.704852819442749,0.6118301749229431,-0.936012974847622,-1.0,-1.0,-0.925,-0.7575,LPS,LPS,LPS,-0.15241649779412494,-0.15127887842468474,-0.13150977498149827,-0.2679084241390228,-0.14346277713775635,-0.13539308309555054,-0.001137619369440207,-0.12444564700126648,-0.020906722812626677,-0.1325153410434723,3.1032204109961765,93.00327746513837,-40.12831768800387,-6927.180962755532,0.4464668470162688,93.00327746513837,-40.12831768800387,-6927.180962755532,0.4464668470162688,-8.507072925567627e-05,-0.00011457657699562307,0.0,0.0
50-75,0.41751041676231976,66.26728296973177,192.13879159092903,0.888514949215783,24.08333396911621,24.13888931274414,5,-1.723677158355713,0.4497780203819275,-0.9383042853787665,-0.875,-1.0,-0.825,-0.688125,LPS,LPS,LPS,-0.14700514348724192,-0.15660004199959893,-0.12411488772144005,-0.253061980009079,-0.4197236895561218,-0.14221355319023132,0.009594898512357009,0.16666170954704285,-0.022890255765801865,-0.11084842681884766,3.402518609157273,119.52961165665367,-53.262328686921904,-8486.655861045616,0.4226627300568741,111.86745706327844,-45.60017409354666,-7372.5544939331185,0.42198943527004174,0.0003863126039505005,-0.0012266246480227838,-0.000673294786832368,1114.1013671124974
50-75,0.4259612641796771,58.32356293336601,193.24942383832405,0.44424984852472943,24.19444465637207,24.19444465637207,5,-1.7769861221313477,0.5605900883674622,-0.944370085029856,-1.0,-1.0,-0.865,-0.688125,LPS,LPS,LPS,-0.16203314968300706,-0.15559111847196433,-0.13111971232490532,-0.25736507773399353,-0.15445205569267273,-0.14110256731510162,-0.006442031211042726,-0.1029130220413208,-0.03091343735810173,-0.1162625104188919,3.3004556121859947,104.35751796291561,-46.0339550295496,-7490.753715434457,0.43049873733335653,99.04590776719834,-40.72234483383234,-6685.072854805565,0.43001271121406365,-0.001979842782020569,-0.000947295398446707,-0.00048602611929288164,805.6808606288923
50-75,0.4229374886349979,68.70146742500042,186.6967118812932,1.1106169952286615,23.41666603088379,23.25,5,-0.9188425540924072,0.18152457475662231,-0.7253493983154382,-0.5249999999999999,-1.0,-0.725,-0.595625,LPS,LPS,LPS,-0.07379341134311726,-0.0833641785463115,-0.052280780555163824,-0.12880168855190277,-0.1424470990896225,-0.10096617043018341,0.009570767203194233,0.013645410537719727,-0.021512630787953436,-0.02783551812171936,3.336974505382971,109.62177896001629,-40.92031153501587,-6456.117020214481,0.4268547465920591,109.62177896001629,-40.92031153501587,-6456.117020214481,0.4268547465920591,8.806586265563965e-06,-3.990737547032719e-06,0.0,0.0
50-75,0.41600970708275314,63.96850602017481,184.80863858593835,0.8884996970494589,23.16666603088379,23.27777862548828,5,-1.7996102571487427,0.5055508613586426,-0.9467656368131482,-0.95,-1.0,-0.885,-0.7112499999999999,LPS,LPS,LPS,-1.1621326948112636,-0.15374688245194157,-0.12617906369822984,-0.3780728578567505,-0.15578050911426544,-0.14092427492141724,-1.0083858123593221,-0.22229234874248505,-1.0359536311130337,-0.23714858293533325,3.4206430551348195,114.4579339860985,-50.48942796592369,-7753.370803679953,0.42072137189779235,108.63223075926115,-44.663724739086334,-6930.72660149571,0.4202236047815611,-0.0035159438848495483,-0.0007823106054809514,-0.0004977671162312292,822.6442021842422
50-75,0.4472450558928502,64.17591707048395,198.4693786236975,0.666367146703932,24.86111068725586,25.02777862548828,5,-1.375860571861267,0.3813973367214203,-0.8800209599869059,-1.0,-1.0,-0.6950000000000001,-0.48,LPS,LPS,LPS,-1.1860272487376535,-0.18288981961933115,-0.15993698781667773,-0.30304110050201416,-0.20400214195251465,-0.18662887811660767,-1.0031374291183224,-0.09903895854949951,-1.0260902609209759,-0.1164122223854065,3.0434059387180747,108.98445916791113,-44.808542097427186,-7521.289673021443,0.4517683409407309,95.34707679043329,-31.17115971994934,-5321.509967050916,0.45044968059259144,-0.0035404860973358154,-0.0017881790918545248,-0.0013186603481394332,2199.779705970527
50-75,0.43471310045599565,53.29672997023369,44.099898046518994,54.99516621601458,1.9166666269302368,3.3888888359069824,1,-1.5488300323486328,0.471430242061615,-0.9135922435322592,-0.95,-1.0,-1.0,-0.85,LPS,LPS,LPS,-0.04698133139715091,-0.035889370820003076,-0.022147397298248085,-0.06899794936180115,-0.05948200449347496,-0.046074897050857544,-0.011091960577147834,-0.009515944868326187,-0.024833934098902825,-0.022923052310943604,3.194757497517826,93.74514110835747,-40.44841113812379,-1112.193278392992,0.43538745491831415,98.59895044493233,-45.302220474698636,-1247.0564100839508,0.43546916316888074,0.0008233785629272461,0.0009093907936035192,8.170825056658115e-05,-134.86313169095888
50-75,0.43728273755162045,51.82460745023944,154.09023437500002,54.995171782374385,4.861111164093018,6.361111164093018,1,-0.9784113168716431,0.3503618836402893,-0.7523773538696682,0.875,-1.0,-0.6950000000000001,-0.48,LPS,OFF,LPS,-0.09168443152204697,-0.07598456027053839,-0.05891015353353983,-0.13080370426177979,-0.13578301668167114,-0.12185844779014587,-0.015699871251508582,0.004979312419891357,-0.03277427798850714,-0.008945256471633911,3.163723347904692,80.14305366412029,-28.31844621388084,-2982.149177935363,0.4390872373241506,76.99655964035574,-25.171952190116297,-2566.604123892301,0.43883618841665467,-0.0003718435764312744,-0.000500100018243764,-0.0002510489074959432,415.545054043062
50-75,0.45059591184968145,69.39026287424498,208.36666666666667,24.37036107381185,10.05555534362793,10.583333015441895,2,-0.7920838594436646,0.29009824991226196,-0.6595879180364264,0.6500000000000001,-1.0,-0.675,-0.549375,LPS,ASSIST,LPS,-0.1740312125663024,-0.18283445616652721,-0.1546875116602212,-0.20659343898296356,-0.18120169639587402,-0.19895043969154358,0.008803243600224803,-0.02539174258708954,-0.0193437009060812,-0.007642999291419983,3.0029368136134345,105.90688871181639,-36.51662583757141,-6132.038779544854,0.4542826573474021,107.5115385407833,-38.12127566653833,-6409.960240126501,0.4544491015084295,-7.484853267669678e-05,0.0001729604237796778,0.00016644416102740145,-277.9214605816469
50-75,0.4492225335971556,65.41464542687642,166.72760645449165,8.796188181638719,11.88888931274414,12.55555534362793,3,-0.8221573829650879,0.3475813865661621,-0.6762423872238889,-0.29999999999999993,-1.0,-0.5,-0.38749999999999996,LPS,LPS,LPS,-0.12091714274962968,-0.12773465515888532,-0.10672056248556556,-0.17849357426166534,-0.18109799921512604,-0.1612975150346756,0.006817512409255641,0.0026044249534606934,-0.014196580264064118,-0.017196059226989746,3.0195234461137526,101.35181625826664,-35.937170831390226,-4941.117344003622,0.4521967910992462,90.76282052979103,-25.34817510291461,-3479.1917728828166,0.4513186659381149,0.0021658390760421753,-0.0012927434059607779,-0.0008781251611312824,1461.9255711208052
50-75,0.4329415379504627,58.57168897248745,212.7076373636723,7.196875000000001,15.027777671813965,15.416666984558105,3,-0.8226016759872437,0.24563466012477875,-0.6764834309362924,-0.3999999999999999,-1.0,-0.885,-0.7112499999999999,LPS,LPS,LPS,-1.085322705138887,-0.08166771007312246,-0.05596867286443918,-0.4703071713447571,-0.13287325203418732,-0.12223117053508759,-1.0036549950657645,-0.33743393421173096,-1.0293540322744479,-0.3480759859085083,3.2161531007877744,85.24272591531656,-26.671036942829108,-4795.838156760126,0.4358445333224873,99.46727895149208,-40.895589979004626,-7345.838138835699,0.43738113076018204,-0.003935128450393677,0.0037640159676706475,0.0015365974376947422,-2549.999982075573
50-75,0.41706339725946184,54.46572299390767,179.5125299247603,58.10811174760263,5.583333492279053,7.05555534362793,1,-1.0421898365020752,0.32750365138053894,-0.7787513395346072,0.8,-1.0,-1.0,-0.85,LPS,OFF,LPS,-0.14057235865715376,-0.11876578988605975,-0.09485787243148026,-0.17387035489082336,-0.17068566381931305,-0.14660176634788513,-0.021806568771094006,-0.003184691071510315,-0.04571448622567349,-0.027268588542938232,3.407917375448164,85.88077393503656,-31.415050941128886,-3939.697640495038,0.41946233941560646,100.76158753872919,-46.29586454482152,-6138.895696412666,0.4207963559428901,-0.009165480732917786,0.0036450863060559086,0.0013340165272836546,-2199.1980559176286
50-75,0.4332596861162964,70.73697105296377,181.92100618183616,9.595837908983233,12.972222328186035,13.416666984558105,3,-1.0387377738952637,0.3109433650970459,-0.7773891362939127,0.7250000000000001,-1.0,-0.625,-0.503125,LPS,ASSIST,LPS,-0.16067993479335646,-0.16977068950210705,-0.1410911822221129,-0.23202773928642273,-0.1849803328514099,-0.1823669970035553,0.009090754708750592,-0.04704740643501282,-0.019588752571243567,-0.04966074228286743,3.2123107458519593,116.1412643475849,-45.40429329462112,-6793.875954438153,0.43736663797096476,106.32650961398616,-35.589538561022394,-5367.977944922119,0.4365075131634716,-0.0011906623840332031,-0.001428503740252135,-0.0008591248074931723,1425.898009516034
50-75,0.44311956342473924,54.6839872923179,27.49758366464327,54.99516732928654,1.4722222089767456,2.944444417953491,1,-1.176600456237793,0.47933802008628845,-0.8263766341202524,-0.725,-1.0,-1.0,-0.85,LPS,LPS,LPS,-0.026575669631591522,-0.01940169321106165,-0.010722765216889956,-0.04675719141960144,-0.042297907173633575,-0.03882799670100212,-0.007173976420529873,-0.004459284245967865,-0.015852904414701566,-0.00792919471859932,3.093230542628568,89.54502919117056,-34.86104189885266,-573.0727413039174,0.44346615766453445,101.16537649078812,-46.48138919847022,-772.8208679042469,0.4435869077755716,-0.0047457218170166016,0.001119217579337228,0.00012075011103712674,-199.74812660032956
50-75,0.4450640489592887,51.864700949274685,137.48791609667242,54.9951628761987,4.416666507720947,5.888888835906982,1,-0.9292184114456177,0.3770732581615448,-0.7302292859373152,-0.7,-1.0,-0.39,-0.10999999999999999,LPS,LPS,LPS,-0.08258970371453392,-0.06883143538459452,-0.05488834469673499,-0.12057135254144669,-0.11587347090244293,-0.10245083272457123,-0.0137582683299394,-0.004697881639003754,-0.02770135901779893,-0.018120519816875458,3.0697465047064303,78.63059126059679,-26.76589031132211,-2443.9841049878264,0.4465394982617819,58.16255749311517,-6.297856543840492,-105.96353964704035,0.4451281118119743,-0.009156793355941772,-0.002297798286023396,-0.0014113864498075945,2338.020565340786
50-75,0.4480770019223138,52.77314192143952,247.99707556714617,56.032812500000006,7.388888835906982,8.61111068725586,1,-0.8016366958618164,0.2592487633228302,-0.6649507793622006,-0.55,-1.0,-1.0,-0.85,LPS,LPS,LPS,-0.18223443503539574,-0.1894637048345249,-0.16388963346998658,-0.22817765176296234,-0.4417344927787781,-0.20412001013755798,0.007229269799129162,0.21355684101581573,-0.018344801565409158,-0.024057641625404358,3.033358318533735,81.76538676453035,-28.99224484309083,-5107.407827461772,0.4511522323267869,97.6303125546631,-44.85717063322359,-8499.488230587589,0.453184116994984,-0.015629887580871582,0.004309244645538085,0.0020318846681970926,-3392.0804031258167
50-75,0.4608446273430898,63.86990294600728,182.92057520449166,8.39634959101677,13.0,14.083333015441895,3,-0.6667596101760864,0.3092648983001709,-0.5828443185746409,-0.125,-0.975,-0.33499999999999996,-0.04062500000000002,LPS,ASSIST,LPS,-0.1469047547956186,-0.12830176714338895,-0.11072086779213607,-0.2468385100364685,-0.16797266900539398,-0.16900447010993958,-0.018602987652229647,-0.07886584103107452,-0.03618388700348253,-0.07783403992652893,2.879160514420669,85.19788839404899,-21.327985448041712,-3213.292278600566,0.4627733050048463,65.80881071401106,-1.9389077680037856,-187.7428188523873,0.4609575213642255,0.000795513391494751,-0.002677026601333593,-0.001815783640620794,3025.549459748179
50-75,0.4602224615388067,61.321865215680496,220.10442479550844,7.596699863672257,15.55555534362793,15.69444465637207,3,-0.634630560874939,0.24351006746292114,-0.5612324758067432,-0.35,-1.0,-0.6499999999999999,-0.52625,LPS,LPS,LPS,-0.07838030621624635,-0.08591025236505552,-0.0625930779421232,-0.15963894128799438,-0.477213978767395,-0.1449701488018036,0.007529946148809169,0.31757503747940063,-0.015787228274123155,-0.014668792486190796,2.8866745663804467,87.92022425298191,-26.598359037301417,-4956.02684555045,0.4631946477741164,93.59249678543236,-32.270631569751856,-6038.237982761428,0.4638412977823038,-0.0008656531572341919,0.0010413667990505915,0.0006466500081874216,-1082.2111372109775
50-75,0.3809818314458586,52.25986596486467,82.49275099392982,54.99516732928654,2.944444417953491,4.416666507720947,1,-1.4492932558059692,0.3620254099369049,-0.8955530377952844,-0.925,-1.0,-1.0,-0.85,LPS,LPS,LPS,-0.09285367198387208,-0.06854871007720909,-0.03692108445690666,-0.14400653541088104,-0.12692110240459442,-0.1062992513179779,-0.024304961906662995,-0.01708543300628662,-0.05593258752696542,-0.03770728409290314,3.8436834661705035,90.3349111678375,-38.07504520297283,-2081.7711316147497,0.3822667767843242,96.68075203499964,-44.42088607013497,-2445.5654238913176,0.38249097208800575,-0.00039523839950561523,0.0028759884278434372,0.00022419530368156249,-363.79429227656783
50-75,0.36304283632746015,67.30194804548485,156.9318561136723,9.196013045310975,11.222222328186035,11.61111068725586,3,-0.48276302218437195,0.14719204604625702,-0.44845369192984275,-0.6499999999999999,-1.0,-0.9,-0.7575,LPS,LPS,LPS,-0.18138383714496203,-0.19454609890105115,-0.14894437775595143,-0.20775289833545685,-0.2149570733308792,-0.16541320085525513,0.013162261756089116,0.007204174995422363,-0.032439459389010605,-0.04233969748020172,4.060337194964181,90.26873781600655,-22.9667897705217,-2937.2077612458093,0.36486610554362436,118.28317368993962,-50.98122564445477,-6453.972471563352,0.3670400462253291,-0.008392587304115295,0.010569474772127996,0.0021739406817047335,-3516.7647103175427
50-75,0.3842235968981193,58.4500973275781,181.86389063199363,20.10555206934611,8.75,9.38888931274414,2,-1.4361586570739746,0.2943577766418457,-0.8929217880950441,-0.975,-1.0,-1.0,-0.85,LPS,LPS,LPS,-0.23315179891630378,-0.1999442566431461,-0.16215731650767556,-0.23391778767108917,-0.20361194014549255,-0.1782403141260147,-0.03320754227315767,-0.03030584752559662,-0.07099448240862821,-0.05567747354507446,3.8045318543621884,101.03516823767072,-42.58507091009261,-6239.693397891143,0.38806047015232203,108.13268005601948,-49.68258272844138,-7243.405602473091,0.3886748334430859,0.008280158042907715,0.0028450388362034063,0.0006143632907638641,-1003.7122045819478
50-75,0.4111860565382423,51.32187616892144,160.73021290898325,6.397225272655488,11.38888931274414,11.833333015441895,3,-1.2827389240264893,0.3415597677230835,-0.8572129471609023,-0.6499999999999999,-1.0,-0.925,-0.7575,LPS,LPS,LPS,-0.15008937078952064,-0.14582205930111666,-0.1257580840584857,-0.12221044301986694,-0.11879038065671921,-0.10073026269674301,-0.00426731148840398,-0.0034200623631477356,-0.024331286731034935,-0.021480180323123932,3.478899488673513,85.5975577531654,-34.27568158424396,-4563.796684648864,0.4139695184878992,90.27151433283504,-38.9496381639136,-5166.922828015054,0.41433617857658805,-0.0008651465177536011,0.0007325436782876782,0.0003666600886888527,-603.1261433661894
50-75,0.40979373315851453,50.62766834547675,24.903472964403534,49.80694592880707,1.3333333730697632,2.805555582046509,1,-1.0173625946044922,0.41438257694244385,-0.76879012303416,-0.775,-1.0,-1.0,-0.85,LPS,LPS,LPS,-0.025548067651558416,-0.018925001081935754,-0.010840042442080705,-0.061352718621492386,-0.05784480646252632,-0.04777608439326286,-0.006623066569622662,-0.0035079121589660645,-0.01470802520947771,-0.013576634228229523,3.4957149262113303,79.8289841947428,-29.201315849266052,-430.5063777233391,0.410057106840155,93.661186439132,-43.03351809365524,-652.821284427762,0.410193057917512,-0.0016271770000457764,0.0014493850904381423,0.0001359510773569772,-222.31490670442287
50-75,0.4115851356149157,51.88227941307105,132.29969469619294,54.9951628761987,4.277777671813965,5.777777671813965,1,-1.3050647974014282,0.3761676251888275,-0.8630213293961385,-0.775,-1.0,-0.715,-0.503125,LPS,LPS,LPS,-0.08666679716993096,-0.07002961260287884,-0.05240658187925111,-0.13386137783527374,-0.12815462052822113,-0.10742784291505814,-0.016637184567052127,-0.005706757307052612,-0.03426021529067985,-0.026433534920215607,3.4740797108947588,88.10722807469745,-36.22494866162639,-3355.629733041999,0.41363300390562074,78.65724146731665,-26.774962054245595,-2340.4739172123054,0.4130143853459516,0.0004940927028656006,-0.0010910075451990645,-0.0006186185596691596,1015.1558158296934
50-75,0.41996709692011136,69.97257988824578,165.52812500000002,9.59582418203354,11.833333015441895,12.30555534362793,3,-1.0848320722579956,0.31750354170799255,-0.7949841439167599,0.9750000000000001,-1.0,-0.6499999999999999,-0.52625,LPS,ASSIST,LPS,-0.14611008831108716,-0.15525223771323995,-0.12621196971977502,-0.21414098143577576,-0.18904370069503784,-0.16738072037696838,0.0091421494021528,-0.025097280740737915,-0.01989811859131213,-0.04676026105880737,3.372848668721585,116.50434551392922,-46.53176562568344,-6273.148993219999,0.4237776114444377,106.7956500544351,-36.82307016618933,-5009.977379307735,0.42301270408884656,0.0007764995098114014,-0.0012944319777873636,-0.000764907355591149,1263.1716139122645
50-75,0.3989613668696212,71.05884880705149,188.31823145449167,9.595837908983233,13.416666984558105,13.86111068725586,3,-0.5118451118469238,0.15830735862255096,-0.4713815735021939,0.2250000000000001,-1.0,-0.975,-0.826875,LPS,ASSIST,LPS,-0.08547789990094483,-0.09920434183845232,-0.05373405262634614,-0.14775897562503815,-0.1978282332420349,-0.14923445880413055,0.013726441937507494,0.050069257616996765,-0.03174384727459869,0.0014754831790924072,3.626540121973867,96.95091684112087,-25.892068034069382,-4039.7323248539083,0.4014363494718564,129.81563441438217,-58.75678560733069,-8965.253296345298,0.40443705919060363,-0.002164587378501892,0.008785451793143696,0.0030007097187472187,-4925.520971491389
50-75,0.40894365594110416,53.38668634239112,202.7119745910168,6.397225272655488,14.30555534362793,14.75,3,-1.2904331684112549,0.3414747714996338,-0.8592399435001193,-0.625,-1.0,-1.0,-0.85,LPS,LPS,LPS,-0.16527116127711658,-0.160192562923123,-0.13329599753895885,-0.20382407307624817,-0.1550520360469818,-0.13562899827957153,-0.005078598353993574,-0.04877203702926636,-0.03197516373815773,-0.06819507479667664,3.5059815212852996,89.0413661496309,-35.65467980723978,-6106.894651670008,0.4126675158867657,98.76536973342357,-45.37868339103245,-7698.228742930616,0.41363322633677135,0.0003365427255630493,0.002447330350905663,0.0009657104500056524,-1591.3340912606081
50-75,0.37190365536296766,51.18823222250587,157.5316002726555,6.397225272655488,11.166666984558105,11.61111068725586,3,-0.8838256597518921,0.20598852634429932,-0.708330692986899,-0.775,-1.0,-1.0,-0.85,LPS,LPS,LPS,-0.10357574889573351,-0.09173824429036798,-0.06156970642550502,-0.16431951522827148,-0.14430125057697296,-0.12564429640769958,-0.011837504605365534,-0.020018264651298523,-0.04200604247022849,-0.0386752188205719,3.9533228682675987,76.05108787343728,-24.86285565093142,-3242.029164436371,0.373909562820492,94.69822961163585,-43.509997389129985,-5617.939324471431,0.3753742861967438,-0.007312387228012085,0.0066779379699443905,0.0014647233762518086,-2375.91016003506
50-75,0.35682811259403896,52.6782117514556,60.70221465493863,54.995169555830465,2.3611111640930176,3.8333332538604736,1,-1.331424355506897,0.33987662196159363,-0.8695970228898244,-0.975,-1.0,-1.0,-0.85,LPS,LPS,LPS,-0.11183113364481362,-0.09157885759954076,-0.06595765470315058,-0.17093907296657562,-0.13114827871322632,-0.10686302185058594,-0.020252276045272855,-0.039790794253349304,-0.045873478941663035,-0.06407605111598969,4.135393967173643,89.45889174220406,-36.78067999074846,-1425.5967202196193,0.35771584241387566,97.45469174019286,-44.77647998873726,-1749.52596154975,0.3579173253518958,0.0005247145891189575,0.002743464212948181,0.00020148293802013661,-323.9292413301307
50-75,0.35940992741720806,52.69260580794208,171.2113730121404,56.03282140617569,5.333333492279053,6.80555534362793,1,-1.2474453449249268,0.3395109474658966,-0.8475657224793297,-0.875,-1.0,-1.0,-0.85,LPS,LPS,LPS,-0.2134064462740073,-0.18235189716441252,-0.1442333592702953,-0.3398558497428894,-0.22973811626434326,-0.18953895568847656,-0.031054549109594765,-0.11011773347854614,-0.069173087003712,-0.15031689405441284,4.104212744100524,87.88373897253197,-35.191133164589885,-4315.495210901795,0.3620897606764525,97.48132074469285,-44.788714936750765,-5653.327321188537,0.36291748922639605,-0.0010363906621932983,0.004685116018000424,0.0008277285499435627,-1337.8321102867421
50-75,0.38877975887062904,61.09395599853825,173.12482486367227,7.996524727344514,12.30555534362793,12.55555534362793,3,-1.3915345668792725,0.3158687949180603,-0.8835080505028309,-1.0,-1.0,-0.98,-0.826875,LPS,LPS,LPS,-0.19703666287658092,-0.1805027915494226,-0.1442495717070154,-0.22672444581985474,-0.186766117811203,-0.1640125811100006,-0.016533871327158334,-0.03995832800865173,-0.05278709116956551,-0.06271186470985413,3.749505947179695,103.75062884751763,-42.65667284897938,-6087.223798127208,0.3925173800050288,111.16918064734014,-50.075224648801886,-7076.177039857538,0.3931218925787086,0.0012832880020141602,0.0022412676799763442,0.0006045125736798274,-988.9532417303299
50-75,0.36872409440808745,52.72197820496259,149.42083333333335,56.032812500000006,4.75,6.222222328186035,1,-1.2198330163955688,0.33165156841278076,-0.8396049117794931,-0.9,-1.0,-1.0,-0.85,LPS,LPS,LPS,-0.1455476710261188,-0.11917743732530159,-0.08703476583525774,-0.24431155622005463,-0.19594180583953857,-0.1595638394355774,-0.026370233700817203,-0.04836975038051605,-0.05851290519086105,-0.08474771678447723,3.991723220809926,87.93272793470547,-35.21074972974287,-3728.5186774058243,0.37103282445246943,97.53565967918078,-44.8136814742182,-4879.361915921125,0.3717431988045929,-0.0007817298173904419,0.003439642542069035,0.0007103743521234551,-1150.8432385153005
50-75,0.3788074405347603,52.69923126558801,205.01574306488038,17.668513870239256,9.75,10.277777671813965,2,-1.7933738231658936,0.3892118036746979,-0.9461154947470136,-1.0,-1.0,-1.0,-0.85,LPS,LPS,LPS,-0.21469688481690397,-0.18093729575218812,-0.14122395859449038,-0.24075448513031006,-0.20466920733451843,-0.17491018772125244,-0.03375958906471585,-0.036085277795791626,-0.07347292622241358,-0.06584429740905762,3.869944128801566,94.29398165735569,-41.594750391767676,-6994.877867019674,0.3831146445055777,97.49357784133781,-44.794346575749806,-7517.852547802364,0.3834351355684273,0.004001900553703308,0.0016003916197045998,0.0003204910628495927,-522.9746807826896
50-75,0.39671682860872864,55.48263432887324,186.73796180089315,18.88704865773519,8.94444465637207,9.333333015441895,2,-1.5418267250061035,0.3229386806488037,-0.9124268146220352,-0.975,-1.0,-1.0,-0.85,LPS,LPS,LPS,-0.2137962947386177,-0.18364929623019935,-0.14930771337701507,-0.23320148885250092,-0.18774133920669556,-0.16557922959327698,-0.030146998508418343,-0.04546014964580536,-0.06448858136160263,-0.06762225925922394,3.6536479716852317,95.90569648276659,-40.423062153893355,-6116.804832238332,0.40046233111074026,102.64287350841549,-47.16023917954225,-7111.038255472916,0.40106840908540087,0.0027329474687576294,0.0015948970877865953,0.0006060779746606126,-994.2334232345838
50-75,0.3730601473409751,51.947499863940834,117.77267121238015,54.9951628761987,3.8888888359069824,5.361111164093018,1,-1.1795841455459595,0.32410141825675964,-0.8273204370590765,-0.75,-1.0,-0.79,-0.595625,LPS,LPS,LPS,-0.12141185257557398,-0.10035914878645161,-0.07773772674888929,-0.18996413052082062,-0.16275562345981598,-0.12943285703659058,-0.02105270378912237,-0.02720850706100464,-0.04367412582668469,-0.06053127348423004,3.939355625526208,85.06403102720311,-33.11653116326228,-2651.79329635647,0.3747008295418988,83.48705335276206,-31.539553488821223,-2505.9314103326146,0.37461072945083346,0.00024336576461791992,-0.0003983972139723485,-9.010009106535932e-05,145.86188602385528
50-75,0.37804267409093967,51.84207358596754,227.76301032404106,54.995171782374385,6.833333492279053,8.30555534362793,1,-1.3990325927734375,0.3542802333831787,-0.8851423615635693,-1.0,-1.0,-1.0,-0.85,LPS,LPS,LPS,-1.2547891423563753,-0.2118283018708941,-0.1675957470280753,-0.8298900127410889,-0.26843637228012085,-0.22067546844482422,-1.042960840485481,-0.561453640460968,-1.0871933953283,-0.6092145442962646,3.8791804043351985,88.0389499647413,-36.196876378773766,-6113.031936320675,0.3818099742849194,95.90783613403994,-44.065762548072406,-7618.909466929801,0.3827335087915354,0.0009386837482452393,0.00430349160471849,0.000923534506615975,-1505.8775306091256
50-75,0.3881553658485012,70.7130088392976,194.65833333333333,24.97963892618815,9.44444465637207,10.277777671813965,2,-1.4590415954589844,0.3097297251224518,-0.8974662967943792,-0.85,-1.0,-0.95,-0.80375,LPS,LPS,LPS,-0.23967466358578857,-0.25472234859008813,-0.20174205138251397,-0.28146201372146606,-0.6310868263244629,-0.20322957634925842,0.015047685004299566,0.3496248126029968,-0.037932612203274596,-0.07823243737220764,3.757046897806189,124.27811303506553,-53.56510419576793,-8304.19996531646,0.3932481909853434,127.54858969388305,-56.835580854585444,-8782.338156558204,0.3935398026495751,-0.0020612478256225586,0.001112533986886377,0.0002916116642316946,-478.1381912417437
50-75,0.40188822736208085,51.86800409879788,136.45027537904681,54.9951628761987,4.388888835906982,5.361111164093018,1,-1.3686296939849854,0.3461877107620239,-0.8783795243057205,-0.925,-1.0,-0.79,-0.595625,LPS,LPS,LPS,-0.09449479712694267,-0.0736917150632975,-0.05298394059194934,-0.14716121554374695,-0.1322643756866455,-0.10904547572135925,-0.020803082063645173,-0.01489683985710144,-0.04151085653499333,-0.038115739822387695,3.591191696091309,88.08298553206569,-36.2149814332678,-3476.4032496098052,0.40401669857580674,83.35929230163946,-31.491288202841574,-2958.319862419669,0.4037000873136998,-0.0015146955847740173,-0.0006849481310816016,-0.00031661126210696944,518.0833871901364
50-75,0.3919236603025188,52.93677433862745,52.40105551577484,54.99516510274261,2.1388888359069824,3.6111111640930176,1,-1.4942452907562256,0.39743348956108093,-0.9041029059438208,-1.0,-1.0,-1.0,-0.85,LPS,LPS,LPS,-0.06510890242882389,-0.04894294904051226,-0.02870816079177782,-0.10087625682353973,-0.08656488358974457,-0.07210295647382736,-0.01616595338831163,-0.014311373233795166,-0.03640074163704607,-0.028773300349712372,3.711536263611405,91.5049956424846,-38.56822130385714,-1275.86247652903,0.39270860028310856,97.93303252646078,-44.996258187833334,-1494.7709334844676,0.3928431495718992,0.002491571009159088,0.0015342056772703894,0.00013454928879064187,-218.9084569554377
50-75,0.39285586724833393,51.81239082834451,162.39139574070774,54.995171782374385,5.083333492279053,5.888888835906982,1,-1.2682946920394897,0.34952718019485474,-0.8533347908029884,-1.0,-1.0,-1.0,-0.85,LPS,LPS,LPS,-0.14794621288166787,-0.1230458138567459,-0.09308974469322719,-0.19878579676151276,-0.16064172983169556,-0.13855788111686707,-0.02490039902492197,-0.0381440669298172,-0.054856468188440685,-0.06022791564464569,3.7002777672750584,86.4156661315603,-34.603275303215796,-4011.0442562093276,0.3953184785172722,95.85292303243735,-44.040532204092834,-5254.6274866851845,0.3960794485203685,0.0016222000122070312,0.0030640534866301222,0.0007609700030963285,-1243.583230475857
50-75,0.4090375978936551,72.16705417810394,190.08888540267944,25.58889586130778,9.25,9.69444465637207,2,-0.6707196235656738,0.17956355214118958,-0.5854530509401333,-0.675,-1.0,-0.85,-0.7112499999999999,LPS,LPS,LPS,-0.08661613663832003,-0.09798774302218083,-0.0597698942296903,-0.19410687685012817,-0.22707541286945343,-0.1596350371837616,0.011371606383860797,0.032968536019325256,-0.026846242408629734,-0.03447183966636658,3.5048469608388535,105.13837705572517,-32.97132287762123,-4966.921282441037,0.4120683858191243,123.49587146228036,-51.328817284176424,-7761.7401935488215,0.4137655198445225,-0.006775885820388794,0.004322183632100247,0.0016971340253981726,-2794.8189111077845
50-75,0.4078067861125927,58.641583518870036,197.0953715324402,20.105562527974445,9.44444465637207,10.13888931274414,2,-1.6348891258239746,0.37963026762008667,-0.9267546978596892,-0.95,-1.0,-1.0,-0.85,LPS,LPS,LPS,-1.1945916527401659,-0.16625065291046418,-0.13642700193425053,-0.30799007415771484,-0.20877766609191895,-0.17393425107002258,-1.0283409998297017,-0.0992124080657959,-1.0581646508059153,-0.13405582308769226,3.5197117824216897,103.14635672515533,-44.5047732062853,-7115.320661036843,0.4121445168238828,108.48692950990957,-49.84534599103953,-7934.650678439796,0.4126415389085135,-4.330277442932129e-05,0.0012169769061978752,0.000497022084630705,-819.3300174029528
50-75,0.41937574709373193,59.98829958208813,183.99628990491232,20.71480900446574,8.86111068725586,9.666666984558105,2,-1.2821049690246582,0.3434205651283264,-0.857044739805969,-0.95,-1.0,-0.925,-0.7575,LPS,LPS,LPS,-0.17430842124357865,-0.1494892882865734,-0.12387073272636154,-0.20824915170669556,-0.1981525421142578,-0.17145538330078125,-0.024819132957005247,-0.010096609592437744,-0.05043768851721711,-0.03679376840591431,3.379990548412226,100.05191394583984,-40.06361436375171,-5937.948259468282,0.4229841241749594,105.51513408635145,-45.52683450426332,-6736.56232181852,0.4234674020887044,0.002464383840560913,0.001035610919247601,0.00048327791374502826,-798.6140623502379
50-75,0.40707149776157436,54.529922944952,180.52161229550842,6.797050136327745,12.777777671813965,13.11111068725586,3,-1.2802612781524658,0.31113892793655396,-0.8565545131723221,-0.575,-1.0,-1.0,-0.85,LPS,LPS,LPS,-0.14051331568798284,-0.13400670730797992,-0.10932432169446224,-0.15131142735481262,-0.1319309026002884,-0.11337354779243469,-0.006506608380002915,-0.01938052475452423,-0.031188993993520597,-0.03793787956237793,3.528592043659026,90.9481214831878,-36.4181985382358,-5486.186742448072,0.4104203000235241,100.88035744816119,-46.3504345032092,-6907.985226546967,0.41128443063706566,-0.0016820132732391357,0.002300053856952644,0.0008641306135415694,-1421.7984840988947
50-75,0.39223683236396,52.25986596486467,82.49275099392982,54.99516732928654,2.944444417953491,4.416666507720947,1,-1.411507248878479,0.38817211985588074,-0.8878137756093915,-0.725,-1.0,-1.0,-0.85,LPS,LPS,LPS,-0.07939140389689098,-0.055904095863685645,-0.02534031117328011,-0.13352924585342407,-0.10434891283512115,-0.0912707969546318,-0.023487308033205333,-0.029180333018302917,-0.05405109272361087,-0.04225844889879227,3.7077540063323635,90.3349111678375,-38.07504520297283,-2081.7711316147497,0.39351679066712897,96.68075203499964,-44.42088607013497,-2445.5654238913176,0.39374011855090846,0.00036362558603286743,0.002991667707725229,0.00022332788377948942,-363.79429227656783
50-75,0.3956157324512631,51.8020954942957,192.48308342595897,54.995171782374385,5.888888835906982,7.388888835906982,1,-1.276116967201233,0.3517411947250366,-0.8554468981270137,-0.95,-1.0,-1.0,-0.85,LPS,LPS,LPS,-0.179947862414574,-0.15132323178357163,-0.11663386990932235,-0.3835069239139557,-0.2043735831975937,-0.17759078741073608,-0.028624630631002373,-0.179133340716362,-0.06331399250525165,-0.2059161365032196,3.666946185252983,86.3984949851289,-34.5963994908332,-4819.945960818005,0.39857065841082184,95.83387666444705,-44.03178117015134,-6322.996484354468,0.3994884504072666,0.0014149993658065796,0.003746380292319468,0.0009177919964447612,-1503.0505235364626
50-75,0.40864983545806705,66.32910266707249,205.92962846755984,23.151868120829267,9.916666984558105,10.86111068725586,2,-1.4983915090560913,0.34884971380233765,-0.904857165101254,-0.55,-1.0,-1.0,-0.85,LPS,LPS,LPS,-0.19474803999883708,-0.2058058386766093,-0.1675981682282141,-0.25752905011177063,-0.2560372054576874,-0.19387558102607727,0.011057798677772207,-0.001491844654083252,-0.027149871770622974,-0.06365346908569336,3.5095300647140597,116.5733979373799,-50.24429527030741,-8341.633511866296,0.4137298271771385,122.7088399340841,-56.37973726701161,-9304.574184493014,0.4143128630694539,-0.0027527213096618652,0.001334304652243351,0.0005830358923153978,-962.9406726267189
50-75,0.42013657368703583,69.78268488189327,161.13003090918068,9.595837908983233,11.527777671813965,11.80555534362793,3,-1.0094969272613525,0.26745840907096863,-0.7655538629008594,0.925,-1.0,-0.6499999999999999,-0.52625,LPS,ASSIST,LPS,-0.18261047828454283,-0.19145449682863924,-0.16345385310552668,-0.1719924807548523,-0.19350148737430573,-0.13921907544136047,0.008844018544096416,0.02150900661945343,-0.019156625179016146,-0.03277340531349182,3.370801855438246,114.57444574045851,-44.79176085856524,-5876.926907503779,0.42370708061947665,106.5058228009896,-36.72313791909633,-4853.298549283278,0.4230870512419082,0.002049267292022705,-0.0010429884029108383,-0.0006200293775684429,1023.6283582205015
50-75,0.41347395801809206,61.803308596920964,206.84352432886763,21.324076398213705,9.916666984558105,10.94444465637207,2,-1.1136956214904785,0.30626198649406433,-0.805364857035472,-0.85,-1.0,-1.0,-0.85,LPS,LPS,LPS,-0.15355494490279284,-0.16343141869275524,-0.12895236091465753,-0.19402992725372314,-0.1913878321647644,-0.17289294302463531,0.009876473789962398,-0.0026420950889587402,-0.024602583988135307,-0.02113698422908783,3.4512679305259972,102.9025088138734,-41.09920021695244,-6917.767401670755,0.4176836395932153,114.33612090430378,-52.53281230738282,-8773.602410071882,0.41880683312428324,-0.003042936325073242,0.0026865599300612275,0.0011231935310679342,-1855.8350084011272
50-75,0.44184311606605564,57.75612952806581,236.49730597734455,6.7970364093780535,16.66666603088379,17.55555534362793,3,-1.4488370418548584,0.21033523976802826,-0.8954626774755781,-0.42499999999999993,-1.0,-0.905,-0.734375,LPS,LPS,LPS,-1.280129949031525,-0.24215140407579722,-0.21764367853415878,-1.569445013999939,-0.6888136863708496,-0.2753479778766632,-1.0379785449557277,-0.8806313276290894,-1.062486270497366,-1.2940970659255981,3.108646516491229,99.83559532708519,-42.079465799019374,-8483.38573871412,0.4469512957832553,99.83559532708519,-42.079465799019374,-8483.38573871412,0.4469512957832553,-0.0001271665096282959,0.00014034168109777756,0.0,0.0
50-75,0.4290907298540698,55.216732434586994,169.14877422981792,0.6663823988702563,21.19444465637207,21.41666603088379,5,-1.7407081127166748,0.6137517094612122,-0.9403087083076986,-1.0,-1.0,-0.85,-0.665,LPS,LPS,LPS,-0.13633811018277817,-0.1317001296205866,-0.11200529867583806,-0.12930966913700104,-0.13937941193580627,-0.12489524483680725,-0.004637980562191557,0.010069742798805237,-0.02433281150694011,-0.004414424300193787,3.262660272869935,98.79851053474316,-43.581778100156164,-6153.530874410259,0.4328173060399583,92.09362159625759,-36.8768891616706,-5257.603523403884,0.43227649065178153,-0.003997765481472015,-0.0008995534468287797,-0.0005408153881767963,895.9273510063749
50-75,0.4580933259662174,71.60065720888346,195.8038642803828,1.1106322473949857,24.55555534362793,24.58333396911621,5,-1.155167818069458,0.3234182298183441,-0.8194588442638,-1.0,-1.0,-0.42499999999999993,-0.318125,LPS,LPS,LPS,-0.15139072261800066,-0.1591177563140356,-0.13482415830102384,-0.29291173815727234,-0.2813718020915985,-0.19321942329406738,0.007727033696034946,-0.011539936065673828,-0.016566564316976812,-0.09969231486320496,2.9123886689745007,120.8708594507464,-49.270202241862926,-8075.8401898099755,0.4629308516213525,94.37861628345951,-22.777959074576042,-3827.358784507273,0.46039184976737113,0.0004440397024154663,-0.0029796728154842522,-0.002539001853981371,4248.481405302702
50-75,0.4436353102806484,50.67044303948256,195.24854815668533,0.0,24.41666603088379,24.5,5,-1.5270018577575684,0.5208058953285217,-0.9099101279006822,-0.6,-1.0,0.25,0.9075000000000001,LPS,LPS,OFF,-0.06349672087349223,-0.06319054948540914,-0.04510192596887869,-0.21006084978580475,-0.11551733314990997,-0.10303868353366852,-0.0003061713880830874,-0.09454351663589478,-0.018394794904613543,-0.10702216625213623,3.087001738913039,87.58748011110556,-36.91703707162301,-6165.324657408118,0.4473506924019058,4.6875,45.98294303948256,10645.0627111741,0.43715321091360365,-0.0590844601392746,-0.018671260942426146,-0.01019748148830213,16810.38736858222
50-75,0.4403856356598366,71.81833391491274,196.47024667925308,1.1106322473949857,24.63888931274414,24.80555534362793,5,-1.523799180984497,0.4671056270599365,-0.9093574552560325,-1.0,-1.0,-0.55,-0.43374999999999997,LPS,LPS,LPS,-0.16127416235889183,-0.170329551736988,-0.14080961246266155,-0.30280911922454834,-0.35369089245796204,-0.16986843943595886,0.009055389378096163,0.050881773233413696,-0.020464549896230283,-0.13294067978858948,3.126248871727238,126.22072185545915,-54.4023879405464,-8865.854818129588,0.4457254918136223,102.96953625050614,-31.151202335593403,-5252.315659106943,0.44355605627042266,-0.00042520463466644287,-0.003652730348459393,-0.0021694355431996493,3613.5391590226454
50-75,0.4547874289578802,64.98886657609921,200.91276041666669,0.666367146703932,25.16666603088379,25.30555534362793,5,-1.3039839267730713,0.35157492756843567,-0.8627452400644472,-1.0,-1.0,-0.575,-0.456875,LPS,LPS,LPS,-0.17627958418878634,-0.1834161398135741,-0.1596958612473575,-0.3157130479812622,-0.34387439489364624,-0.18933385610580444,0.007136555624787766,0.028161346912384033,-0.016583722941428847,-0.12637919187545776,2.952314813618441,112.71506546792207,-47.72619889182286,-8076.648885715611,0.4596307968850406,94.68065499305453,-29.691788416955323,-5141.580619601762,0.4578761841188228,-0.0017269998788833618,-0.001902632550831479,-0.0017546127662178002,2935.068266113849
50-75,0.46013813656932995,57.21207983289085,202.46764251258637,0.22213255034552679,25.33333396911621,25.33333396911621,5,-1.1977579593658447,0.35813093185424805,-0.8329694603353556,-0.925,-1.0,0.365,0.9306249999999999,LPS,LPS,OFF,-0.15608181238892888,-0.15561535607255594,-0.13782586655181747,-0.27079784870147705,-0.17212897539138794,-0.17125815153121948,-0.00046645631637293183,-0.09866887331008911,-0.018255945837111404,-0.09953969717025757,2.8876929801180595,93.68478072635877,-36.472700893467916,-6338.442983831606,0.46393631165569826,3.90625,53.30582983289085,12934.154857530933,0.4522954533933359,-0.11458015441894531,-0.018297007586138808,-0.011640858262362386,19272.59784136254
50-75,0.4401518196250116,52.8749597771345,201.91232638888889,0.0,25.25,25.25,5,-1.6536413431167603,0.5688786506652832,-0.9293556128194499,-0.925,-1.0,-0.925,-0.7575,LPS,LPS,LPS,-0.06963105868619317,-0.0682024399774752,-0.048012853297082714,-0.31302130222320557,-0.13212159276008606,-0.12311220169067383,-0.0014286187087179658,-0.1808997094631195,-0.021618205389110454,-0.18990910053253174,3.1290727264338285,93.00327746513837,-40.12831768800387,-6927.180962755532,0.44432928090652507,93.00327746513837,-40.12831768800387,-6927.180962755532,0.44432928090652507,1.4826655387878418e-05,-4.7490079483090974e-05,0.0,0.0
50-75,0.4485008651349792,52.8749597771345,201.91232638888889,0.0,25.25,25.25,5,-1.62386155128479,0.593341588973999,-0.9251824186176049,-1.0,-1.0,0.21500000000000008,0.9075000000000001,LPS,LPS,OFF,-0.15085060510649045,-0.1505590065067939,-0.1320124221177435,-0.27052316069602966,-0.14125528931617737,-0.13752932846546173,-0.00029159859969654645,-0.1292678713798523,-0.018838182988746954,-0.13299383223056793,3.0282392165485716,93.00327746513837,-40.12831768800387,-6927.180962755532,0.45266659698745,4.84375,48.0312097771345,11503.717046798754,0.44150385133017156,-0.024363800883293152,-0.018947258194999456,-0.011162745657278428,18430.898009554287
50-75,0.4456893878327543,52.8749597771345,201.91232638888889,0.0,25.25,25.16666603088379,5,-1.6501879692077637,0.6022859811782837,-0.9288834107478655,-1.0,-1.0,0.21500000000000008,0.9075000000000001,LPS,LPS,OFF,-0.15156040329241544,-0.15088531705605346,-0.13178457513131944,-0.25981903076171875,-0.14177727699279785,-0.13496677577495575,-0.000675086236361977,-0.1180417537689209,-0.019775828161095993,-0.124852254986763,3.062194130796868,93.00327746513837,-40.12831768800387,-6927.180962755532,0.44985906214924776,4.84375,48.0312097771345,11503.717046798754,0.4386855992117812,-0.029212862253189087,-0.02005781434731435,-0.011173462937466572,18430.898009554287
50-75,0.4213426156974757,58.18080456451007,192.80517398979927,0.44424984852472943,24.13888931274414,24.19444465637207,5,-1.8430421352386475,0.5797365307807922,-0.9510863103999014,-1.0,-1.0,-0.865,-0.688125,LPS,LPS,LPS,-0.17380743289935885,-0.16675852284569098,-0.1414597551579734,-0.2452206015586853,-0.16694289445877075,-0.15123240649700165,-0.007048910053667867,-0.07827770709991455,-0.032347677741385444,-0.09398819506168365,3.356236184567661,104.10208245292694,-45.921277888416874,-7455.083280802719,0.4258656549393128,98.80347346580191,-40.62266890129185,-6652.935105091519,0.4253809879863931,-0.0017136186361312866,-0.0011107919294399415,-0.00048466695291965456,802.1481757111997
50-75,0.42930193609704714,50.09536686558913,193.47154876258637,0.0,24.19444465637207,24.05555534362793,5,-1.8223800659179688,0.645805299282074,-0.9490751942403852,-1.0,-1.0,-1.0,-0.85,LPS,LPS,LPS,-0.14898953024419176,-0.14713296804956727,-0.1268331455401731,-0.1466735154390335,-0.14473974704742432,-0.1313619613647461,-0.0018565621946244892,-0.001933768391609192,-0.02215638470401865,-0.015311554074287415,3.260109482271937,89.63492428450054,-39.539557418911414,-6517.01764854246,0.4332474748563286,92.67642870133989,-42.58106183575076,-6984.817972148834,0.43352947492897276,0.00018872320652008057,0.0005872600576651149,0.00028200007264417293,-467.80032360637415
50-75,0.41123751474479087,51.34842914394119,184.25333008832405,0.22211729817920262,23.05555534362793,23.16666603088379,5,-1.8738889694213867,0.5541927218437195,-0.953945386431896,-0.825,-1.0,-1.0,-0.85,LPS,LPS,LPS,-0.0683874039812956,-0.06353681346603038,-0.04057915676084491,-0.23331481218338013,-0.1245855763554573,-0.10806209594011307,-0.004850590515265221,-0.10872923582792282,-0.027808247220450687,-0.12525272369384766,3.4782780150484744,91.8770107182662,-40.52858157432501,-6319.529454721247,0.415087511833152,94.9945939162912,-43.64616477235001,-6771.161935611452,0.415361496570188,-0.0011535733938217163,0.0006092184506195572,0.0002739847370359927,-451.63248089020453
50-75,0.41964372721885485,64.24250399156962,185.69714590907097,0.888514949215783,23.27777862548828,23.47222137451172,5,-1.8501744270324707,0.5507194995880127,-0.9517623819117261,-1.0,-1.0,-0.865,-0.688125,LPS,LPS,LPS,-1.1716751654376616,-0.16409970334858684,-0.13702571274097894,-0.30428260564804077,-0.16714754700660706,-0.15701773762702942,-1.0075754620890747,-0.13713505864143372,-1.0346494526966827,-0.14726486802101135,3.376754085446085,114.9481946420585,-50.705690650488876,-7823.883701806829,0.4243921742540059,109.09753802854055,-44.85503403697093,-6994.921635149381,0.4238912388624274,-0.004985988140106201,-0.0010585352007038973,-0.000500935391578472,828.9620666574483
50-75,0.4519259983753369,52.279689138713366,200.13532699478998,0.0,25.02777862548828,24.94444465637207,5,-1.1981526613235474,0.3680383563041687,-0.8330902633048043,-1.0,-1.0,0.2250000000000001,0.9075000000000001,LPS,LPS,OFF,-0.15131167455928676,-0.151594417805974,-0.13414869276330008,-0.23046235740184784,-0.18202830851078033,-0.16340966522693634,0.00028274324668722817,-0.048434048891067505,-0.017162981795986687,-0.0670526921749115,2.986873026121462,85.60799096464314,-33.32830182592977,-5741.515771768695,0.4553772244110709,4.843750000000007,47.43593913871336,11258.714227876726,0.44508711451508637,-0.057236939668655396,-0.016282520367459252,-0.010290109895984556,17000.22999964542
50-75,0.4349769256438897,52.077452020785294,99.09506481916955,54.99516732928654,3.3888888359069824,4.861111164093018,1,-1.316339135169983,0.44107964634895325,-0.865870630428106,-0.675,-1.0,-1.0,-0.85,LPS,LPS,LPS,-0.06815399824083179,-0.046525966631208976,-0.01772779971133811,-0.10435205698013306,-0.08938342332839966,-0.07103459537029266,-0.021628031609622816,-0.014968633651733398,-0.050426198529493683,-0.03331746160984039,3.191571214767333,88.43867298529788,-36.36122096451259,-2427.1544094062756,0.4364472508569107,96.34328623845279,-44.265834217667496,-2995.326639922408,0.43679080306532897,-0.004967309534549713,0.003547867350931537,0.00034355220841825185,-568.1722305161325
50-75,0.4384207819090187,52.70383127886379,209.6042265161872,56.032812500000006,6.361111164093018,7.722222328186035,1,-0.8966726064682007,0.2948451042175293,-0.7146738397924953,-0.3999999999999999,-1.0,-1.0,-0.85,LPS,LPS,LPS,-1.169602437354995,-0.14852679221834184,-0.12560098809178222,-0.39740070700645447,-0.18327003717422485,-0.1747230589389801,-1.0210756451366532,-0.21413066983222961,-1.0440014492632126,-0.22267764806747437,3.149978901689304,79.90277277813456,-27.198941499270774,-3923.4301641880465,0.44079256230156444,97.502087865898,-44.79825658703422,-7059.15470662607,0.4426799737345189,-0.007884174585342407,0.004472848091923068,0.0018874114329544556,-3135.7245424380235
50-75,0.4483072162810861,71.92932759661323,157.33168097734452,9.99566277265549,11.277777671813965,11.88888931274414,3,-0.3036728799343109,0.1860956996679306,-0.29467019307350273,0.17500000000000004,-0.825,-0.19999999999999996,-0.10999999999999999,LPS,ASSIST,LPS,-0.06450045581003633,-0.07181618475425133,-0.05025991111331119,-0.12782005965709686,-0.1313914805650711,-0.12757261097431183,0.007315728944215005,0.003571420907974243,-0.014240544696725137,-0.0002474486827850342,3.0305779621692523,86.49501643492741,-14.565688838314173,-1783.6825833580065,0.4493832911037753,79.84155363224068,-7.912226035627447,-872.8386282580656,0.4488340837188392,-0.00027154386043548584,-0.0007195674637992672,-0.000549207384936079,910.8439550999409
50-75,0.45093049101054317,70.44709045119171,175.92361263632776,9.59582418203354,12.55555534362793,13.416666984558105,3,-0.6656737327575684,0.2713193893432617,-0.5821268680683113,-0.32499999999999996,-1.0,-0.09999999999999998,-0.01749999999999996,LPS,LPS,LPS,-0.13886063066169294,-0.14659751583470268,-0.12351569220794598,-0.1834709793329239,-0.20466703176498413,-0.16513848304748535,0.007736885173009744,0.02119605243206024,-0.015344938453746959,-0.018332496285438538,2.998896017442917,102.63260490107993,-32.18551444988821,-4683.706346937379,0.453748621562873,71.67991453408756,-1.232824082895852,-48.92014832308934,0.45096000912780276,0.003138422966003418,-0.004701667782067251,-0.0027886124350702257,4634.78619861429
50-75,0.4153079827272226,52.444068135899236,71.07865856916955,54.99516732928654,2.6388888359069824,4.027777671813965,1,-1.4409501552581787,0.4394107460975647,-0.8938888352745604,-0.9,-1.0,-1.0,-0.85,LPS,LPS,LPS,-0.05992651930261856,-0.04228258739985413,-0.01964180484901976,-0.08977420628070831,-0.0765436589717865,-0.0643656924366951,-0.017643931902764427,-0.013230547308921814,-0.0402847144535988,-0.025408513844013214,3.429117955607651,90.65331777776868,-38.20924964186944,-1771.335087464595,0.41638868601965384,97.02152605141359,-44.57745791551435,-2077.9108969066665,0.4165754865774677,-0.0021962039172649384,0.002025044684322526,0.00018680055781383764,-306.57580944207143
50-75,0.42040404866475906,51.858011140729204,236.0641627835731,54.995153970023004,7.05555534362793,8.527777671813965,1,-1.1688648462295532,0.32571083307266235,-0.8239079273227576,-0.675,-1.0,-1.0,-0.85,LPS,LPS,LPS,-1.2286607493884478,-0.1882991985914516,-0.16017823755687693,-0.6231691837310791,-0.2206011712551117,-0.19710707664489746,-1.0403615507969963,-0.4025680124759674,-1.0684825118315708,-0.42606210708618164,3.3675714932635383,84.91749324294406,-33.059482102214865,-5708.438299375648,0.4238722376339793,95.93732061034902,-44.07930946961982,-7923.475150642293,0.4252114040232259,-0.008859634399414062,0.00404903553959049,0.0013391663892465822,-2215.0368512666446
50-75,0.4361172854689408,52.69749920255759,189.91753777265552,6.397225272655488,13.416666984558105,13.44444465637207,3,-1.1852983236312866,0.4512440860271454,-0.8291149907172257,1.0,-1.0,-0.925,-0.7575,LPS,OFF,LPS,-0.15304533904797707,-0.15142335577632635,-0.13144207516450876,-0.16021879017353058,-0.15685009956359863,-0.14908890426158905,-0.0016219832716507232,-0.003368690609931946,-0.02160326388346831,-0.011129885911941528,3.1777988040702345,86.29215494418804,-33.59465574163046,-5362.889134524719,0.43935890655126175,92.6911369902129,-39.99363778765532,-6357.165558584551,0.43995755989371405,-0.0005319714546203613,0.0011484876128706745,0.0005986533424522933,-994.2764240598317
50-75,0.44319761322607765,52.25986596486467,82.49275099392982,54.99516732928654,2.944444417953491,4.416666507720947,1,-1.328235387802124,0.45412781834602356,-0.8688173899473295,-0.725,-1.0,-1.0,-0.85,LPS,LPS,LPS,-0.060958141265030984,-0.04285427034683839,-0.0192727071400147,-0.08343192934989929,-0.07578977942466736,-0.05201650783419609,-0.018103870918192592,-0.007642149925231934,-0.04168543412501628,-0.0314154215157032,3.092287915665354,88.74845095104698,-36.488584986182296,-1987.7402623744285,0.4443987203326422,96.68075203499964,-44.42088607013497,-2445.5654238913176,0.4446749492035348,-0.006958764046430588,0.002714537688251457,0.00027622887089256976,-457.825161516889
