region,SoC,T_MGB,w_MGB,dw_MGB,v,v_next,gear,actor_mu,actor_sigma,a_sac,a_argmaxQ,a_argmaxR,a_ecms,u_ecms,mode_sac,mode_argmaxQ,mode_ecms,r_OFF,r_ASSIST,r_LPS,Q_OFF,Q_ASSIST,Q_LPS,dr_OFF_ASSIST,dQ_OFF_ASSIST,dr_OFF_LPS,dQ_OFF_LPS,eq_eff_ecms_units,t_ce_sac,t_em_sac,p_batt_sac,next_soc_sac,t_ce_ecms,t_em_ecms,p_batt_ecms,next_soc_ecms,ERROR_critic,ERROR_reward,dSoC_ecms_minus_sac,discharge_ecms_minus_sac
15-30,0.499497568498158,29.088418441861513,69.17614135655265,27.670873351643486,2.222222328186035,2.9629721641540527,1,-0.5453764200210571,0.2207295298576355,-0.497046919570466,-0.475,-1.0,-1.0,-0.85,LPS,LPS,LPS,-0.031917049290084924,-0.02866266795332627,-0.024188943605415222,-0.04546590521931648,-0.054103631526231766,-0.043949685990810394,-0.003254381336758653,0.008637726306915283,-0.007728105684669702,-0.0015162192285060883,1.318623520855621,36.15274863488502,-7.064330193023511,-208.53488281496897,0.4996213481726979,53.8135741174438,-24.725155675582286,-1177.0328864085718,0.5001958166480406,-0.014941435307264328,0.002379604201328718,0.0005744684753427043,-968.4980035936028
15-30,0.5011913498819732,28.52020275067251,124.5173581423859,27.66983132908742,3.7036943435668945,4.44444465637207,1,0.0166277177631855,0.3431340456008911,0.01662618551663949,-0.17499999999999993,0.7000000000000002,1.0,1.0,ASSIST,ASSIST,OFF,-0.03581601904607199,-0.036870898026828275,-0.040217226569646145,-0.06264179199934006,-0.05920450761914253,-0.06161954998970032,0.0010548789807562839,-0.003437284380197525,0.0044012075235741535,-0.00102224200963974,1.2981672996379388,13.232070962735373,15.288131787937138,2735.2507580848282,0.4995658662743908,0.0,28.52020275067251,4774.803912611511,0.4983503589508937,-0.01769455149769783,0.0006709532596382642,-0.0012155073234971225,2039.5531545266826
15-30,0.4949930376104138,28.407649928938074,179.8585882874827,27.670864445467792,5.185194492340088,5.92591667175293,1,0.9106863141059875,0.5595908164978027,0.7214615000691019,0.55,0.8,1.0,1.0,OFF,OFF,OFF,-0.04906021578876755,-0.04986600600209008,-0.05375201781380592,-0.08451763540506363,-0.08502893149852753,-0.08719906210899353,0.0008057902133225339,0.0005112960934638977,0.004691802025038369,0.002681426703929901,1.3730258665196298,1.71875,26.688899928938074,6195.084910867539,0.4912961559268664,0.0,28.407649928938074,6565.553381142869,0.4910742064997802,0.0008171945810317993,-2.7542972506441887e-05,-0.0002219494270861988,370.4684702753293
15-30,0.4866024074639549,28.463312997602472,235.1992840620379,27.670864445467792,6.666666507720947,7.407416820526123,1,1.5408164262771606,0.8296573758125305,0.9122574564499307,1.0,0.125,1.0,1.0,OFF,OFF,OFF,-0.07122860136828199,-0.07151388783518825,-0.07586486706597692,-0.10943948477506638,-0.10721205174922943,-0.1134699136018753,0.00028528646690625936,-0.0022274330258369446,0.00463626569769493,0.0040304288268089294,1.4743616044559507,0.625,27.838312997602472,8207.719501084102,0.48168463245381354,0.0,28.463312997602472,8380.597953157214,0.4815805220212276,0.0013146400451660156,-4.3484062761417475e-05,-0.00010411043258595765,172.87845207311148
15-30,0.4786648405368459,28.619387623959714,290.54051420713466,27.66983132908742,8.148138999938965,8.88888931274414,1,1.7893160581588745,0.9570752382278442,0.9456883377498562,1.0,-0.02499999999999991,0.0,0.4912500000000001,OFF,OFF,ASSIST,-0.11954960338102535,-0.11038258244143312,-0.11370154611802422,-0.13541990518569946,-0.13527977466583252,-0.14313818514347076,-0.009167020939592235,-0.00014013051986694336,-0.0058480572630011385,0.007718279957771301,1.570225584626378,0.3125,28.306887623959714,10067.375859990743,0.4726097003310006,14.447755049583883,14.171632574375831,5564.262996944393,0.47532734103698515,-0.021814003586769104,0.011381660886984057,0.0027176407059845697,-4503.11286304635
15-30,0.4577753111908083,23.033195116783656,49.88684323094786,19.95390367433429,1.602555513381958,2.1367499828338623,1,-0.5628682374954224,0.27735602855682373,-0.5101024453439909,-0.475,-1.0,-1.0,-0.85,LPS,LPS,LPS,-0.03046084133402225,-0.02791814533638926,-0.02448231781835879,-0.03350986912846565,-0.02691217139363289,-0.016521088778972626,-0.002542695997632991,-0.006597697734832764,-0.005978523515663459,-0.016988780349493027,1.8225136529208106,28.62697107371683,-5.593775956933174,-117.89141536078573,0.45784627854979093,42.61141096604976,-19.57821584926611,-657.8199402513742,0.45817117009368,-0.010399173945188522,0.0017686165255711116,0.00032489154388909425,-539.9285248905885
15-30,0.45872912284703277,22.170908845677836,89.79621361345053,19.954945696890356,2.6709444522857666,3.205138921737671,1,-0.24423690140247345,0.34251025319099426,-0.23949366687834073,-0.35,-1.0,-1.0,-0.85,ASSIST,LPS,LPS,-0.03356134010728257,-0.02946453249531804,-0.02373250675601391,-0.03712262585759163,-0.030750710517168045,-0.029791653156280518,-0.004096807611964525,-0.006371915340423584,-0.009828833351268655,-0.0073309727013111115,1.8109942310956733,20.45381796111005,1.717090884567785,473.07752674154875,0.4584443323862428,41.01618136450399,-18.84527251882616,-1202.474651995934,0.4594522677055424,-0.007661700248718262,0.005695631274171817,0.0010079353192996021,-1675.5521787374828
15-30,0.45753407158914877,21.892507698276756,129.70558399595322,19.95390367433429,3.7393054962158203,4.273499965667725,1,0.27242612838745117,0.5005291700363159,0.2658809052772966,-0.1499999999999999,0.8500000000000001,0.9199999999999999,0.976875,OFF,ASSIST,OFF,-0.023622326345695083,-0.022699639557559447,-0.022882021910480548,-0.043865375220775604,-0.03818294033408165,-0.04482202231884003,-0.0009226867881356356,-0.0056824348866939545,-0.0007403044352145352,0.0009566470980644226,1.8254271638999529,4.53125,17.361257698276756,3034.047385624295,0.45570398152545305,0.46875,21.423757698276756,3668.404510391054,0.4553204845067281,0.0021878108382225037,0.011074373701901395,-0.00038349701872497644,634.3571247667587
15-30,0.45283199009342157,21.806663880068825,169.61495437845588,19.954945696890356,4.807694435119629,5.341888904571533,1,0.8463859558105469,0.7035009264945984,0.6891766909895173,0.9500000000000002,0.8500000000000001,0.8400000000000001,0.95375,OFF,OFF,OFF,-0.031865114940563044,-0.030323211401955267,-0.03020710616149081,-0.054488301277160645,-0.05532107129693031,-0.06376263499259949,-0.0015419035386077772,0.0008327700197696686,-0.0016580087790722328,0.009274333715438843,1.8822153776442243,1.875,19.931663880068825,4359.709202376836,0.45019592358931504,0.9375,20.869163880068825,4544.936311105144,0.4500836129184547,3.548711538314819e-05,0.01629826411174086,-0.0001123106708603161,185.22710872830794
15-30,0.44704870942874886,21.815793537005597,209.52432921404642,19.953912580509982,5.876055717468262,6.410250186920166,1,1.2529327869415283,0.8333456516265869,0.8491039937581919,1.0,0.8500000000000001,0.8400000000000001,0.95375,OFF,OFF,OFF,-0.04154145616285586,-0.03911256298298355,-0.03821465429079886,-0.07428880035877228,-0.07736509293317795,-0.08480443060398102,-0.002428893179872306,0.00307629257440567,-0.0033268018720570003,0.01051563024520874,1.9520615040516427,0.9375,20.878293537005597,5527.921384214844,0.4436972679318185,0.9375,20.878293537005597,5527.921384214844,0.4436972679318185,-0.000311143696308136,4.89733928879868e-05,0.0,0.0
15-30,0.4399852967300777,21.889593852777875,249.43370404963693,19.954945696890356,6.94444465637207,7.478639125823975,1,1.4246519804000854,0.9078842401504517,0.8905653849584874,1.0,0.8500000000000001,0.9199999999999999,0.976875,OFF,OFF,OFF,-0.052489053867542615,-0.0495370357620983,-0.04817685075169443,-0.09903913736343384,-0.10127389430999756,-0.1070748120546341,-0.0029520181054443137,0.0022347569465637207,-0.004312203115848186,0.008035674691200256,2.037368105066669,0.625,21.264593852777875,6587.259090235568,0.43597929228682486,0.46875,21.420843852777875,6630.724314765851,0.43595274948747664,0.0010632649064064026,-0.0001915480373859066,-2.6542799348217017e-05,43.465224530283194
15-30,0.4316251819704867,22.010239830479712,289.34359544341766,19.954945696890356,8.012833595275879,8.54699993133545,1,1.514474868774414,0.9681774973869324,0.9077299530518899,1.0,0.8500000000000001,0.9199999999999999,0.976875,OFF,OFF,OFF,-0.07555917941725863,-0.0629300706756288,-0.05789751651475714,-0.12307244539260864,-0.1254545897245407,-0.1306982785463333,-0.012629108741629841,0.002382144331932068,-0.017661662902501492,0.00762583315372467,2.138335301046939,0.625,21.385239830479712,7561.010589288146,0.4270109456218826,0.46875,21.541489830479712,7609.8451428833205,0.4269810005089837,0.0005135014653205872,-9.403740229194102e-05,-2.9945112898888127e-05,48.83455359517484
15-30,0.3520916076122536,16.343808312410175,199.913200545311,0.0,13.88888931274414,13.88888931274414,3,0.7294262051582336,0.13358429074287415,0.6227141823649154,0.7000000000000002,0.20000000000000018,0.21500000000000008,0.699375,OFF,OFF,OFF,-0.07304363788154605,-0.08523486596603273,-0.07721512045410076,-0.08235916495323181,-0.12805408239364624,-0.11960849165916443,0.01219122808448668,0.04569491744041443,0.004171482572554702,0.03724932670593262,3.0988821619649096,2.34375,14.000058312410175,3302.543992581614,0.3500252617708127,4.84375,11.500058312410175,2740.5730642075728,0.3503775139518065,-0.019852951169013977,0.003608581473375533,0.00035225218099377287,-561.9709283740413
15-30,0.3486801962246308,16.343808312410175,199.913200545311,0.0,13.88888931274414,13.88888931274414,3,0.7304821014404297,0.13471609354019165,0.6233602056134677,0.7000000000000002,0.20000000000000018,0.21500000000000008,0.699375,OFF,OFF,OFF,-0.07738651348209089,-0.08943351721959769,-0.08121617648870057,-0.08787215501070023,-0.13275152444839478,-0.12407508492469788,0.012047003737506806,0.04487936943769455,0.003829663006609682,0.03620292991399765,3.1400826301460776,2.34375,14.000058312410175,3302.543992581614,0.3466113650259637,4.84375,11.500058312410175,2740.5730642075728,0.3469640424245418,-0.020278364419937134,0.003658999165365384,0.0003526773985781384,-561.9709283740413
15-30,0.34526468232635593,16.343808312410175,199.913200545311,0.0,13.88888931274414,13.88888931274414,3,0.7315393686294556,0.13585884869098663,0.6240062160906013,0.7000000000000002,0.20000000000000018,0.21500000000000008,0.699375,OFF,OFF,OFF,-0.08178083051131461,-0.09368367181216247,-0.08526882294786328,-0.0933530181646347,-0.13745459914207458,-0.12862282991409302,0.011902841300847858,0.04410158097743988,0.0034879924365486675,0.03526981174945831,3.181332645374018,2.34375,14.000058312410175,3302.543992581614,0.34319335677177537,4.84375,11.500058312410175,2740.5730642075728,0.3435464609330956,-0.020865455269813538,0.003709537165787938,0.00035310416132022793,-561.9709283740413
15-30,0.3418450510659547,16.343808312410175,199.913200545311,0.0,13.88888931274414,13.88888931274414,3,0.728289008140564,0.13710243999958038,0.6220174665147411,0.7000000000000002,0.20000000000000018,0.21500000000000008,0.699375,OFF,OFF,OFF,-0.08622677351755977,-0.09798551536809177,-0.08937324694381266,-0.10100733488798141,-0.14326289296150208,-0.13427181541919708,0.011758741850532009,0.04225555807352066,0.003146473426252891,0.03326448053121567,3.222632387013698,2.34375,14.000058312410175,3302.543992581614,0.33977122210230676,4.84375,11.500058312410175,2740.5730642075728,0.3401247545809131,-0.022127516567707062,0.00373626693403388,0.0003535324786063665,-561.9709283740413
15-30,0.33842128750207523,16.343808312410175,199.913200545311,0.0,13.88888931274414,13.88888931274414,3,0.7044299244880676,0.14311635494232178,0.6071720992045114,0.6500000000000001,0.20000000000000018,0.21500000000000008,0.699375,OFF,OFF,OFF,-0.09072452815607908,-0.10233923463033677,-0.09352963672343789,-0.11177325993776321,-0.14548632502555847,-0.14254696667194366,0.011614706474257691,0.03371306508779526,0.0028051085673588133,0.03077370673418045,3.2639820355155615,2.4999999999999982,13.843808312410177,3267.774526373283,0.3363668535967206,4.84375,11.500058312410175,2740.5730642075728,0.3366989083811791,-0.024156562983989716,0.0036443290910954107,0.0003320547844585242,-527.2014621657104
15-30,0.3349933766027245,16.343808312410175,199.913200545311,0.0,13.88888931274414,13.36805534362793,3,0.6876449584960938,0.1490245759487152,0.5964669497565767,0.625,0.20000000000000018,0.21500000000000008,0.699375,OFF,OFF,OFF,-0.09527428119835969,-0.1067450174698989,-0.09773818167796111,-0.12394645810127258,-0.14605742692947388,-0.1466858983039856,0.011470736271539203,0.022110968828201294,0.002463900479601419,0.022739440202713013,3.305381772424745,2.4999999999999982,13.843808312410177,3267.774526373283,0.3329364477393686,4.84375,11.500058312410175,2740.5730642075728,0.3332689072560505,-0.0213911235332489,0.0035876043677874614,0.00033245951668192664,-527.2014621657104
15-30,0.3333501236609316,28.704784434086545,96.84701025510829,27.670864445467792,2.9629721641540527,3.7036943435668945,1,-0.8750729560852051,0.24214588105678558,-0.7039424096244274,-0.3999999999999999,-1.0,-1.0,-0.85,LPS,LPS,LPS,-0.1247112496657181,-0.11288280259250882,-0.09617920528560593,-0.15442775189876556,-0.14560732245445251,-0.13863006234169006,-0.011828447073209278,-0.00882042944431305,-0.02853204438011217,-0.0157976895570755,3.3252277490160136,42.64710830207144,-13.942323867984891,-852.675490945065,0.33388568625159887,53.1038512030601,-24.39906676897356,-1679.0536543462697,0.33440415328570305,-0.004636690020561218,0.0054553706478173425,0.0005184670341041864,-826.3781634012047
15-30,0.33448073334504497,28.435156175566107,152.1877149358392,27.670882257819176,4.44444465637207,5.185194492340088,1,-0.8895759582519531,0.2354706972837448,-0.7111842263734894,-0.675,-1.0,-0.41000000000000003,-0.13312499999999994,LPS,LPS,LPS,-0.150298032835596,-0.14029050865211196,-0.12836503283654482,-0.17781546711921692,-0.16411221027374268,-0.16042044758796692,-0.010007524183484051,-0.013703256845474243,-0.021932999999051184,-0.01739501953125,3.3115730932085556,42.246517746555355,-13.81136157098925,-1390.149296478903,0.33535322237837895,31.88799656831342,-3.4528403927473104,-101.81651400484104,0.3345446903647253,-0.0010986179113388062,-0.0027014056225131144,-0.0008085320136536622,1288.3327824740618
15-30,0.33468267679764974,28.419392570134708,207.52893617476028,27.66983132908742,5.92591667175293,6.666666507720947,1,-0.9982606172561646,0.24109987914562225,-0.7608626915972118,-0.775,-1.0,-0.41000000000000003,-0.13312499999999994,LPS,LPS,LPS,-0.1809036587156379,-0.1674787091519707,-0.15088502906237594,-0.2118113487958908,-0.20445021986961365,-0.18654358386993408,-0.013424949563667216,-0.007361128926277161,-0.030018629653261963,-0.025267764925956726,3.3091341716455847,43.948560653101175,-15.529168082966466,-2238.4980976045786,0.3360867195448138,31.87031881079392,-3.4509262406592116,-138.55515054902702,0.3347697032196497,-0.0062316060066223145,-0.004950162671780667,-0.0013170163251640665,2099.9429470555515
15-30,0.33495262170127704,28.531153936958074,262.87015741368134,27.670882257819176,7.407416820526123,8.148138999938965,1,-1.161657691001892,0.2618088722229004,-0.8215793773127754,-0.825,-1.0,-0.41000000000000003,-0.13312499999999994,LPS,LPS,LPS,-0.22318882578327254,-0.19986189934220616,-0.17958589868292252,-0.24564355611801147,-0.23012840747833252,-0.21588978171348572,-0.023326926441066376,-0.015515148639678955,-0.04360292710035002,-0.029753774404525757,3.305873979558252,46.71976457176885,-18.18861063481077,-3534.2809935000296,0.33716730454252203,31.99565120073155,-3.4644972637734774,-178.52221035706154,0.33506473776143003,-0.0073146820068359375,-0.007366715800301876,-0.002102566781091997,3355.7587831429682
15-30,0.31995087858308224,24.384565683441387,29.932418545335533,19.954945696890356,1.0683889389038086,1.602555513381958,1,-0.9696044921875,0.26695847511291504,-0.7485304327960538,1.0,-1.0,-1.0,-0.85,LPS,OFF,LPS,-0.12526149958039628,-0.12173510261362004,-0.11706043019632958,-0.16380265355110168,-0.17404159903526306,-0.17546311020851135,-0.0035263969667762435,0.010238945484161377,-0.0082010693840667,0.011660456657409668,3.4870537816324703,37.708989074750434,-13.324423391309045,-241.45804747268716,0.3201033198734436,45.11144651436656,-20.72688083092518,-405.7423020415464,0.32020701027821147,-0.01615680754184723,0.001156552537945374,0.0001036904047678755,-164.28425456885924
15-30,0.32062216233778623,22.469354981003363,69.84126791656018,19.954945696890356,2.1367499828338623,2.6709444522857666,1,-1.1275551319122314,0.30323636531829834,-0.8101808507206756,1.0,-1.0,-1.0,-0.85,LPS,OFF,LPS,-0.131245987729491,-0.12426479348454704,-0.11465563727870771,-0.16439439356327057,-0.15614837408065796,-0.15836778283119202,-0.006981194244943964,-0.00824601948261261,-0.01659035045078329,-0.006026610732078552,3.4789465199059713,36.11146336232684,-13.642108381323473,-623.1145812634608,0.32101536306674805,41.56830671485622,-19.098951733852857,-927.4563884106587,0.321207290888091,-0.004737555980682373,0.0020165583166436435,0.00019192782134297426,-304.341807147198
15-30,0.3219656305316308,21.997087286138935,109.7511593103409,19.954945696890356,3.205138921737671,3.7393054962158203,1,-1.0885957479476929,0.305218905210495,-0.7963650391194216,1.0,-1.0,0.9199999999999999,0.976875,LPS,OFF,OFF,-0.1351568580485672,-0.12957793562990827,-0.1232526666619512,-0.1643836498260498,-0.15983828902244568,-0.16886335611343384,-0.005578922418658927,-0.004545360803604126,-0.011904191386615998,0.004479706287384033,3.4627211186618623,35.35246170986615,-13.355374423727213,-994.7120882610267,0.3225928637975185,0.46875,21.528337286138935,3186.1854446169864,0.31995087002252276,0.020769834518432617,-0.002544759723757853,-0.0026419937749957434,4180.897532878013
15-30,0.31763459827679935,21.83441275996098,149.66000868156556,19.954945696890356,4.273499965667725,4.807694435119629,1,-1.0762895345687866,0.3024604320526123,-0.7918190706466534,1.0,-1.0,0.9199999999999999,0.976875,LPS,OFF,OFF,-0.13737758186451543,-0.12915769232796062,-0.11910142466348334,-0.189430832862854,-0.1902921348810196,-0.19217702746391296,-0.008219889536554809,0.0008613020181655884,-0.018276157201032095,0.00274619460105896,3.515028077961525,35.091020507080145,-13.256607747119167,-1393.7325601243322,0.3185145543063227,0.46875,21.36566275996098,4130.146720972251,0.3150172248977218,0.018431246280670166,-0.007330542551004682,-0.003497329408600869,5523.879281096583
15-30,0.3121448353126679,21.80236084171666,189.56990007534625,19.954945696890356,5.341888904571533,5.876055717468262,1,-1.1022846698760986,0.30607712268829346,-0.8013181786255299,1.0,-1.0,0.8400000000000001,0.95375,LPS,OFF,OFF,-0.15668329940227926,-0.14637583377691715,-0.13302363617752888,-0.223627507686615,-0.22031468152999878,-0.21537324786186218,-0.010307465625362111,-0.003312826156616211,-0.023659663224750382,-0.008254259824752808,3.5813293177200816,35.03950849561606,-13.237147653899402,-1781.3011598450787,0.31327138653323183,0.9375,20.86486084171666,5038.628924462593,0.30894348400312227,0.0074138343334198,-0.008471726878511443,-0.004327902530109562,6819.930084307672
15-30,0.3054443529358163,21.846468472597756,229.4787583527466,19.954945696890356,6.410250186920166,6.94444465637207,1,-1.1903743743896484,0.3187747299671173,-0.8306949404435103,1.0,-1.0,0.9199999999999999,0.976875,LPS,OFF,OFF,-0.17961511714918973,-0.16684665734163437,-0.1500077027267664,-0.26069554686546326,-0.2522020637989044,-0.2394661009311676,-0.012768459807555366,-0.008493483066558838,-0.029607414422423345,-0.021229445934295654,3.6622527185059126,35.77359212387883,-13.927123651281068,-2320.9752666415393,0.3069151719122298,0.46875,21.377718472597756,6136.444937965239,0.30153316850118467,0.0032858848571777344,-0.010709598049965907,-0.005382003411045111,8457.420204606778
15-30,0.29731033392796036,21.944547772229285,269.3886497465273,19.954945696890356,7.478639125823975,8.012833595275879,1,-1.3020033836364746,0.3338562846183777,-0.8622380072643004,-0.725,-1.0,0.9199999999999999,0.976875,LPS,LPS,OFF,-0.21651553806521812,-0.19333835287183804,-0.1708017711253817,-0.29983198642730713,-0.2907871901988983,-0.2633635997772217,-0.02317718519338008,-0.009044796228408813,-0.04571376693983642,-0.03646838665008545,3.760489299568541,36.600370748682415,-14.655822976453129,-2944.5013457862456,0.2991809025265844,0.46875,21.475797772229285,7121.802878681312,0.2927546954984076,-0.014881819486618042,-0.011421079046238736,-0.006426207028176811,10066.304224467558
15-30,0.29440980928853483,16.343808312410175,199.913200545311,0.0,13.88888931274414,13.88888931274414,3,0.9907757043838501,0.2434898465871811,0.7576928920861855,0.9000000000000001,-1.0,0.21500000000000008,0.699375,OFF,OFF,OFF,-0.24046947086741902,-0.2502542567482542,-0.23893786191466423,-0.23854458332061768,-0.26133057475090027,-0.2654690146446228,0.009784785880835173,0.022785991430282593,-0.0015316089527547816,0.026924431324005127,3.7955196607700423,1.5624999999999982,14.781308312410177,3475.6841233200284,0.29218977633225796,4.84375,11.500058312410175,2740.5730642075728,0.29266020149714644,-0.018657654523849487,0.005775478360903141,0.0004704251648884883,-735.1110591124557
15-30,0.2909276747282781,16.343808312410175,199.913200545311,0.0,13.88888931274414,13.88888931274414,3,0.7164090871810913,0.1772904247045517,0.6146800804596048,0.8250000000000002,-1.0,0.21500000000000008,0.699375,OFF,OFF,OFF,-0.15790846253814345,-0.16755021066678322,-0.1560378861027861,-0.19625455141067505,-0.22582373023033142,-0.22718077898025513,0.009641748128639771,0.029569178819656372,-0.0018705764353573462,0.030926227569580078,3.8375742703879037,2.34375,14.000058312410175,3302.543992581614,0.28881584006207345,4.84375,11.500058312410175,2740.5730642075728,0.2891758757707392,-0.019523397088050842,0.004312827837375133,0.0003600357086657735,-561.9709283740413
15-30,0.2874411765738961,16.343808312410175,199.913200545311,0.0,13.88888931274414,13.88888931274414,3,0.7135401368141174,0.18080689013004303,0.6128919617864045,0.8250000000000002,-1.0,0.21500000000000008,0.699375,OFF,OFF,OFF,-0.16319258673350517,-0.1726913786774693,-0.16098323864021383,-0.20313423871994019,-0.23391661047935486,-0.23483732342720032,0.009498791943964136,0.030782371759414673,-0.0022093480932913467,0.03170308470726013,3.879681580222913,2.34375,14.000058312410175,3302.543992581614,0.2853266883802487,4.84375,11.500058312410175,2740.5730642075728,0.2856871781883909,-0.01934334635734558,0.00433697668171748,0.0003604898081421837,-561.9709283740413
15-30,0.28395029836235564,16.343808312410175,199.913200545311,0.0,13.88888931274414,13.88888931274414,3,0.7108170390129089,0.18419389426708221,0.6111889209615177,0.8500000000000001,-1.0,0.21500000000000008,0.699375,OFF,OFF,OFF,-0.16853159960884917,-0.17788751822749221,-0.16598367875914344,-0.21002250909805298,-0.2420230209827423,-0.242742121219635,0.009355918618643044,0.03200051188468933,-0.0025479208497057315,0.03271961212158203,3.9218417891032407,2.4999999999999982,13.843808312410177,3267.774526373283,0.2818554867036139,4.84375,11.500058312410175,2740.5730642075728,0.28219409223498554,-0.019224494695663452,0.004361641018339357,0.0003386055313716607,-527.2014621657104
15-30,0.28045502352677654,16.343808312410175,199.913200545311,0.0,13.88888931274414,13.88888931274414,3,0.6953968405723572,0.19109927117824554,0.6014378391927223,0.8,-1.0,0.21500000000000008,0.699375,OFF,OFF,OFF,-0.17392570682514236,-0.1831388362840164,-0.1710394152315376,-0.22043344378471375,-0.25486645102500916,-0.25723835825920105,0.009213129458874036,0.03443300724029541,-0.0028862915936047617,0.036804914474487305,3.9640550971112383,2.4999999999999982,13.843808312410177,3267.774526373283,0.27835756654121746,4.84375,11.500058312410175,2740.5730642075728,0.2786966012910996,-0.01746770739555359,0.00429733197552537,0.0003390347498821167,-527.2014621657104
15-30,0.2769553353955125,16.343808312410175,199.913200545311,0.0,13.88888931274414,13.88888931274414,3,0.6772540211677551,0.20274028182029724,0.5897313215253007,0.5250000000000001,-1.0,0.21500000000000008,0.699375,OFF,OFF,OFF,-0.17937511533184725,-0.18844554111725315,-0.1761506581524287,-0.22701209783554077,-0.2664880156517029,-0.2690015137195587,0.0090704257854059,0.03947591781616211,-0.0032244571794185495,0.041989415884017944,4.006321705594547,2.4999999999999982,13.843808312410177,3267.774526373283,0.27485522302558174,4.84375,11.500058312410175,2740.5730642075728,0.2751946886320769,-0.016448676586151123,0.004209097714508558,0.00033946560649517066,-527.2014621657104
15-30,0.2747400077044791,29.088418441861513,69.17614135655265,27.670873351643486,2.222222328186035,2.9629721641540527,1,-1.2636066675186157,0.2595628499984741,-0.8520553843866419,1.0,-1.0,-1.0,-0.85,LPS,OFF,LPS,-0.20335935431476374,-0.1926908622418833,-0.17803384912465298,-0.25939181447029114,-0.2568363845348358,-0.25646066665649414,-0.010668492072880426,-0.0025554299354553223,-0.02532550519011076,-0.002931147813796997,4.03307677195108,48.515326472676165,-19.42690803081465,-893.6306529787713,0.27531311988635865,53.8135741174438,-24.725155675582286,-1177.0328864085718,0.27549472615506687,-0.004937231540679932,0.002234315397371678,0.00018160626870822316,-283.4022334298005
15-30,0.27657067663934015,28.52020275067251,124.5173581423859,27.66983132908742,3.7036943435668945,4.44444465637207,1,-1.265951156616211,0.25407007336616516,-0.8526964963199928,1.0,-1.0,-1.0,-0.85,LPS,OFF,LPS,-0.21425580414722384,-0.20310166726594758,-0.18894245564002216,-0.26546433568000793,-0.26295652985572815,-0.26334476470947266,-0.011154136881276255,-0.002507805824279785,-0.025313348507201683,-0.0021195709705352783,4.010967325557528,47.56762387344308,-19.04742112277057,-1664.708724886136,0.2776370329238064,52.76237508874414,-24.242172338071633,-2205.872079186549,0.2779831562983208,-0.0037910640239715576,0.0017690526923826444,0.00034612337451439545,-541.163354300413
15-30,0.2797485353785117,28.407649928938074,179.8585882874827,27.670864445467792,5.185194492340088,5.92591667175293,1,-1.2265681028366089,0.24732860922813416,-0.841580986369298,-0.375,-1.0,-1.0,-0.85,LPS,LPS,LPS,-0.2588040210504419,-0.24374825757237695,-0.22371528526315584,-0.29569289088249207,-0.2967737913131714,-0.28051841259002686,-0.015055763478064976,0.0010809004306793213,-0.03508873578728608,-0.01517447829246521,3.9725875310998697,47.37990184576457,-18.972251916826497,-2474.469579712349,0.2813309069657183,52.55415236853544,-24.146502439597363,-3293.781999695531,0.2818536545228848,-0.009281933307647705,0.00303484137633539,0.0005227475571665252,-819.3124199831818
15-30,0.284307715967082,28.463312997602472,235.1992840620379,27.670864445467792,6.666666507720947,7.407416820526123,1,-1.258471131324768,0.2584799826145172,-0.8506420672263155,-0.2749999999999999,-1.0,-1.0,-0.85,LPS,ASSIST,LPS,-0.2902213724985565,-0.27141276468610664,-0.2462833735463123,-0.33426281809806824,-0.30829358100891113,-0.30002933740615845,-0.018808607812449862,-0.025969237089157104,-0.043937998952244206,-0.03423348069190979,3.917525167336559,47.472739892429836,-19.009426894827364,-3304.2442964965626,0.2864160642838061,52.657129045564574,-24.193816047962102,-4410.518156931117,0.2871198200008713,-0.008382230997085571,0.003909063170517341,0.0007037557170651576,-1106.2738604345545
15-30,0.2902985173444015,28.619387623959714,290.54051420713466,27.66983132908742,8.148138999938965,8.88888931274414,1,-1.3392821550369263,0.2694765627384186,-0.8714997218834097,-0.55,-1.0,-1.0,-0.85,LPS,LPS,LPS,-0.334653725376022,-0.30369227335282645,-0.272826611086342,-0.35145214200019836,-0.31683430075645447,-0.31395411491394043,-0.030961452023195557,-0.034617841243743896,-0.06182711428968002,-0.037498027086257935,3.845172761402327,48.601852911403014,-19.9824652874433,-4427.103710783751,0.2931151404697375,52.94586710432547,-24.326479480365755,-5592.944925398387,0.29385405874298487,-0.0035288631916046143,0.004494680852380695,0.0007389182732473465,-1165.8412146146356
15-30,0.28632176791711383,23.033195116783656,49.88684323094786,19.95390367433429,1.602555513381958,2.1367499828338623,1,-1.2626047134399414,0.2951633036136627,-0.8517806128578762,0.925,-1.0,-1.0,-0.85,LPS,OFF,LPS,-0.1766350459760192,-0.17073868068674947,-0.16277370698442806,-0.22420857846736908,-0.22938600182533264,-0.23430410027503967,-0.005896365289269734,0.005177423357963562,-0.013861338991591143,0.010095521807670593,3.8932009584230367,38.41607899834988,-15.382883881566226,-496.7187730537462,0.2866390925976521,42.61141096604976,-19.57821584926611,-657.8199402513742,0.2867419642207577,-0.007279485464096069,0.0012326879022640236,0.00010287162310562703,-161.101167197628
15-30,0.2873341975467419,22.170908845677836,89.79621361345053,19.954945696890356,2.6709444522857666,3.205138921737671,1,-1.3628817796707153,0.3370293378829956,-0.877059767946556,1.0,-1.0,-1.0,-0.85,LPS,OFF,LPS,-0.18241726360409777,-0.1728839933320766,-0.15955253845268602,-0.22349166870117188,-0.22339288890361786,-0.23073400557041168,-0.009533270272021166,-9.877979755401611e-05,-0.022864725151411747,0.007242336869239807,3.8809735926786115,37.650954128999324,-15.480045283321488,-954.830940109011,0.28794377023731815,41.01618136450399,-18.84527251882616,-1202.474651995934,0.28810173780657167,-0.0014585554599761963,0.0018795307298102304,0.0001579675692535143,-247.64371188692303
15-30,0.28606514982545167,21.892507698276756,129.70558399595322,19.95390367433429,3.7393054962158203,4.273499965667725,1,-1.3491767644882202,0.33425143361091614,-0.8738588390363901,1.0,-1.0,0.9199999999999999,0.976875,LPS,OFF,OFF,-0.17831612811576975,-0.16998178760998378,-0.1594847396673122,-0.23647940158843994,-0.2432447373867035,-0.24256592988967896,-0.008334340505785964,0.00676533579826355,-0.018831388448457553,0.006086528301239014,3.896300199270564,37.17816932332356,-15.285661625046805,-1409.933488469748,0.2869653922406051,0.46875,21.423757698276756,3668.404510391054,0.28371465425211395,0.02039608359336853,-0.011058576065131664,-0.003250737988491126,5078.337998860802
15-30,0.2810719000194184,21.806663880068825,169.61495437845588,19.954945696890356,4.807694435119629,5.341888904571533,1,-1.3409407138824463,0.32430779933929443,-0.87189800970861,1.0,-1.0,0.8400000000000001,0.95375,LPS,OFF,OFF,-0.19785142333479558,-0.18695399044059308,-0.17302798225379942,-0.2690798044204712,-0.27536600828170776,-0.2643577456474304,-0.010897432894202502,0.006286203861236572,-0.024823441080996156,-0.0047220587730407715,3.9566049254904794,37.032388124902596,-15.225724244833769,-1879.7578876665552,0.2822738872517263,0.9375,20.869163880068825,4544.936311105144,0.27815273786659395,0.010492861270904541,-0.013199203854958819,-0.004121149385132361,6424.6941987717
15-30,0.2749287354487397,21.815793537005597,209.52432921404642,19.953912580509982,5.876055717468262,6.410250186920166,1,-1.3812514543533325,0.3319093883037567,-0.8812311910391085,-0.42499999999999993,-1.0,0.8400000000000001,0.95375,LPS,LPS,OFF,-0.22081006859817315,-0.20702336239492164,-0.18907742589759696,-0.3148413598537445,-0.3033572733402252,-0.28876855969429016,-0.013786706203251509,-0.011484086513519287,-0.031732642700576186,-0.026072800159454346,4.030797459801708,37.04789223873629,-15.232098701730692,-2350.041785048638,0.27643426868773036,0.9375,20.878293537005597,5527.921384214844,0.2713678495576203,-0.0008100271224975586,-0.016063724062879925,-0.005066419130110078,7877.963169263481
15-30,0.2674231303666333,21.889593852777875,249.43370404963693,19.954945696890356,6.94444465637207,7.478639125823975,1,-1.4379104375839233,0.3400251567363739,-0.8932763027828509,-0.5249999999999999,-1.0,0.9199999999999999,0.976875,LPS,LPS,OFF,-0.2472945767333147,-0.23094098744389352,-0.2092296202046741,-0.3562384247779846,-0.33318382501602173,-0.31537458300590515,-0.016353589289421183,-0.02305459976196289,-0.038064956528640614,-0.04086384177207947,4.121444528779579,37.83772651694461,-15.948132664166737,-2999.2287346713,0.26934888625861664,0.46875,21.420843852777875,6630.724314765851,0.263136846185545,-0.014583617448806763,-0.018682915418999302,-0.006212040073071634,9629.95304943715
15-30,0.2585359681837651,22.010239830479712,289.34359544341766,19.954945696890356,8.012833595275879,8.54699993133545,1,-1.528175950050354,0.3511877655982971,-0.9101119307169386,-0.55,-1.0,0.9199999999999999,0.976875,LPS,LPS,OFF,-0.2883231698516092,-0.2601983457500571,-0.23143159313746262,-0.3984109163284302,-0.3692166209220886,-0.3515062630176544,-0.028124824101552093,-0.029194295406341553,-0.0568915767141466,-0.04690465331077576,4.228777008252623,38.04627170697207,-16.03603187649236,-3555.657386877084,0.2608254340009467,0.46875,21.541489830479712,7609.8451428833205,0.2535973104187294,-0.03227218985557556,-0.022084252127031495,-0.007228123582217305,11165.502529760404
15-30,0.29439733438856797,16.343808312410175,199.913200545311,0.0,13.88888931274414,13.88888931274414,3,0.7194137573242188,0.1736835539340973,0.6165460393959479,0.8,-1.0,0.21500000000000008,0.699375,OFF,OFF,OFF,-0.1526976715893558,-0.16248194456768267,-0.15116484716786893,-0.18933653831481934,-0.21776175498962402,-0.21956120431423187,0.009784272978326874,0.028425216674804688,-0.0015328244214868614,0.030224665999412537,3.7956703232556674,2.34375,14.000058312410175,3302.543992581614,0.2922881338156836,4.84375,11.500058312410175,2740.5730642075728,0.29264771875703266,-0.02035394310951233,0.004289247858200618,0.00035958494134907815,-561.9709283740413
15-30,0.29091518421508183,16.343808312410175,199.913200545311,0.0,13.88888931274414,13.88888931274414,3,0.7163982391357422,0.1773035228252411,0.6146733311035961,0.8250000000000002,-1.0,0.21500000000000008,0.699375,OFF,OFF,OFF,-0.15792730715587205,-0.1675685426721138,-0.15605551594831485,-0.19627916812896729,-0.22585269808769226,-0.22720825672149658,0.009641235516241742,0.029573529958724976,-0.0018717912075572052,0.030929088592529297,3.8377251214384023,2.34375,14.000058312410175,3302.543992581614,0.2888033400544277,4.84375,11.500058312410175,2740.5730642075728,0.2891633773878718,-0.01952013373374939,0.004312911664337116,0.0003600373334440854,-561.9709283740413
15-30,0.2874286703886386,16.343808312410175,199.913200545311,0.0,13.88888931274414,13.88888931274414,3,0.7135303020477295,0.18081890046596527,0.6128858212807871,0.8250000000000002,-1.0,0.21500000000000008,0.699375,OFF,OFF,OFF,-0.1632116277490956,-0.17270990737537886,-0.1610010655911057,-0.2031589150428772,-0.23394566774368286,-0.23486480116844177,0.009498279626283274,0.030786752700805664,-0.002210562157989898,0.031705886125564575,3.8798326205488145,2.34375,14.000058312410175,3302.543992581614,0.2853141726646695,4.84375,11.500058312410175,2740.5730642075728,0.28567466410375203,-0.019342884421348572,0.004337065429218995,0.0003604914390825109,-561.9709283740413
15-30,0.28393777644583423,16.343808312410175,199.913200545311,0.0,13.88888931274414,13.88888931274414,3,0.7058050632476807,0.18428228795528412,0.6080395572896166,0.8500000000000001,-1.0,0.21500000000000008,0.699375,OFF,OFF,OFF,-0.16855083775726248,-0.1779062443575979,-0.16600170356145247,-0.21142709255218506,-0.24453607201576233,-0.24605119228363037,0.009355406600335403,0.03310897946357727,-0.0025491341958100155,0.03462409973144531,3.9219930194195483,2.4999999999999982,13.843808312410177,3267.774526373283,0.2818429553220743,4.84375,11.500058312410175,2740.5730642075728,0.28218156238918507,-0.01917821168899536,0.004327476436359445,0.00033860706711075217,-527.2014621657104
15-30,0.28044248581941483,16.343808312410175,199.913200545311,0.0,13.88888931274414,13.88888931274414,3,0.6869989633560181,0.194387286901474,0.5960506217711807,0.4750000000000001,-1.0,0.21500000000000008,0.699375,OFF,OFF,OFF,-0.173945142845937,-0.1831577605905852,-0.17105763863603518,-0.22110000252723694,-0.2572101950645447,-0.2601076066493988,0.009212617744648183,0.03611019253730774,-0.002887504209901831,0.039007604122161865,3.964206518137472,2.4999999999999982,13.843808312410177,3267.774526373283,0.27834501933289707,4.84375,11.500058312410175,2740.5730642075728,0.278684055624372,-0.01762402057647705,0.0042381649576412606,0.00033903629147491454,-527.2014621657104
15-30,0.2769427818373568,16.343808312410175,199.913200545311,0.0,13.88888931274414,13.36805534362793,3,0.6710458993911743,0.20661914348602295,0.5856674530428644,0.3250000000000002,-1.0,0.21500000000000008,0.699375,OFF,OFF,OFF,-0.17939474996922367,-0.18846466434924586,-0.17616908091465344,-0.26316606998443604,-0.26778510212898254,-0.2701607048511505,0.009069914380022193,0.004619032144546509,-0.003225669054570224,0.0069946348667144775,4.006473318054782,2.6562499999999982,13.687558312410177,3232.957819441998,0.2748650862620708,4.84375,11.500058312410175,2740.5730642075728,0.27518212708427753,0.020495831966400146,0.004164034161989599,0.0003170408222067378,-492.38475523442503
15-30,0.2772335186325712,28.704784434086545,96.84701025510829,27.670864445467792,2.9629721641540527,3.7036943435668945,1,-1.2729337215423584,0.262052446603775,-0.8545907895089413,1.0,-1.0,-1.0,-0.85,LPS,OFF,LPS,-0.20651956045510364,-0.19248416588996292,-0.17266427485520858,-0.2576248049736023,-0.2513246536254883,-0.25511690974235535,-0.014035394565140719,-0.006300151348114014,-0.03385528559989506,-0.0025078952312469482,4.002962017094779,47.87547975256577,-19.170695318479225,-1270.8474786245686,0.2780476081982844,53.1038512030601,-24.39906676897356,-1679.0536543462697,0.2783087970389599,-0.0024619698524475098,0.0031397468767660197,0.00026118884067549697,-408.20617572170113
15-30,0.27972039573180757,28.435156175566107,152.1877149358392,27.670882257819176,4.44444465637207,5.185194492340088,1,-1.2355189323425293,0.24733658134937286,-0.8441727219250592,-0.44999999999999996,-1.0,-1.0,-0.85,LPS,LPS,LPS,-0.24141504876291314,-0.2282958978045846,-0.21173384026583952,-0.2772478759288788,-0.2773694396018982,-0.26688352227211,-0.013119150958328551,0.00012156367301940918,-0.02968120849707362,-0.010364353656768799,3.9729273806480268,47.42577833567633,-18.99062216011022,-2077.2748893295147,0.281049146123941,52.6050389247973,-24.16988274923119,-2759.445770782148,0.2814846756915271,-0.00819861888885498,0.002604730495350538,0.0004355295675860793,-682.1708814526332
15-30,0.28358848680568943,28.419392570134708,207.52893617476028,27.66983132908742,5.92591667175293,6.666666507720947,1,-1.2271591424942017,0.25113970041275024,-0.8417533313862866,-0.35,-1.0,-1.0,-0.85,LPS,LPS,LPS,-0.27205200739465946,-0.254792132304778,-0.23233809770574249,-0.3120388090610504,-0.29997044801712036,-0.28797316551208496,-0.01725987508988147,-0.012068361043930054,-0.03971390968891697,-0.024065643548965454,3.9262114777259867,47.39948689376038,-18.98009432362568,-2882.4208595503746,0.28542868581593855,52.575876254749204,-24.1564836846145,-3844.099799099939,0.28604102683602717,-0.010184943675994873,0.003772361251383971,0.0006123410200886137,-961.6789395495643
15-30,0.2888513918724139,28.531153936958074,262.87015741368134,27.670882257819176,7.407416820526123,8.148138999938965,1,-1.2891874313354492,0.2628543972969055,-0.8589135765665429,-0.19999999999999996,-1.0,-1.0,-0.85,LPS,ASSIST,LPS,-0.3124082194014009,-0.28478849682744484,-0.25782600594042715,-0.33833497762680054,-0.30671584606170654,-0.3046000599861145,-0.027619722573956063,-0.031619131565093994,-0.05458221346097375,-0.033734917640686035,3.862650057508889,47.585888887712215,-19.054734950754142,-3742.7216642772696,0.2912349346523074,52.78263478337244,-24.251480846414363,-4992.4682786210615,0.292028128993635,-0.0077169835567474365,0.0042395679485724425,0.0007931943413276299,-1249.7466143437919
15-30,0.2877948061396989,24.384565683441387,29.932418545335533,19.954945696890356,1.0683889389038086,1.602555513381958,1,-1.1049896478652954,0.26959002017974854,-0.8022841647933868,0.9000000000000001,-1.0,-1.0,-0.85,LPS,OFF,LPS,-0.17049534131195676,-0.16660844197578323,-0.16145589043314063,-0.22197741270065308,-0.23976078629493713,-0.24390548467636108,-0.0038868993361735327,0.017783373594284058,-0.009039450878816135,0.021928071975708008,3.875410707549322,39.18948056267366,-14.804914879232273,-274.4160024685339,0.28797004871927,45.11144651436656,-20.72688083092518,-405.7423020415464,0.2880538905720353,-0.009137272834777832,0.0010014010759605008,8.384185276527623e-05,-131.32629957301248
15-30,0.28847382605784644,22.469354981003363,69.84126791656018,19.954945696890356,2.1367499828338623,2.6709444522857666,1,-1.335942268371582,0.3168875277042389,-0.8706941767216138,0.9750000000000001,-1.0,-1.0,-0.85,LPS,OFF,LPS,-0.17708782346112328,-0.16939130759243282,-0.15879760359059536,-0.22054602205753326,-0.21815338730812073,-0.22694426774978638,-0.007696515868690468,-0.0023926347494125366,-0.018290219870527924,0.006398245692253113,3.8672100142428745,38.15777961952536,-15.68842463852199,-737.4351449221216,0.2889444893231894,41.56830671485622,-19.098951733852857,-927.4563884106587,0.2890656920282794,-0.004738837480545044,0.001512944956327672,0.00012120270509002884,-190.02124348853715
15-30,0.2898327565726671,21.997087286138935,109.7511593103409,19.954945696890356,3.205138921737671,3.7393054962158203,1,-1.3373523950576782,0.335735023021698,-0.8710348560850854,1.0,-1.0,0.9199999999999999,0.976875,LPS,OFF,OFF,-0.18147037251275688,-0.17484448762640914,-0.1670330969937961,-0.2194300889968872,-0.22596052289009094,-0.22976747155189514,-0.006625884886347744,0.006530433893203735,-0.01443727551896079,0.010337382555007935,3.8507978706827566,37.35576787342523,-15.358680587286292,-1177.9631897097527,0.29058399147576774,0.46875,21.528337286138935,3186.1854446169864,0.2877946887786995,0.024070680141448975,-0.0060011219952528505,-0.00278930269706823,4364.148634326739
15-30,0.2854515650219693,21.83441275996098,149.66000868156556,19.954945696890356,4.273499965667725,4.807694435119629,1,-1.3346360921859741,0.3270542323589325,-0.8703778640518866,1.0,-1.0,0.9199999999999999,0.976875,LPS,OFF,OFF,-0.18494109351240168,-0.17536925063961842,-0.16333256176291328,-0.24822202324867249,-0.25832119584083557,-0.24953362345695496,-0.00957184287278326,0.010099172592163086,-0.021608531749488402,0.0013116002082824707,3.903710616338421,37.07951166914802,-15.24509890918704,-1651.2298034131018,0.2865059322832211,0.46875,21.36566275996098,4130.146720972251,0.2828037781143021,0.01773664355278015,-0.012182133829591324,-0.003702154168919003,5781.376524385353
15-30,0.27989792958461773,21.80236084171666,189.56990007534625,19.954945696890356,5.341888904571533,5.876055717468262,1,-1.3426381349563599,0.32609590888023376,-0.8723044389643803,1.0,-1.0,0.8400000000000001,0.95375,LPS,OFF,OFF,-0.20570953761303462,-0.1937286788638898,-0.17788418425650726,-0.28788161277770996,-0.2853822112083435,-0.27300333976745605,-0.011980858749144813,-0.002499401569366455,-0.02782535335652736,-0.014878273010253906,3.970783259924175,37.02508064370097,-15.22271980198431,-2112.5160113373513,0.2812491035005601,0.9375,20.86486084171666,5038.628924462593,0.2766591825965069,0.0059615373611450195,-0.014518842632962742,-0.004589920904053191,7151.1449357999445
15-30,0.2731190551129025,21.846468472597756,229.4787583527466,19.954945696890356,6.410250186920166,6.94444465637207,1,-1.3920701742172241,0.3341033458709717,-0.8836255143999823,-0.42499999999999993,-1.0,0.9199999999999999,0.976875,LPS,LPS,OFF,-0.23027541629626136,-0.21551935057232297,-0.19567193619893578,-0.3312750458717346,-0.31282466650009155,-0.2973547577857971,-0.014756065723938394,-0.018450379371643066,-0.034603480097325584,-0.0339202880859375,4.0526534216376975,37.09998485257226,-15.253516379974505,-2594.082967388326,0.27478173169871706,0.46875,21.377718472597756,6136.444937965239,0.26916188793307394,-0.00403323769569397,-0.01791969298531329,-0.005619843765643118,8730.527905353565
15-30,0.2648892301327643,21.944547772229285,269.3886497465273,19.954945696890356,7.478639125823975,8.012833595275879,1,-1.4654663801193237,0.3439826965332031,-0.8987090828915832,-0.575,-1.0,0.9199999999999999,0.976875,LPS,LPS,OFF,-0.2690250450634696,-0.24353658486733867,-0.2174721008940113,-0.37370556592941284,-0.34681063890457153,-0.3279040455818176,-0.025488460196130908,-0.02689492702484131,-0.05155294416945827,-0.045801520347595215,4.152047075379072,37.93271829199634,-15.98817051976705,-3273.742214366557,0.26699276412991424,0.46875,21.475797772229285,7121.802878681312,0.2602796356955434,-0.022370755672454834,-0.019660067642064155,-0.00671312843437083,10395.54509304787
15-30,0.297049399148812,16.343808312410175,199.913200545311,0.0,13.88888931274414,13.88888931274414,3,0.9926211833953857,0.24202841520309448,0.758477785917799,0.9000000000000001,-1.0,0.21500000000000008,0.699375,OFF,OFF,OFF,-0.233199463099076,-0.24309284987678167,-0.23192521566113655,-0.2340383231639862,-0.2567448914051056,-0.26106566190719604,0.009893386777705682,0.022706568241119385,-0.0012742474379394408,0.02702733874320984,3.76364067413001,1.5624999999999982,14.781308312410177,3475.6841233200284,0.2948314712691295,4.84375,11.500058312410175,2740.5730642075728,0.2953014486884749,-0.020043224096298218,0.005739011470993566,0.00046997741934540205,-735.1110591124557
15-30,0.2935705650710423,16.343808312410175,199.913200545311,0.0,13.88888931274414,13.88888931274414,3,0.7186977863311768,0.1745363026857376,0.6161020338328055,0.8,-1.0,0.21500000000000008,0.699375,OFF,OFF,OFF,-0.153934998373437,-0.16368528635312402,-0.1523216368798907,-0.19103948771953583,-0.21970424056053162,-0.22137686610221863,0.009750287979687022,0.02866475284099579,-0.0016133614935462948,0.0303373783826828,3.8056554229957547,2.34375,14.000058312410175,3302.543992581614,0.2914607374299911,4.84375,11.500058312410175,2740.5730642075728,0.29182042967973104,-0.02015841007232666,0.004294917032524992,0.000359692249739918,-561.9709283740413
15-30,0.2900873798237245,16.343808312410175,199.913200545311,0.0,13.88888931274414,13.88888931274414,3,0.7157040238380432,0.17814916372299194,0.6142412222051358,0.8250000000000002,-1.0,0.21500000000000008,0.699375,OFF,OFF,OFF,-0.15917760559417327,-0.16878487537250517,-0.15722532355727764,-0.19791261851787567,-0.2277732789516449,-0.22902610898017883,0.0096072697783319,0.029860660433769226,-0.001952282036895625,0.03111349046230316,3.8477227220239234,2.34375,14.000058312410175,3302.543992581614,0.28797490623094335,4.84375,11.500058312410175,2740.5730642075728,0.28833505127884257,-0.019430100917816162,0.004318606523209978,0.00036014504789921853,-561.9709283740413
15-30,0.2865998270220239,16.343808312410175,199.913200545311,0.0,13.88888931274414,13.88888931274414,3,0.7128838300704956,0.18161745369434357,0.6124820230111598,0.8250000000000002,-1.0,0.21500000000000008,0.699375,OFF,OFF,OFF,-0.1644749462777189,-0.1739392797324106,-0.16218394026095911,-0.20479442179203033,-0.2358703911304474,-0.23668497800827026,0.00946433345469172,0.031075969338417053,-0.0022910060167597723,0.03189055621623993,3.8898427690982613,2.4999999999999982,13.843808312410177,3267.774526373283,0.2845070161526039,4.84375,11.500058312410175,2740.5730642075728,0.28484529704923855,-0.01931530237197876,0.004342967334265535,0.00033828089663467953,-527.2014621657104
15-30,0.28310789017795046,16.343808312410175,199.913200545311,0.0,13.88888931274414,13.88888931274414,3,0.6975590586662292,0.187853142619133,0.6028161290654716,0.8250000000000002,-1.0,0.21500000000000008,0.699375,OFF,OFF,OFF,-0.16982722511472476,-0.17914870541876832,-0.16719769476663027,-0.21519869565963745,-0.24870598316192627,-0.2513259947299957,0.009321480304043561,0.03350728750228882,-0.0026295303480944887,0.036127299070358276,3.9320157633483475,2.4999999999999982,13.843808312410177,3267.774526373283,0.2810124415717806,4.84375,11.500058312410175,2740.5730642075728,0.2813511504507359,-0.017695322632789612,0.0042805495512490965,0.0003387088789552628,-527.2014621657104
15-30,0.2796115526994464,16.343808312410175,199.913200545311,0.0,13.88888931274414,13.88888931274414,3,0.6783167123794556,0.1990615427494049,0.5904239924065774,0.5250000000000001,-1.0,0.21500000000000008,0.699375,OFF,OFF,OFF,-0.17523464807581746,-0.18441335971189962,-0.1722667961642112,-0.22170457243919373,-0.26018401980400085,-0.2632540464401245,0.009178711636082165,0.03847944736480713,-0.0029678519116062563,0.041549474000930786,3.9742419051606115,2.4999999999999982,13.843808312410177,3267.774526373283,0.27751345634711344,4.84375,11.500058312410175,2740.5730642075728,0.27785259483862135,-0.01754075288772583,0.004185877107910907,0.00033913849150790654,-527.2014621657104
15-30,0.27134575070085215,28.536577458107818,8.857853566746538,17.715707133493076,0.4742499887943268,0.9484999775886536,1,-1.2715771198272705,0.29898279905319214,-0.8542245241066259,0.7750000000000001,-1.0,-1.0,-0.85,LPS,OFF,LPS,-0.177368476844935,-0.17587526724340224,-0.1739616786947495,-0.23480331897735596,-0.24797144532203674,-0.25479984283447266,-0.0014932096015327634,0.013168126344680786,-0.0034067981501855193,0.0199965238571167,4.074070062348134,47.59493454620125,-19.058357088093434,-106.44580967072056,0.27141413849716556,52.79266829749946,-24.256090839391643,-138.2137708663741,0.27143454636547953,-0.003321439027786255,0.0002492786944029157,2.040786831397634e-05,-31.767961195653527
15-30,0.2716516305021481,21.372063961545514,44.28978717510279,17.71674581623326,1.422777771949768,1.8970277309417725,1,-1.235384464263916,0.3101603388786316,-0.8441340751217614,0.8500000000000001,-1.0,-1.0,-0.85,LPS,OFF,LPS,-0.19669888165808375,-0.19163558140392817,-0.18486347676803644,-0.24250063300132751,-0.2594427466392517,-0.2701389193534851,-0.005063300254155578,0.016942113637924194,-0.011835404890047307,0.027638286352157593,4.070375875517931,35.64554953586341,-14.273485574317895,-406.4698805159962,0.27191269025807613,39.538318328859205,-18.166254367313687,-538.8870319751453,0.2719977047952023,-0.005256205797195435,0.0011098731223516123,8.501453712617124e-05,-132.41715145914912
15-30,0.27248072347944485,20.38338872550749,79.72172134009502,17.715710473308963,2.3712778091430664,2.8455278873443604,1,-1.4226378202438354,0.3664919435977936,-0.8901479204680989,0.925,-1.0,-1.0,-0.85,LPS,OFF,LPS,-0.2015017968537499,-0.19338034885872823,-0.18215100537450585,-0.2411952018737793,-0.2535242438316345,-0.2602795660495758,-0.008121447995021652,0.012329041957855225,-0.01935079147924404,0.01908436417579651,4.0603627123578745,35.23414336837723,-14.850754642869742,-813.2971031884078,0.27300276895152387,37.70926914218886,-17.32588041668137,-974.8768914384667,0.2731064149104864,-0.005766004323959351,0.001426971952290662,0.00010364595896250606,-161.57978825005887
15-30,0.2738747300356685,20.046409940738492,115.1531378336251,17.71570156713327,3.319777727127075,3.794027805328369,1,-1.4688937664031982,0.37664520740509033,-0.8993662179270713,1.0,-1.0,0.7750000000000001,0.9306249999999999,LPS,OFF,OFF,-0.20438866192467167,-0.19738509741908125,-0.18904773455372917,-0.2456388771533966,-0.26459547877311707,-0.26238688826560974,-0.0070035645055904205,0.01895660161972046,-0.015340927370942503,0.016748011112213135,4.043526946676722,34.65165146899082,-14.605241528252328,-1190.8332664391662,0.27463852784573456,1.4062499999999964,18.640159940738496,2879.8508637215937,0.2720223632707196,0.019962608814239502,-0.006690040236703276,-0.0026161645750149565,4070.68413016076
15-30,0.2699268659063908,19.9163445737544,150.5850753384332,17.71675249586503,4.268305778503418,4.742555618286133,1,-1.4598534107208252,0.36769935488700867,-0.8976241238768058,1.0,-1.0,0.78,0.9306249999999999,LPS,OFF,OFF,-0.20637219340320656,-0.19702788128147464,-0.18513379809336478,-0.2757137417793274,-0.2830474078655243,-0.27502283453941345,-0.009344312121731924,0.007333666086196899,-0.021238395309841784,-0.0006909072399139404,4.0912062887320415,34.42682419177547,-14.510479618021062,-1595.3048378067715,0.2709512591522274,1.4062499999999964,18.510094573754404,3608.574504871991,0.2676012631015776,0.010394573211669922,-0.011101581740061484,-0.003349996050649784,5203.879342678762
15-30,0.2650128727325844,19.884586263124437,186.01700393706562,17.71570156713327,5.216805458068848,5.691055774688721,1,-1.4816786050796509,0.3645390272140503,-0.9017820081971072,-0.575,-1.0,0.78,0.9306249999999999,LPS,LPS,OFF,-0.22454273957887488,-0.21315983342065434,-0.19805504012971809,-0.3130519390106201,-0.3067183196544647,-0.2930683493614197,-0.011382906158220546,-0.0063336193561553955,-0.0264876994491568,-0.01998358964920044,4.1505538127903945,34.37192768340081,-14.487341420276374,-1986.7533628627698,0.2662905409023771,1.40625,18.478336263124437,4389.743591867921,0.2621772194647636,0.0024020373821258545,-0.013673873963213623,-0.004113321437613504,6376.496954730691
15-30,0.2590790358086171,19.915706952128893,221.44842488368354,17.71570156713327,6.1653056144714355,6.63955545425415,1,-1.507946491241455,0.36677098274230957,-0.9065739526586775,-0.55,-1.0,0.78,0.9306249999999999,LPS,LPS,OFF,-0.24629359542755405,-0.2323538689542579,-0.21381459301067104,-0.34595245122909546,-0.33471494913101196,-0.3149946928024292,-0.013939726473296138,-0.011237502098083496,-0.03247900241688301,-0.03095775842666626,4.22221824478038,34.425722017251374,-14.510015065122479,-2393.247328695937,0.2606209805843377,1.40625,18.509456952128893,5160.56708487295,0.25573641197029107,-0.014611423015594482,-0.015575719559569517,-0.004884568614046625,7553.814413568887
15-30,0.2521273147622286,19.992616578589672,256.88035348231597,17.71675249586503,7.113833427429199,7.588083267211914,1,-1.5536121129989624,0.3717842996120453,-0.914379511328962,-0.475,-1.0,0.78,0.9306249999999999,LPS,LPS,OFF,-0.2747495656941625,-0.2557457938323491,-0.23244378371226573,-0.3812718689441681,-0.3575284779071808,-0.3432825803756714,-0.0190037718618134,-0.023743391036987305,-0.042305781981896745,-0.037989288568496704,4.306175917787875,35.16558451769791,-15.172967939108235,-2967.8801845488533,0.25404353108515193,1.4062499999999964,18.586366578589676,5935.546514720099,0.2482708030842246,-0.03028082847595215,-0.01636846684307866,-0.0057727280009273185,8903.426699268952
15-30,0.24414416993870316,20.103811356320804,292.31228208094836,17.71570156713327,8.062333106994629,8.536582946777344,1,-1.6060261726379395,0.3834095001220703,-0.922570635354143,-0.42499999999999993,-1.0,0.7750000000000001,0.9306249999999999,LPS,LPS,OFF,-0.3088750043554238,-0.28141623395377335,-0.2525994429787881,-0.41658222675323486,-0.3872343599796295,-0.3760030269622803,-0.027458770401650456,-0.029347866773605347,-0.0562755613766357,-0.04057919979095459,4.402590353607798,35.361168189242846,-15.25735683292204,-3445.4770841391955,0.2463744414028223,1.40625,18.697561356320804,6708.208036336591,0.23977041869383295,-0.03659626841545105,-0.018843654827679107,-0.006604022708989354,10153.685120475788
15-30,0.25005731866710484,16.343808312410175,199.913200545311,0.0,13.88888931274414,13.88888931274414,3,0.6534954309463501,0.2386048585176468,0.5740183650902946,0.8,-1.0,0.21500000000000008,0.699375,OFF,OFF,OFF,-0.22287774249227976,-0.23086035847080272,-0.21707558410717126,-0.28103259205818176,-0.32150521874427795,-0.3188735544681549,0.007982615978522956,0.04047262668609619,-0.005802158385108502,0.037840962409973145,4.331175778127708,2.6562499999999982,13.687558312410177,3232.957819441998,0.247959217905646,4.84375,11.500058312410175,2740.5730642075728,0.2482793844730797,-0.00909489393234253,0.004331469298448909,0.000320166567433694,-492.38475523442503
15-30,0.24651877276588358,16.343808312410175,199.913200545311,0.0,13.88888931274414,13.88888931274414,3,0.6226866245269775,0.2505928874015808,0.5529958419622232,0.8,-1.0,0.21500000000000008,0.699375,OFF,OFF,OFF,-0.22881397731462455,-0.2366546858136259,-0.2226755630683955,-0.28811508417129517,-0.32984885573387146,-0.32619592547416687,0.007840708499001342,0.041733771562576294,-0.006138414246229046,0.038080841302871704,4.373911681613233,2.8125,13.531308312410175,3198.094037806518,0.24444066298997424,4.84375,11.500058312410175,2740.5730642075728,0.24473853898857204,-0.009258955717086792,0.004116585092471703,0.0002978759985977908,-457.52097359894515
15-30,0.24297564722648723,16.343808312410175,199.913200545311,0.0,13.88888931274414,13.88888931274414,3,0.5726745128631592,0.2670251429080963,0.5173207448954478,0.8,-1.0,0.21500000000000008,0.699375,OFF,OFF,OFF,-0.23480757762021728,-0.24250647764765856,-0.22833314487064482,-0.29544463753700256,-0.33791840076446533,-0.3335278332233429,0.00769890002744128,0.04247376322746277,-0.006474432749572462,0.03808319568634033,4.416702894533906,2.9687499999999982,13.375058312410177,3163.1830152232174,0.24091760672336582,4.84375,11.500058312410175,2740.5730642075728,0.24119310491020224,-0.00853458046913147,0.00371816497819194,0.00027549818683642036,-422.6099510156446
15-30,0.23942792420233638,16.343808312410175,199.913200545311,0.0,13.88888931274414,13.88888931274414,3,0.5086625814437866,0.28770437836647034,0.4689024925121659,0.8,-1.0,0.21500000000000008,0.699375,OFF,OFF,OFF,-0.24085876480167173,-0.24841595685316523,-0.23404855444868777,-0.30288493633270264,-0.3459509611129761,-0.3408691883087158,0.007557192051493494,0.04306602478027344,-0.006810210352983959,0.037984251976013184,4.459549632427333,3.2812499999999982,13.062558312410177,3093.2196216829375,0.2374128863982694,4.84375,11.500058312410175,2740.5730642075728,0.23764306433307195,-0.0072629451751708984,0.0031540541742862693,0.000230177934802539,-352.6465574753647
15-30,0.235875585730562,16.343808312410175,199.913200545311,0.0,13.88888931274414,13.88888931274414,3,0.45105278491973877,0.30361783504486084,0.42276401121995705,0.7750000000000001,-1.0,0.21500000000000008,0.699375,OFF,OFF,OFF,-0.24696776168042212,-0.25438334775612403,-0.2398220182062361,-0.3105044662952423,-0.3536466062068939,-0.3482201099395752,0.007415586075701919,0.04314213991165161,-0.007145743474186006,0.037715643644332886,4.50245211223557,3.59375,12.750058312410175,3023.067597288358,0.23390377852467706,4.84375,11.500058312410175,2740.5730642075728,0.2340883992354599,-0.005864143371582031,0.0026064655009123694,0.0001846207107828457,-282.494533080785
15-30,0.23231861373094145,16.343808312410175,199.913200545311,0.0,13.88888931274414,13.88888931274414,3,0.39941540360450745,0.3168781101703644,0.37944864783379767,0.7750000000000001,-1.0,0.21500000000000008,0.699375,OFF,OFF,OFF,-0.2531347925196779,-0.26040887614139246,-0.24565376402941563,-0.31834980845451355,-0.3614196181297302,-0.355580598115921,0.0072740836217145555,0.043069809675216675,-0.007481028490262276,0.03723078966140747,4.545410552317987,3.90625,12.437558312410175,2952.7269000569504,0.23039026608452245,4.84375,11.500058312410175,2740.5730642075728,0.23052909147775158,-0.004856795072555542,0.0020831672331606543,0.00013882539322912502,-212.15383584937763
15-30,0.22875699000482164,16.343808312410175,199.913200545311,0.0,13.88888931274414,13.88888931274414,3,0.34739944338798523,0.329953134059906,0.3340672227897582,0.75,-1.0,0.21500000000000008,0.699375,OFF,OFF,OFF,-0.25936008303752345,-0.2664927692660337,-0.25154402130040066,-0.32591623067855835,-0.3692028820514679,-0.36295077204704285,0.0071326862285102655,0.043286651372909546,-0.007816061737122793,0.0370345413684845,4.588425172464268,4.218749999999998,12.125058312410177,2882.1975717463797,0.2268723318946553,4.84375,11.500058312410175,2740.5730642075728,0.2269651228013561,-0.003177255392074585,0.0015229520410636743,9.279090670080703e-05,-141.62450753880694
15-30,0.22519069623402962,16.343808312410175,199.913200545311,0.0,13.88888931274414,13.88888931274414,3,0.300681471824646,0.3420523703098297,0.2919361286289813,0.5750000000000002,-1.0,0.21500000000000008,0.699375,OFF,OFF,OFF,-0.26564386042016863,-0.27263525587279686,-0.25749302091120696,-0.33401381969451904,-0.3766922950744629,-0.37034836411476135,0.006991395452628224,0.04267847537994385,-0.008150839508961671,0.03633454442024231,4.631496193907566,4.375,11.968808312410175,2846.862213087586,0.2233267451920499,4.84375,11.500058312410175,2740.5730642075728,0.2233964748276102,-0.0018356740474700928,0.0009934673889915313,6.972963556028944e-05,-106.28914888001327
15-30,0.2216197139797704,16.343808312410175,199.913200545311,0.0,13.88888931274414,13.88888931274414,3,0.25425276160240173,0.35463160276412964,0.2489121378562319,0.6000000000000001,-1.0,0.21500000000000008,0.699375,OFF,OFF,OFF,-0.271986353335363,-0.2788365662037604,-0.2635009952776472,-0.34185341000556946,-0.384203165769577,-0.3777655065059662,0.006850212868397432,0.04234975576400757,-0.008485358057715775,0.03591209650039673,4.674623839337817,4.6875,11.656308312410175,2776.0499382707017,0.21979982532185757,4.84375,11.500058312410175,2740.5730642075728,0.21982312905666954,-0.001196831464767456,0.0004420626190153598,2.3303734811963572e-05,-35.47687406312889
15-30,0.21804402468151135,16.343808312410175,199.913200545311,0.0,13.88888931274414,13.88888931274414,3,0.20776204764842987,0.3676910400390625,0.20482342130655326,0.6000000000000001,-1.0,0.21500000000000008,0.699375,OFF,OFF,OFF,-0.27838779194596525,-0.28509693201413455,-0.26956817835345837,-0.3499680459499359,-0.3917240798473358,-0.38519248366355896,0.006709140068169306,0.0417560338973999,-0.00881961359250688,0.03522443771362305,4.717808332915216,4.999999999999998,11.343808312410177,2705.049053562675,0.21626843129912415,4.84375,11.500058312410175,2740.5730642075728,0.2162450668663865,0.0003255009651184082,-0.00013391043853144824,-2.336443273764921e-05,35.52401064489777
15-30,0.21446360965585354,16.343808312410175,199.913200545311,0.0,13.88888931274414,13.88888931274414,3,0.17185147106647491,0.3779847323894501,0.17017946098702114,0.6000000000000001,-1.0,0.21500000000000008,0.699375,ASSIST,OFF,OFF,-0.2848484079236673,-0.2914165865862266,-0.2756948056445929,-0.35878056287765503,-0.3994689881801605,-0.3929109573364258,0.006568178662559321,0.04068842530250549,-0.009153602279074358,0.03413039445877075,4.761049900283843,5.567190415620507,10.776617896789668,2575.699874837641,0.21277084186629247,4.84375,11.500058312410175,2740.5730642075728,0.2126622695111747,0.0054624080657958984,0.019235674987835683,-0.00010857235511776975,164.87318936993188
30-35,0.4989301713924318,34.95082264177129,13.835435562549781,27.670871125099563,0.7407500147819519,1.4814722537994385,1,-0.9951940774917603,0.3969290852546692,-0.7595683927884005,-0.95,-1.0,-1.0,-0.85,LPS,LPS,LPS,-0.014472622171081669,-0.013570119819768366,-0.012424304601125914,-0.043647024780511856,-0.041670020669698715,-0.03198250010609627,-0.0009025023513133026,-0.001977004110813141,-0.0020483175699557554,-0.011664524674415588,1.325476117550753,54.048950728167746,-19.098128086396457,-158.50865474389198,0.49902427768083746,64.65902188727688,-29.708199245505593,-259.17202789457093,0.49908403213873137,0.002672351896762848,0.0002374373863782593,5.975445789391243e-05,-100.66337315067895
30-35,0.49908403213873137,30.04569289207771,41.50578790291523,27.669833555631342,1.4814722537994385,2.222222328186035,1,-0.726671576499939,0.19502389430999756,-0.6210248306452841,-0.55,-1.0,-1.0,-0.85,LPS,LPS,LPS,-0.02970888801984362,-0.027539089764848472,-0.02468087210510698,-0.048100825399160385,-0.055482182651758194,-0.04142199084162712,-0.002169798254995147,0.007381357252597809,-0.005028015914736637,-0.006678834557533264,1.3236179028525064,41.90301097984409,-11.857318087766382,-270.58371342351063,0.49924465824961,55.584531850343765,-25.53883895826605,-696.8014536938666,0.499497568498158,-0.01156856119632721,0.0010564063785604497,0.0002529102485480106,-426.217740270356
30-35,0.4574314784484176,30.45381299309038,9.977472848445178,19.954945696890356,0.5341944694519043,1.0683889389038086,1,-0.8273224830627441,0.436164528131485,-0.679035686152574,0.8,-1.0,-1.0,-0.85,LPS,OFF,LPS,-0.014172747327280882,-0.013419706176910065,-0.012458182574128762,-0.018441367894411087,-0.0340103842318058,-0.019857969135046005,-0.0007530411503708177,0.015569016337394714,-0.0017145647531521205,0.0014166012406349182,1.8266662069088486,44.321174266729756,-13.867361273639371,-81.35074539180387,0.45748045612397353,56.339554037217205,-25.885741044126824,-165.45813958902755,0.4575310883396967,-0.004073474556207657,0.000278210425940173,5.063221572315646e-05,-84.10739419722368
30-35,0.3320099878298217,34.95082264177129,13.835435562549781,27.670871125099563,0.7407500147819519,1.4814722537994385,1,-0.6251804232597351,0.2830341160297394,-0.5547246383683737,0.9750000000000001,-1.0,-1.0,-0.85,LPS,OFF,LPS,-0.09477842390053197,-0.09230476077822478,-0.08916468567941803,-0.12450455129146576,-0.12592561542987823,-0.1196451187133789,-0.002473663122307193,0.0014210641384124756,-0.00561373822111394,-0.004859432578086853,3.3414129044822856,45.560893800880436,-10.610071159109143,-72.88605808001729,0.3320558127272428,64.65902188727688,-29.708199245505593,-259.17202789457093,0.3321729141685937,-0.015079520642757416,0.001239914443021059,0.0001171014413508531,-186.28596981455365
30-35,0.3321729141685937,30.04569289207771,41.50578790291523,27.669833555631342,1.4814722537994385,2.222222328186035,1,-0.9198223352432251,0.23192986845970154,-0.7258133556197746,1.0,-1.0,-1.0,-0.85,LPS,OFF,LPS,-0.11421918480451626,-0.10826542334128049,-0.10042565780029584,-0.15060880780220032,-0.14696085453033447,-0.13955451548099518,-0.005953761463235771,-0.0036479532718658447,-0.013793527004220416,-0.01105429232120514,3.3394452023573518,45.55141654531067,-15.505723653232959,-386.4858623267079,0.33241584073335356,55.584531850343765,-25.53883895826605,-696.8014536938666,0.3326107998962946,-0.008587494492530823,0.0020796517583034635,0.0001949591629410441,-310.31559136715873
30-35,0.31984640961196276,30.45381299309038,9.977472848445178,19.954945696890356,0.5341944694519043,1.0683889389038086,1,-0.9054279327392578,0.3068080246448517,-0.7189305630759997,0.7250000000000001,-1.0,-1.0,-0.85,LPS,OFF,LPS,-0.10877207345000471,-0.10719779041470882,-0.10518783991966289,-0.13930244743824005,-0.14878042042255402,-0.1444362998008728,-0.001574283035295887,0.009477972984313965,-0.0035842335303418182,0.0051338523626327515,3.4883154795139224,46.17015576988167,-15.716342776791285,-94.64661139477228,0.319906171581938,56.339554037217205,-25.885741044126824,-165.45813958902755,0.31995087858308224,-0.0009954571723937988,0.0005072504072611006,4.470700114422854e-05,-70.81152819425527
30-35,0.2741266704696036,34.95082264177129,13.835435562549781,27.670871125099563,0.7407500147819519,1.4814722537994385,1,-0.951557993888855,0.24371996521949768,-0.7404875752945247,0.925,-1.0,-1.0,-0.85,LPS,OFF,LPS,-0.176029720856358,-0.17308271726807684,-0.1693417926729942,-0.23678351938724518,-0.23947849869728088,-0.24296507239341736,-0.0029470035882811774,0.0026949793100357056,-0.006687928183363806,0.00618155300617218,4.040484199070979,54.048950728167746,-19.098128086396457,-158.50865474389198,0.2742284011191904,64.65902188727688,-29.708199245505593,-259.17202789457093,0.27429299512481753,-0.0007874071598052979,0.0008385239960576607,6.45940056271388e-05,-100.66337315067895
30-35,0.27429299512481753,30.04569289207771,41.50578790291523,27.669833555631342,1.4814722537994385,2.222222328186035,1,-1.1677582263946533,0.22896383702754974,-0.8235521836873854,1.0,-1.0,-1.0,-0.85,LPS,OFF,LPS,-0.19675682200395267,-0.1896631066150487,-0.18032234147158746,-0.26177096366882324,-0.2677944600582123,-0.2653004825115204,-0.007093715388903965,0.006023496389389038,-0.01643448053236521,0.0035295188426971436,4.038475454628797,49.19982211077725,-19.154129218699538,-502.2580999531993,0.2746152475636304,55.584531850343765,-25.53883895826605,-696.8014536938666,0.2747400077044791,-0.0004507303237915039,0.0015710435416805835,0.0001247601408486676,-194.54335374066733
30-35,0.2859567829934075,30.45381299309038,9.977472848445178,19.954945696890356,0.5341944694519043,1.0683889389038086,1,-1.1212295293807983,0.29496848583221436,-0.8079961623489932,0.8,-1.0,-1.0,-0.85,LPS,OFF,LPS,-0.15615368280536454,-0.15440993009695708,-0.15218361310929396,-0.2076435089111328,-0.2178925722837448,-0.22071686387062073,-0.0017437527084074589,0.010249063372612,-0.003970069696070583,0.013073354959487915,3.897608972592869,48.94362802460954,-18.48981503151916,-114.61294581435514,0.28603003136035976,56.339554037217205,-25.885741044126824,-165.45813958902755,0.28606252248430825,0.0014085173606872559,0.0003783411658596636,3.249112394848597e-05,-50.84519377467241
30-35,0.2758663189943841,34.95082264177129,13.835435562549781,27.670871125099563,0.7407500147819519,1.4814722537994385,1,-0.9404461979866028,0.24422185122966766,-0.7354271905506251,0.925,-1.0,-1.0,-0.85,LPS,OFF,LPS,-0.1733928282155406,-0.17045984242768814,-0.16673671141601326,-0.23289206624031067,-0.23608067631721497,-0.2390989065170288,-0.0029329857878524768,0.003188610076904297,-0.006656116799527351,0.00620684027671814,4.019474028925075,52.98794361225683,-18.03712097048554,-147.95776944057232,0.27596121929511686,64.65902188727688,-29.708199245505593,-259.17202789457093,0.27603253945060024,-0.0011805891990661621,0.0008512684065332954,7.132015548338977e-05,-111.21425845399861
30-35,0.27603253945060024,30.04569289207771,41.50578790291523,27.669833555631342,1.4814722537994385,2.222222328186035,1,-1.1640361547470093,0.23007655143737793,-0.822350886398168,1.0,-1.0,-1.0,-0.85,LPS,OFF,LPS,-0.19408187819977216,-0.1870219234723411,-0.17772560950188718,-0.25819966197013855,-0.26428303122520447,-0.261550635099411,-0.007059954727431067,0.006083369255065918,-0.01635626869788498,0.003350973129272461,4.017466542920237,49.19982211077725,-19.154129218699538,-502.2580999531993,0.276354590096982,55.584531850343765,-25.53883895826605,-696.8014536938666,0.27647927218920604,-1.1026859283447266e-06,0.0015743421562184334,0.0001246820922240488,-194.54335374066733
30-35,0.28768913234338017,30.45381299309038,9.977472848445178,19.954945696890356,0.5341944694519043,1.0683889389038086,1,-1.110540747642517,0.2955637574195862,-0.8042534537749508,0.75,-1.0,-1.0,-0.85,LPS,OFF,LPS,-0.15362038390509278,-0.1518852216937281,-0.14966987234993123,-0.2037573754787445,-0.2143518179655075,-0.21684975922107697,-0.001735162211364688,0.010594442486763,-0.0039505115551615455,0.013092383742332458,3.8766869564059117,48.94362802460954,-18.48981503151916,-114.61294581435514,0.2877623351988857,56.339554037217205,-25.885741044126824,-165.45813958902755,0.2877948061396989,0.0015451908111572266,0.000383951185893322,3.247094081315627e-05,-50.84519377467241
30-35,0.23977041869383295,34.354991993195455,182.0347793896993,10.401879819234212,8.536582946777344,9.010833740234375,2,-2.55139422416687,0.5231002569198608,-0.987913940890662,-1.0,-1.0,-1.0,-0.85,LPS,LPS,LPS,-0.2733396657200714,-0.26868568091247363,-0.24010448363062376,-0.4227354824542999,-0.39743345975875854,-0.3670169711112976,-0.004653984807597766,-0.025302022695541382,-0.033235182089447646,-0.05571851134300232,4.455413240829905,63.55673518741159,-29.201743194216135,-4392.728056758958,0.2426164634762576,63.55673518741159,-29.201743194216135,-4392.728056758958,0.2426164634762576,0.0009694099426269531,0.00034509528993975636,0.0,0.0
30-35,0.2426164634762576,34.48320854061908,192.43666966756186,10.401900736490886,9.010833740234375,9.48508358001709,2,-2.3794350624084473,0.5039902329444885,-0.9829952349683645,-0.475,-1.0,-1.0,-0.85,LPS,LPS,LPS,-0.32866357377335387,-0.3240638987485579,-0.29421684116951174,-0.4070494472980499,-0.3810742199420929,-0.3722091019153595,-0.004599675024795968,-0.02597522735595703,-0.03444673260384212,-0.03484034538269043,4.421040846481368,62.74712411230507,-28.263915571685995,-4511.587956937258,0.24553625880007288,63.7939358001453,-29.310727259526217,-4683.259137842621,0.24564699450282837,0.000991523265838623,0.0005168159908894854,0.00011073570275549338,-171.67118090536314
30-35,0.24564699450282837,34.62323239094031,202.8385599454244,10.401879819234212,9.48508358001709,9.95936107635498,2,-2.331247091293335,0.5185578465461731,-0.9812909062673209,-0.5249999999999999,-1.0,-1.0,-0.85,LPS,LPS,LPS,-0.32975515488080814,-0.32602445529754964,-0.2948138219366554,-0.3929908871650696,-0.3777769207954407,-0.3600670397281647,-0.003730699583258501,-0.015213966369628906,-0.03494133294415275,-0.03292384743690491,4.3844403656407165,63.001917511371744,-28.37868512043143,-4796.857513864754,0.2487473842178669,64.05297992323958,-29.429747532299263,-4980.153764126677,0.2488654417300475,0.0006275773048400879,0.0005931429590679826,0.00011805751218058047,-183.29625026192298
30-35,0.2488654417300475,34.77627539051526,213.24074306488038,10.402486419677734,9.95936107635498,10.433610916137695,2,-2.289579153060913,0.5326537489891052,-0.9796814769725841,-0.575,-1.0,-1.0,-0.85,LPS,LPS,LPS,-0.33121944445910806,-0.32828993060884837,-0.2955122762857807,-0.37669113278388977,-0.37389326095581055,-0.3492221534252167,-0.0029295138502596907,-0.0027978718280792236,-0.035707168173327364,-0.027468979358673096,4.345570373865783,63.28040111238401,-28.504125721868757,-5088.708910348834,0.25214997026477726,64.33610947245323,-29.559834081937968,-5283.971529202955,0.2522755376944427,0.0006815195083618164,0.0006800033102231096,0.00012556742966546297,-195.26261885412077
30-35,0.2522755376944427,34.93739250930043,223.64292618433635,10.401879819234212,10.433610916137695,10.90786075592041,2,-2.2466955184936523,0.5476550459861755,-0.9778820205490786,-0.6,-1.0,-1.0,-0.85,LPS,LPS,LPS,-0.3326673332347476,-0.330576551733643,-0.2966718383301404,-0.3596356511116028,-0.37014204263687134,-0.3386838734149933,-0.0020907815011046438,0.010506391525268555,-0.03599549490460724,-0.020951777696609497,4.304385792379791,63.57357672674489,-28.63618421744446,-5386.774288588612,0.25574745458931963,64.6341761422058,-29.696783632905365,-5594.333677460545,0.2558807103670028,0.0007419586181640625,0.00078327310804438,0.0001332557776831389,-207.55938887193315
30-35,0.32850413460023803,31.099986158788653,195.470681142807,0.0,19.44444465637207,19.44444465637207,4,-1.8573533296585083,0.37685278058052063,-0.9524336657286848,-0.925,-1.0,0.31000000000000005,0.86125,LPS,LPS,OFF,-0.2031403009310063,-0.2069732259780029,-0.18983504589215927,-0.25774824619293213,-0.2658383846282959,-0.24421194195747375,0.003832925046996616,0.00809013843536377,-0.013305255038847025,-0.013536304235458374,3.3837539703992756,55.64676094840398,-24.546774789615327,-4139.634985379335,0.33110299334916976,4.375,26.724986158788653,6058.603824252142,0.3246745095435198,-0.033191174268722534,-0.015791558972803904,-0.006428483805649976,10198.238809631477
30-35,0.3246654343882331,31.099986158788653,195.470681142807,0.0,19.44444465637207,19.44444465637207,4,-0.9622054100036621,0.2477564960718155,-0.7452589811140511,0.8250000000000002,-1.0,0.31000000000000005,0.86125,LPS,OFF,OFF,-0.1316014456737604,-0.13513334700118096,-0.11754495679380081,-0.17374488711357117,-0.19381795823574066,-0.18379300832748413,0.003531901327420567,0.020073071122169495,-0.014056488879959583,0.010048121213912964,3.430114912534712,48.09390716698388,-16.99392100819523,-2839.821193003609,0.3264522243393617,4.375,26.724986158788653,6058.603824252142,0.3208305621852328,0.0024257153272628784,-0.012868419867234276,-0.005621662154128904,8898.425017255751
30-35,0.320821474493363,31.099986158788653,195.470681142807,0.0,19.44444465637207,19.44444465637207,4,-0.9681800603866577,0.24516411125659943,-0.7479034389160667,0.8500000000000001,-1.0,0.31000000000000005,0.86125,LPS,OFF,OFF,-0.1371960192169968,-0.14042705358706262,-0.12238869974543987,-0.18007096648216248,-0.20272409915924072,-0.1906464695930481,0.003231034370065805,0.022653132677078247,-0.014807319471556946,0.01057550311088562,3.4765393771750315,48.09390716698388,-16.99392100819523,-2839.821193003609,0.3226106900948058,4.375,26.724986158788653,6058.603824252142,0.31698133346709634,0.002064034342765808,-0.013688295022844965,-0.00562935662770947,8898.425017255751
30-35,0.31697223318642737,31.099986158788653,195.470681142807,0.0,19.44444465637207,19.44444465637207,4,-0.974149227142334,0.24254418909549713,-0.7505219740333171,0.875,-1.0,0.31000000000000005,0.86125,LPS,OFF,OFF,-0.14285642813647037,-0.14578675530252347,-0.12729868886978696,-0.18631190061569214,-0.21164250373840332,-0.1980033665895462,0.0029303271660530983,0.02533060312271118,-0.015557739266683412,0.011691465973854065,3.52302762674922,48.09390716698388,-16.99392100819523,-2839.821193003609,0.31876388436677594,4.375,26.724986158788653,6058.603824252142,0.31312680151003797,0.001673772931098938,-0.014510268349577887,-0.005637082856737974,8898.425017255751
30-35,0.31311768858798955,31.099986158788653,195.470681142807,0.0,19.44444465637207,19.44444465637207,4,-0.9801267385482788,0.23994864523410797,-0.753120763704455,0.9000000000000001,-1.0,0.31000000000000005,0.86125,LPS,OFF,OFF,-0.14858294016854626,-0.15121272291193288,-0.13227519954278985,-0.1926170289516449,-0.22057318687438965,-0.20494133234024048,0.002629782743386627,0.02795615792274475,-0.016307740625756406,0.012324303388595581,3.5695799255007032,48.09390716698388,-16.99392100819523,-2839.821193003609,0.31491178534384867,4.375,26.724986158788653,6058.603824252142,0.30926694428329293,0.0006939321756362915,-0.015334415132397472,-0.005644841060555739,8898.425017255751
30-35,0.3092578186669174,31.099986158788653,195.470681142807,0.0,19.44444465637207,19.44444465637207,4,-0.9861124753952026,0.23737750947475433,-0.7556997881744915,0.9500000000000002,-1.0,0.31000000000000005,0.86125,LPS,OFF,OFF,-0.1543758248720766,-0.15670522903953976,-0.13731850905679427,-0.19923630356788635,-0.2295161932706833,-0.211849182844162,0.0023294041674631616,0.030279889702796936,-0.01705731581528233,0.012612879276275635,3.6161965395049718,48.09390716698388,-16.99392100819523,-2839.821193003609,0.31105437106355965,4.375,26.724986158788653,6058.603824252142,0.30540173960292644,-0.0006397664546966553,-0.016160689652278515,-0.005652631460633217,8898.425017255751
30-35,0.30539260123890505,31.099986158788653,195.470681142807,0.0,19.44444465637207,19.44444465637207,4,-0.9920650720596313,0.23486526310443878,-0.7582414994261578,0.9750000000000001,-1.0,0.31000000000000005,0.86125,LPS,OFF,OFF,-0.16023535364583796,-0.1622645481874376,-0.14242889663929525,-0.20628643035888672,-0.23847156763076782,-0.21876662969589233,0.002029194541599638,0.032185137271881104,-0.01780645700654271,0.012480199337005615,3.662877736687434,48.09390716698388,-16.99392100819523,-2839.821193003609,0.30719161941093376,4.375,26.724986158788653,6058.603824252142,0.30153116513033723,-0.0020848214626312256,-0.016988667650813083,-0.0056604542805965274,8898.425017255751
30-35,0.30152201396497624,31.099986158788653,195.470681142807,0.0,19.44444465637207,19.44444465637207,4,-0.9980409145355225,0.23245559632778168,-0.7607701619596748,1.0,-1.0,0.31000000000000005,0.86125,LPS,OFF,OFF,-0.16616179974617035,-0.1678909567537391,-0.14760664347191377,-0.21334639191627502,-0.2472694218158722,-0.2253485918045044,0.0017291570075687601,0.03392302989959717,-0.01855515627425658,0.01200219988822937,3.7096237868414903,48.09390716698388,-16.99392100819523,-2839.821193003609,0.3033235081169967,4.375,26.724986158788653,6058.603824252142,0.2976551983707419,-0.003751605749130249,-0.017818816569418167,-0.005668309746254818,8898.425017255751
30-35,0.29764603434996917,31.099986158788653,195.470681142807,0.0,19.44444465637207,19.44444465637207,4,-1.0040252208709717,0.2300673872232437,-0.7632794698663419,1.0,-1.0,0.31000000000000005,0.86125,LPS,OFF,OFF,-0.17215543830485225,-0.17358473305098637,-0.15285203270962028,-0.22228719294071198,-0.2551581561565399,-0.23171621561050415,0.0014292947461341243,0.03287096321582794,-0.01930340559523197,0.009429022669792175,3.756434961646834,49.03801388966139,-17.93802773087274,-3004.2758649145244,0.2995542707378373,4.375,26.724986158788653,6058.603824252142,0.2937738166716405,-0.005471214652061462,-0.018650960223160068,-0.005780454066196816,9062.879689166666
30-35,0.2937646397410016,31.099986158788653,195.470681142807,0.0,19.44444465637207,19.44444465637207,4,-1.0100123882293701,0.2276989221572876,-0.7657671420771883,1.0,-1.0,0.31000000000000005,0.86125,LPS,OFF,OFF,-0.17821654634718262,-0.17934615732478984,-0.158165349500202,-0.23009124398231506,-0.2630579173564911,-0.2377760410308838,0.0011296109776072205,0.032966673374176025,-0.020051196846980618,0.007684797048568726,3.8033115346879884,49.03801388966139,-17.93802773087274,-3004.2758649145244,0.29567551642560347,4.375,26.724986158788653,6058.603824252142,0.28988699722126227,-0.007407635450363159,-0.019484999552078497,-0.005788519204341203,9062.879689166666
30-35,0.2898778073259169,31.099986158788653,195.470681142807,0.0,19.44444465637207,19.44444465637207,4,-1.0166592597961426,0.22543519735336304,-0.7685023304355514,1.0,-1.0,0.31000000000000005,0.86125,LPS,OFF,OFF,-0.18434540281029432,-0.18517551177270034,-0.1635468810039704,-0.23790544271469116,-0.2709687650203705,-0.24362972378730774,0.0008301089624060121,0.03306332230567932,-0.02079852180632391,0.005724281072616577,3.8502537814730697,49.03801388966139,-17.93802773087274,-3004.2758649145244,0.29179133532318263,4.375,26.724986158788653,6058.603824252142,0.28599471704699253,-0.008471012115478516,-0.020327345078441306,-0.005796618276190102,9062.879689166666
30-35,0.28598551413171014,31.099986158788653,195.470681142807,0.0,19.44444465637207,19.44444465637207,4,-1.0242787599563599,0.22333329916000366,-0.7716035659385435,1.0,-1.0,0.31000000000000005,0.86125,LPS,OFF,OFF,-0.19054228856169986,-0.1910730805633202,-0.1689969164137325,-0.24573054909706116,-0.2788906991481781,-0.25118204951286316,0.0005307920016203449,0.03316015005111694,-0.021545372147967368,0.005451500415802002,3.8972619794528036,49.03801388966139,-17.93802773087274,-3004.2758649145244,0.2879017045344956,4.375,26.724986158788653,6058.603824252142,0.282096953013778,-0.00930112600326538,-0.021181334690810183,-0.005804751520717577,9062.879689166666
30-35,0.28208773702293455,31.099986158788653,195.470681142807,0.0,19.44444465637207,19.44444465637207,4,-1.0319088697433472,0.22124797105789185,-0.7746727921357577,1.0,-1.0,0.31000000000000005,0.86125,LPS,OFF,OFF,-0.1968074864180577,-0.19703914985565302,-0.17451574697500788,-0.2536352872848511,-0.2868237793445587,-0.2593991160392761,0.00023166343759531416,0.03318849205970764,-0.022291739443049824,0.005763828754425049,3.944336408039764,49.03801388966139,-17.93802773087274,-3004.2758649145244,0.28400660100177594,4.375,26.724986158788653,6058.603824252142,0.2781936818225131,-0.009818732738494873,-0.022037587823288407,-0.005812919179262854,9062.879689166666
30-35,0.2781844527000867,31.099986158788653,195.470681142807,0.0,19.44444465637207,19.44444465637207,4,-1.0394601821899414,0.2198156714439392,-0.7776748083077902,1.0,-1.0,0.31000000000000005,0.86125,LPS,OFF,OFF,-0.2031412811641862,-0.2030740078187023,-0.1801036660065087,-0.26185014843940735,-0.2948719561100006,-0.26778528094291687,-6.727334548389807e-05,0.03302180767059326,-0.023037615157677493,0.0059351325035095215,3.9914773486278774,49.03801388966139,-17.93802773087274,-3004.2758649145244,0.2801060015039655,4.375,26.724986158788653,6058.603824252142,0.27428488000840484,-0.009417682886123657,-0.022895130681252956,-0.005821121495560633,9062.879689166666
30-35,0.27427563769797186,31.099986158788653,195.470681142807,0.0,19.44444465637207,19.44444465637207,4,-1.048030972480774,0.2195608913898468,-0.7810396621560908,1.0,-1.0,0.31000000000000005,0.86125,LPS,OFF,OFF,-0.20954395957230995,-0.2091779446513206,-0.18576096892088523,-0.26965129375457764,-0.30259475111961365,-0.27618348598480225,-0.0003660149209893382,0.03294345736503601,-0.023782990651424724,0.006532192230224609,4.03868508461217,49.03801388966139,-17.93802773087274,-3004.2758649145244,0.27619988265508877,4.375,26.724986158788653,6058.603824252142,0.27037052393931704,-0.00855913758277893,-0.023765165965557,-0.005829358715771726,9062.879689166666
30-35,0.2703612683840481,31.099986158788653,195.470681142807,0.0,19.44444465637207,19.44444465637207,4,-1.0560559034347534,0.21991507709026337,-0.7841496415690123,1.0,-1.0,0.31000000000000005,0.86125,LPS,OFF,OFF,-0.2160158104215514,-0.21535125260230287,-0.19148795324573656,-0.2781153619289398,-0.3097604513168335,-0.2845935523509979,-0.0006645578192485402,0.03164508938789368,-0.02452785717581485,0.0064781904220581055,4.085959901408755,49.03801388966139,-17.93802773087274,-3004.2758649145244,0.2722882209026072,4.375,26.724986158788653,6058.603824252142,0.2664505898140928,-0.007653087377548218,-0.0246316857209809,-0.005837631088514372,9062.879689166666
30-35,0.26644132095674855,31.099986158788653,195.470681142807,0.0,19.44444465637207,19.44444465637207,4,-1.0639753341674805,0.22023893892765045,-0.7871806026193175,1.0,-1.0,0.31000000000000005,0.86125,LPS,OFF,OFF,-0.2225571245176668,-0.22159422599074485,-0.19728491864489173,-0.28659141063690186,-0.31659936904907227,-0.29301556944847107,-0.0009628985269219403,0.03000795841217041,-0.025272205872775066,0.006424158811569214,4.133302086475108,49.03801388966139,-17.93802773087274,-3004.2758649145244,0.26837099252575136,4.375,26.724986158788653,6058.603824252142,0.2625250536608556,-0.006746500730514526,-0.025499068370676697,-0.005845938864895761,9062.879689166666
30-35,0.2625157714437828,31.099986158788653,195.470681142807,0.0,19.44444465637207,19.44444465637207,4,-1.0719062089920044,0.22056375443935394,-0.790178307066251,0.8500000000000001,-1.0,0.31000000000000005,0.86125,LPS,OFF,OFF,-0.22916819471303446,-0.22790716122666127,-0.20315216693997568,-0.2950795590877533,-0.32349565625190735,-0.30144965648651123,-0.0012610334863731865,0.028416097164154053,-0.02601602777305878,0.006370097398757935,4.180711929330575,49.9821206123389,-18.882134453550254,-3169.434823251808,0.2645541725802984,4.375,26.724986158788653,6058.603824252142,0.2585938913352884,-0.006679147481918335,-0.02636845045428096,-0.005960281245010024,9228.03864750395
30-35,0.25858459570041537,31.099986158788653,195.470681142807,0.0,19.44444465637207,19.44444465637207,4,-1.079848289489746,0.22088950872421265,-0.79314283071677,0.8250000000000002,-1.0,0.31000000000000005,0.86125,LPS,OFF,OFF,-0.2358493159268992,-0.23429035683186578,-0.20909000213224418,-0.30358001589775085,-0.33040186762809753,-0.3098958730697632,-0.0015589590950334242,0.02682185173034668,-0.026759313794655015,0.006315857172012329,4.2281897215771584,49.9821206123389,-18.882134453550254,-3169.434823251808,0.26062588886978205,4.375,26.724986158788653,6058.603824252142,0.25465707851888997,-0.007578849792480469,-0.027239765607368627,-0.005968810350892084,9228.03864750395
30-35,0.2546477694077227,31.099986158788653,195.470681142807,0.0,19.44444465637207,19.44444465637207,4,-1.0878018140792847,0.22121626138687134,-0.7960744322689406,0.8,-1.0,0.31000000000000005,0.86125,LPS,OFF,OFF,-0.24260078516587047,-0.2407441134611229,-0.21509873042471356,-0.3120681941509247,-0.33731794357299805,-0.31835415959358215,-0.00185667170474757,0.025249749422073364,-0.02750205474115691,0.006285965442657471,4.2757357569205805,49.9821206123389,-18.882134453550254,-3169.434823251808,0.25669196698429625,4.375,26.724986158788653,6058.603824252142,0.2507145907172089,-0.008731424808502197,-0.028112949288374323,-0.005977376267087331,9228.03864750395
30-35,0.2507052680708264,31.099986158788653,195.470681142807,0.0,19.44444465637207,19.44444465637207,4,-1.0957669019699097,0.22154392302036285,-0.7989733265329518,0.75,-1.0,-1.0,-0.85,LPS,OFF,LPS,-0.24942290154468613,-0.2472687339235698,-0.22117866024457455,-0.3209185302257538,-0.3446159064769745,-0.3269077241420746,-0.0021541676211163374,0.023697376251220703,-0.028244241300111578,0.005989193916320801,4.323350331191612,49.9821206123389,-18.882134453550254,-3169.434823251808,0.25275238251759086,57.53497439375901,-26.434988234970355,-4456.920211501182,0.25358136525741604,-0.0014730393886566162,0.005734327266082639,0.0008289827398251792,-1287.485388249374
30-35,0.25358136525741604,31.099986158788653,195.470681142807,0.0,19.44444465637207,19.44444465637207,4,-1.0899564027786255,0.22130483388900757,-0.7968622313103181,0.7750000000000001,-1.0,0.31000000000000005,0.86125,LPS,OFF,OFF,-0.2996068069339373,-0.2976696019038896,-0.27190383798100615,-0.3144288957118988,-0.33919140696525574,-0.3206465244293213,-0.0019372050300477395,0.024762511253356934,-0.027702968952931173,0.006217628717422485,4.288614986444872,49.9821206123389,-18.882134453550254,-3169.434823251808,0.25562635099735154,4.375,26.724986158788653,6058.603824252142,0.24964665015944212,-0.009321838617324829,-0.028349574904441566,-0.005979700837909413,9228.03864750395
30-35,0.24963732383981663,31.099986158788653,195.470681142807,0.0,19.44444465637207,19.44444465637207,4,-1.0979242324829102,0.22163274884223938,-0.7997521633920297,0.75,-1.0,-1.0,-0.85,LPS,OFF,LPS,-0.25128136749907914,-0.24904672583801335,-0.22283636363839024,-0.3233967125415802,-0.34693947434425354,-0.3292715847492218,-0.002234641661065795,0.02354276180267334,-0.028445003860688906,0.0058748722076416016,4.3362481606555745,49.9821206123389,-18.882134453550254,-3169.434823251808,0.251685229838174,57.53497439375901,-26.434988234970355,-4456.920211501182,0.25251453111873523,-0.0013202428817749023,0.005740667439352837,0.0008293012805612454,-1287.485388249374
30-35,0.25251453111873523,31.099986158788653,195.470681142807,0.0,19.44444465637207,19.44444465637207,4,-1.092111587524414,0.22139346599578857,-0.7976475466487559,0.7750000000000001,-1.0,0.31000000000000005,0.86125,LPS,OFF,OFF,-0.301451306059782,-0.2994335826036655,-0.2735474610769423,-0.3167904317378998,-0.34106558561325073,-0.32294145226478577,-0.0020177234561165047,0.024275153875350952,-0.02790384498283971,0.006151020526885986,4.301499409046254,49.9821206123389,-18.882134453550254,-3169.434823251808,0.2545603059468531,4.375,26.724986158788653,6058.603824252142,0.24857827778708058,-0.009918212890625,-0.028586331044602398,-0.005982028159772501,9228.03864750395
30-35,0.2485689477898086,31.099986158788653,195.470681142807,0.0,19.44444465637207,19.44444465637207,4,-1.1000829935073853,0.2217216193675995,-0.8005288311572231,0.7250000000000001,-1.0,-1.0,-0.85,LPS,OFF,LPS,-0.25314506003094234,-0.25082995950488685,-0.22449933248654974,-0.3258759081363678,-0.3492639362812042,-0.3316363990306854,-0.0023151005260554913,0.023388028144836426,-0.028645727544392596,0.005760490894317627,4.3491512053055335,49.9821206123389,-18.882134453550254,-3169.434823251808,0.2506176462711977,57.53497439375901,-26.434988234970355,-4456.920211501182,0.25144726646501925,-0.0014207661151885986,0.005746825493999935,0.0008296201938215453,-1287.485388249374
30-35,0.25144726646501925,31.099986158788653,195.470681142807,0.0,19.44444465637207,19.44444465637207,4,-1.094267725944519,0.22148223221302032,-0.7984305123041152,0.75,-1.0,-1.0,-0.85,LPS,OFF,LPS,-0.30330101561473044,-0.3012027887048332,-0.2751963329680584,-0.3191967010498047,-0.3430045545101166,-0.32526522874832153,-0.0020982269098972495,0.02380785346031189,-0.02810468264667204,0.006068527698516846,4.314389031085347,49.9821206123389,-18.882134453550254,-3169.434823251808,0.25349383130796416,57.53497439375901,-26.434988234970355,-4456.920211501182,0.2543225928717089,-0.0016376674175262451,0.005729818607979942,0.0008287615637447288,-1287.485388249374
30-35,0.2543225928717089,31.099986158788653,195.470681142807,0.0,19.44444465637207,19.44444465637207,4,-1.0884590148925781,0.2212432473897934,-0.7963150163486967,0.8,-1.0,0.31000000000000005,0.86125,LPS,OFF,OFF,-0.29832789199825693,-0.29644665841006346,-0.2707645602633062,-0.3127880096435547,-0.3378892242908478,-0.3190528452396393,-0.001881233588193476,0.02510121464729309,-0.027563331734950736,0.006264835596084595,4.279662995240154,49.9821206123389,-18.882134453550254,-3169.434823251808,0.25636703071715045,4.375,26.724986158788653,6058.603824252142,0.25038894581518495,-0.008911430835723877,-0.02818510057462087,-0.005978084901965497,9228.03864750395
30-35,0.2503796220490369,31.099986158788653,195.470681142807,0.0,19.44444465637207,19.44444465637207,4,-1.0964246988296509,0.22157105803489685,-0.799211088264376,0.75,-1.0,-1.0,-0.85,LPS,OFF,LPS,-0.24998912575574686,-0.24781041430231693,-0.22168365363750547,-0.3216741383075714,-0.3453243672847748,-0.3276284337043762,-0.0021787114534299323,0.02365022897720337,-0.028305472118241387,0.00595429539680481,4.327283239608269,49.9821206123389,-18.882134453550254,-3169.434823251808,0.2524269777972803,57.53497439375901,-26.434988234970355,-4456.920211501182,0.2532560576432762,-0.0014008283615112305,0.0057362801517202855,0.0008290798459958948,-1287.485388249374
30-35,0.2532560576432762,31.099986158788653,195.470681142807,0.0,19.44444465637207,19.44444465637207,4,-1.0906134843826294,0.2213318794965744,-0.797101947499797,0.7750000000000001,-1.0,0.31000000000000005,0.86125,LPS,OFF,OFF,-0.30016877338035247,-0.298207011002961,-0.2724045390584948,-0.3151489794254303,-0.3397628962993622,-0.32134631276130676,-0.001961762377391485,0.024613916873931885,-0.02776423432185765,0.006197333335876465,4.292543807827743,49.9821206123389,-18.882134453550254,-3169.434823251808,0.2553012839339298,4.375,26.724986158788653,6058.603824252142,0.24932087362273436,-0.00950196385383606,-0.028421764059438304,-0.00598041031119545,9228.03864750395
30-35,0.24931154618200138,31.099986158788653,195.470681142807,0.0,19.44444465637207,19.44444465637207,4,-1.0985826253890991,0.2216598391532898,-0.7999893209661392,0.7250000000000001,-1.0,-1.0,-0.85,LPS,OFF,LPS,-0.25184918500169384,-0.2495900041284043,-0.22334296215944646,-0.3241526782512665,-0.3476482629776001,-0.3299926817417145,-0.0022591808732895513,0.023495584726333618,-0.02850622284224738,0.005840003490447998,4.340182658873424,49.9821206123389,-18.882134453550254,-3169.434823251808,0.2513596937657044,57.53497439375901,-26.434988234970355,-4456.920211501182,0.2521890922659678,-0.0013508498668670654,0.005742562369304871,0.000829398500263423,-1287.485388249374
30-35,0.2521890922659678,31.099986158788653,195.470681142807,0.0,19.44444465637207,19.44444465637207,4,-1.0927690267562866,0.2214204967021942,-0.7978865703065474,0.7750000000000001,-1.0,0.31000000000000005,0.86125,LPS,OFF,OFF,-0.30201486087629126,-0.2999725846311864,-0.27404976220550387,-0.31751081347465515,-0.3416372835636139,-0.32364150881767273,-0.002042276245104835,0.02412647008895874,-0.02796509867078739,0.006130695343017578,4.30542981543084,49.9821206123389,-18.882134453550254,-3169.434823251808,0.25423510792720966,4.375,26.724986158788653,6058.603824252142,0.24825236945407567,-0.010093599557876587,-0.02865856114888382,-0.005982738473133992,9228.03864750395
30-35,0.2482430383343515,31.099986158788653,195.470681142807,0.0,19.44444465637207,19.44444465637207,4,-1.1007413864135742,0.22174884378910065,-0.800765170733553,0.7250000000000001,-1.0,-1.0,-0.85,LPS,OFF,LPS,-0.2537144727300559,-0.25137483763441115,-0.22500753809751609,-0.32663217186927795,-0.34997305274009705,-0.33235782384872437,-0.002339635095644721,0.023340880870819092,-0.028706934632539788,0.005725651979446411,4.353087295276453,49.9821206123389,-18.882134453550254,-3169.434823251808,0.2502919786855142,57.53497439375901,-26.434988234970355,-4456.920211501182,0.25112169621279273,-0.0014514923095703125,0.005748669977878179,0.0008297175272785062,-1287.485388249374
30-35,0.25112169621279273,31.099986158788653,195.470681142807,0.0,19.44444465637207,19.44444465637207,4,-1.0949256420135498,0.22150926291942596,-0.7986688873613332,0.75,-1.0,-1.0,-0.85,LPS,OFF,LPS,-0.3038661606967203,-0.30174338557852115,-0.2757002360993852,-0.31995221972465515,-0.3437098562717438,-0.32598593831062317,-0.0021227751181991383,0.023757636547088623,-0.02816592459733508,0.006033718585968018,4.318321024414049,49.9821206123389,-18.882134453550254,-3169.434823251808,0.25316850217182507,57.53497439375901,-26.434988234970355,-4456.920211501182,0.25399736076762164,-0.0015654265880584717,0.005731806973913012,0.0008288585957965666,-1287.485388249374
30-35,0.25399736076762164,31.099986158788653,195.470681142807,0.0,19.44444465637207,19.44444465637207,4,-1.0891157388687134,0.22127026319503784,-0.7965551744623547,0.7750000000000001,-1.0,0.31000000000000005,0.86125,LPS,OFF,OFF,-0.29888878252631357,-0.2969829872569247,-0.2712641743960794,-0.3135080337524414,-0.3384605944156647,-0.31975170969963074,-0.001905795269388888,0.024952560663223267,-0.027624608130234152,0.006243675947189331,4.283590904669241,49.9821206123389,-18.882134453550254,-3169.434823251808,0.25604203897936656,4.375,26.724986158788653,6058.603824252142,0.25006324515297945,-0.009091496467590332,-0.028257261801614808,-0.005978793826387108,9228.03864750395
30-35,0.25005392026660317,31.099986158788653,195.470681142807,0.0,19.44444465637207,19.44444465637207,4,-1.0970829725265503,0.22159811854362488,-0.7994487722175408,0.75,-1.0,-1.0,-0.85,LPS,OFF,LPS,-0.2505558628839717,-0.24835260782693036,-0.2221891606128192,-0.32242998480796814,-0.3460330069065094,-0.32834938168525696,-0.002203255057041331,0.02360302209854126,-0.028366702271152483,0.005919396877288818,4.331216821460166,49.9821206123389,-18.882134453550254,-3169.434823251808,0.25210151741442494,57.53497439375901,-26.434988234970355,-4456.920211501182,0.25293069440585497,-0.0013285577297210693,0.005738212102308515,0.0008291769914300362,-1287.485388249374
30-35,0.25293069440585497,31.099986158788653,195.470681142807,0.0,19.44444465637207,19.44444465637207,4,-1.091270923614502,0.22135891020298004,-0.7973415429774926,0.7750000000000001,-1.0,0.31000000000000005,0.86125,LPS,OFF,OFF,-0.3007312510395783,-0.2987449315240902,-0.27290575196495614,-0.31586918234825134,-0.3403345048427582,-0.3220462501049042,-0.001986319515488111,0.024465322494506836,-0.027825499074622173,0.006177067756652832,4.2964733009868885,49.9821206123389,-18.882134453550254,-3169.434823251808,0.2549761613448449,4.375,26.724986158788653,6058.603824252142,0.24899504127027158,-0.009683012962341309,-0.028493970033827698,-0.005981120074573326,9228.03864750395
30-35,0.2489857127079674,31.099986158788653,195.470681142807,0.0,19.44444465637207,19.44444465637207,4,-1.0992408990859985,0.2216869592666626,-0.8002261859743596,0.7250000000000001,-1.0,-1.0,-0.85,LPS,OFF,LPS,-0.252417516078533,-0.2501337962288121,-0.22385007493782796,-0.3249087333679199,-0.3483571708202362,-0.3307138681411743,-0.002283719849720922,0.023448437452316284,-0.028567441140705058,0.0058051347732543945,4.3441178311977,49.9821206123389,-18.882134453550254,-3169.434823251808,0.2510341019753,57.53497439375901,-26.434988234970355,-4456.920211501182,0.25186359773460254,-0.0013815462589263916,0.005744443615940259,0.0008294957593025232,-1287.485388249374
30-35,0.25186359773460254,31.099986158788653,195.470681142807,0.0,19.44444465637207,19.44444465637207,4,-1.0934268236160278,0.22144758701324463,-0.7981254731478497,0.7750000000000001,-1.0,0.31000000000000005,0.86125,LPS,OFF,OFF,-0.30257892755952276,-0.3005120987416984,-0.2745525758346623,-0.3182313144207001,-0.34222856163978577,-0.3243437111377716,-0.0020668288178243843,0.023997247219085693,-0.028026351724860454,0.006112396717071533,4.309360894259772,49.9821206123389,-18.882134453550254,-3169.434823251808,0.25390985432677005,4.375,26.724986158788653,6058.603824252142,0.24792640524963286,-0.010268032550811768,-0.02873080972584463,-0.005983449077137187,9228.03864750395
30-35,0.247917073006992,31.099986158788653,195.470681142807,0.0,19.44444465637207,19.44444465637207,4,-1.1014000177383423,0.22177590429782867,-0.8010013466847088,0.7250000000000001,-1.0,-1.0,-0.85,LPS,OFF,LPS,-0.2542843996617136,-0.2519202302393868,-0.22551625864207447,-0.32738861441612244,-0.35068222880363464,-0.33307933807373047,-0.0023641694223268117,0.023293614387512207,-0.02876814101963915,0.005690723657608032,4.357024060026306,49.9821206123389,-18.882134453550254,-3169.434823251808,0.24996625532639766,57.53497439375901,-26.434988234970355,-4456.920211501182,0.25079607022654354,-0.001482248306274414,0.005750495487101492,0.0008298149001458865,-1287.485388249374
30-35,0.25079607022654354,31.099986158788653,195.470681142807,0.0,19.44444465637207,19.44444465637207,4,-1.0955835580825806,0.22153638303279877,-0.7989070120384214,0.75,-1.0,-1.0,-0.85,LPS,OFF,LPS,-0.30443181830059396,-0.30228449519740935,-0.27620465240424774,-0.3207078278064728,-0.34441831707954407,-0.3267066776752472,-0.0021473231031846063,0.02371048927307129,-0.028227165896346218,0.005998849868774414,4.322253690856477,49.9821206123389,-18.882134453550254,-3169.434823251808,0.2528431173996489,57.53497439375901,-26.434988234970355,-4456.920211501182,0.25367207306671563,-0.0014931857585906982,0.005733777901568982,0.0008289556670667553,-1287.485388249374
30-35,0.25367207306671563,31.099986158788653,195.470681142807,0.0,19.44444465637207,19.44444465637207,4,-1.0897730588912964,0.2212972790002823,-0.7967952990728364,0.7750000000000001,-1.0,0.31000000000000005,0.86125,LPS,OFF,OFF,-0.29945018387383593,-0.2975198271271561,-0.27176429995102325,-0.31422802805900574,-0.33903205394744873,-0.32045137882232666,-0.001930356746679851,0.024804025888442993,-0.027685883922812682,0.006223350763320923,4.287519485555008,49.9821206123389,-18.882134453550254,-3169.434823251808,0.2557169917422692,4.375,26.724986158788653,6058.603824252142,0.24973748870170767,-0.009271621704101562,-0.02832944518879199,-0.0059795030405615235,9228.03864750395
30-35,0.24972816269463996,31.099986158788653,195.470681142807,0.0,19.44444465637207,19.44444465637207,4,-1.0977410078048706,0.2216252237558365,-0.7996861201866794,0.75,-1.0,-1.0,-0.85,LPS,OFF,LPS,-0.25112311319036446,-0.24889531476009863,-0.22269518143578945,-0.32318592071533203,-0.34674182534217834,-0.32907047867774963,-0.002227798430265826,0.023555904626846313,-0.028427931754575003,0.0058845579624176025,4.335151077096159,49.9821206123389,-18.882134453550254,-3169.434823251808,0.25177600134021,57.53497439375901,-26.434988234970355,-4456.920211501182,0.25260527551636563,-0.001311659812927246,0.0057401320747752504,0.0008292741761556366,-1287.485388249374
30-35,0.25260527551636563,31.099986158788653,195.470681142807,0.0,19.44444465637207,19.44444465637207,4,-1.091928243637085,0.2213859111070633,-0.7975808440171428,0.7750000000000001,-1.0,0.31000000000000005,0.86125,LPS,OFF,OFF,-0.3012942401714087,-0.29928336372873376,-0.2734074769643979,-0.3165895342826843,-0.34090614318847656,-0.32274624705314636,-0.002010876442674947,0.024316608905792236,-0.027886763207010834,0.006156712770462036,4.300403466269972,49.9821206123389,-18.882134453550254,-3169.434823251808,0.2546509832013803,4.375,26.724986158788653,6058.603824252142,0.24866915307312748,-0.009866893291473389,-0.028566191033540078,-0.005981830128252819,9228.03864750395
30-35,0.24865982338878817,31.099986158788653,195.470681142807,0.0,19.44444465637207,19.44444465637207,4,-1.099899172782898,0.22171412408351898,-0.8004628015682572,0.7250000000000001,-1.0,-1.0,-0.85,LPS,OFF,LPS,-0.2529863609910784,-0.25067810240241034,-0.22435770223931095,-0.32566502690315247,-0.34906622767448425,-0.33143526315689087,-0.002308258588668066,0.023401200771331787,-0.028628658751767455,0.005770236253738403,4.348053677977758,49.9821206123389,-18.882134453550254,-3169.434823251808,0.25070845443810524,57.53497439375901,-26.434988234970355,-4456.920211501182,0.2515380474958119,-0.0014122724533081055,0.005746311221261624,0.0008295930577066346,-1287.485388249374
30-35,0.2515380474958119,31.099986158788653,195.470681142807,0.0,19.44444465637207,19.44444465637207,4,-1.09408438205719,0.22147467732429504,-0.7983640388166127,0.75,-1.0,-1.0,-0.85,LPS,OFF,LPS,-0.30314350636974674,-0.301052125197141,-0.27505590222892273,-0.31898608803749084,-0.342835396528244,-0.3250643312931061,-0.0020913811726057663,0.023849308490753174,-0.028087604140824007,0.006078243255615234,4.313292645881206,49.9821206123389,-18.882134453550254,-3169.434823251808,0.2535845451167771,57.53497439375901,-26.434988234970355,-4456.920211501182,0.25441327962842464,-0.0016577839851379395,0.005729259716424684,0.0008287345116475553,-1287.485388249374
30-35,0.25441327962842464,31.099986158788653,195.470681142807,0.0,19.44444465637207,19.44444465637207,4,-1.0910345315933228,0.2201996147632599,-0.7972554217887341,0.7750000000000001,-1.0,0.31000000000000005,0.86125,LPS,OFF,OFF,-0.2981715689067227,-0.29629718480951484,-0.2706253252743862,-0.31166085600852966,-0.33748742938041687,-0.31929534673690796,-0.0018743840972078596,0.025826573371887207,-0.027546243632336487,0.007634490728378296,4.278567748607608,49.9821206123389,-18.882134453550254,-3169.434823251808,0.25645765046089136,4.375,26.724986158788653,6058.603824252142,0.2504797632032738,-0.009022057056427002,-0.028194531903896536,-0.0059778872576175535,9228.03864750395
30-35,0.2504704397494385,31.099986158788653,195.470681142807,0.0,19.44444465637207,19.44444465637207,4,-1.1018390655517578,0.22061318159103394,-0.801158644706448,0.9000000000000001,-1.0,-1.0,-0.85,LPS,OFF,LPS,-0.24983117265775634,-0.24765930565878,-0.2215427757585327,-0.3307301104068756,-0.3439854085445404,-0.3289373815059662,-0.0021718669989763406,0.013255298137664795,-0.028288396899223633,-0.0017927289009094238,4.326186411536094,49.9821206123389,-18.882134453550254,-3169.434823251808,0.25251772819667867,57.53497439375901,-26.434988234970355,-4456.920211501182,0.25334678095897195,-0.0015696883201599121,0.005675464976364675,0.0008290527622932808,-1287.485388249374
30-35,0.25334678095897195,31.099986158788653,195.470681142807,0.0,19.44444465637207,19.44444465637207,4,-1.0985687971115112,0.21935462951660156,-0.799984342494859,1.0,-1.0,0.31000000000000005,0.86125,LPS,OFF,OFF,-0.30001200780590376,-0.2980570936538238,-0.27226485834308883,-0.33174392580986023,-0.3381202518939972,-0.3254168629646301,-0.001954914152079934,0.006376326084136963,-0.027747149462814924,-0.0063270628452301025,4.291448119663256,49.9821206123389,-18.882134453550254,-3169.434823251808,0.25539194015803346,4.375,26.724986158788653,6058.603824252142,0.2494117277250458,-0.012272745370864868,-0.028488642252593677,-0.005980212432987658,9228.03864750395
30-35,0.2494024005969998,31.099986158788653,195.470681142807,0.0,19.44444465637207,19.44444465637207,4,-1.1099008321762085,0.22176939249038696,-0.8040273344032908,-0.9,-1.0,-1.0,-0.85,LPS,LPS,LPS,-0.2516907875204101,-0.24943844981246818,-0.22320163659454817,-0.35232412815093994,-0.3460240960121155,-0.33587998151779175,-0.0022523377079418927,-0.006300032138824463,-0.028489150925861906,-0.016444146633148193,4.339085387389884,49.9821206123389,-18.882134453550254,-3169.434823251808,0.25145048080051985,57.53497439375901,-26.434988234970355,-4456.920211501182,0.25227985218541293,-0.00405728816986084,0.005618512448428259,0.000829371384893085,-1287.485388249374
30-35,0.25227985218541293,31.099986158788653,195.470681142807,0.0,19.44444465637207,18.75,4,-1.0888491868972778,0.2198312133550644,-0.7964577290680768,-0.9,-1.0,0.31000000000000005,0.86125,LPS,LPS,OFF,-0.3018576522913002,-0.29982222299962424,-0.2739096352203303,-0.35243338346481323,-0.34128621220588684,-0.3325764238834381,-0.0020354292916759387,-0.011147171258926392,-0.02794801707096989,-0.019856959581375122,4.304333685193721,49.9821206123389,-18.882134453550254,-3169.434823251808,0.2543258006762904,4.375,26.724986158788653,6058.603824252142,0.2483432603156892,-0.0264224112033844,-0.028598036709114538,-0.005982540360601196,9228.03864750395
30-35,0.20328980798977345,31.099986158788653,195.470681142807,0.0,19.44444465637207,19.44444465637207,4,-2.146493434906006,0.42757663130760193,-0.9730402759738653,1.0,-1.0,-1.0,-0.85,LPS,OFF,LPS,-0.45053444575945245,-0.4448540417913039,-0.4134941196659114,-0.5056479573249817,-0.5073235630989075,-0.4966672658920288,-0.005680403968148562,0.0016756057739257812,-0.037040326093541076,-0.00898069143295288,4.895998696455508,56.5908676710815,-25.49088151229284,-4299.05808448611,0.20611270610188026,57.53497439375901,-26.434988234970355,-4456.920211501182,0.20621602890688293,0.000732123851776123,0.0009186469085042948,0.00010332280500266466,-157.86212701507247
30-35,0.20621602890688293,31.099986158788653,195.470681142807,0.0,19.44444465637207,19.44444465637207,4,-1.2354849576950073,0.254839688539505,-0.8441629582685106,-0.6499999999999999,-1.0,-1.0,-0.85,LPS,LPS,LPS,-0.3857974976615305,-0.38033190143395673,-0.3492929426087713,-0.44332730770111084,-0.4454478621482849,-0.42461293935775757,-0.005465596227573755,0.0021205544471740723,-0.03650455505275918,-0.01871436834335327,4.860657994884348,51.87033405769393,-20.77034789890528,-3498.5970788827403,0.20851217920248635,57.53497439375901,-26.434988234970355,-4456.920211501182,0.2091391060974812,-0.002191603183746338,0.005329708390307553,0.0006269268949948559,-958.3231326184418
30-35,0.2091391060974812,31.099986158788653,195.470681142807,0.0,19.44444465637207,19.44444465637207,4,-1.2227736711502075,0.25201818346977234,-0.840470452430032,-0.6499999999999999,-1.0,-1.0,-0.85,LPS,LPS,LPS,-0.3802238150020014,-0.37497317077722103,-0.34425539887084655,-0.43498143553733826,-0.43788716197013855,-0.4181933104991913,-0.0052506442247803875,0.002905726432800293,-0.03596841613115487,-0.016788125038146973,4.825355260884194,51.87033405769393,-20.77034789890528,-3498.5970788827403,0.2114327914464011,57.53497439375901,-26.434988234970355,-4456.920211501182,0.21205904965401232,-0.002290666103363037,0.005393009801293092,0.0006262582076112244,-958.3231326184418
30-35,0.21205904965401232,31.099986158788653,195.470681142807,0.0,19.44444465637207,19.44444465637207,4,-1.2126448154449463,0.24941253662109375,-0.8374710940164993,0.8500000000000001,-1.0,-1.0,-0.85,LPS,OFF,LPS,-0.3746895291253186,-0.36965397948223155,-0.3392576155569832,-0.42647987604141235,-0.43061861395835876,-0.4120396673679352,-0.005035549643087056,0.004138737916946411,-0.035431913568335416,-0.014440208673477173,4.7900903725660795,50.92622733501642,-19.826241176227764,-3335.2972804773012,0.21424359021823608,57.53497439375901,-26.434988234970355,-4456.920211501182,0.2149758696150928,-0.0025200247764587402,0.005431111622538343,0.0007322793968567165,-1121.622931023881
30-35,0.2149758696150928,31.099986158788653,195.470681142807,0.0,19.44444465637207,19.44444465637207,4,-1.2027995586395264,0.2468789666891098,-0.8345065378605365,0.8500000000000001,-1.0,-1.0,-0.85,LPS,OFF,LPS,-0.36919451589913876,-0.36437420174892987,-0.33429946433435553,-0.41798725724220276,-0.42365890741348267,-0.4059799611568451,-0.004820314150208893,0.005671650171279907,-0.03489505156478323,-0.012007296085357666,4.75486320869112,50.92622733501642,-19.826241176227764,-3335.2972804773012,0.21715807449978416,57.53497439375901,-26.434988234970355,-4456.920211501182,0.21788957596591235,-0.002748250961303711,0.005471965280897995,0.0007315014661281871,-1121.622931023881
30-35,0.21788957596591235,31.099986158788653,195.470681142807,0.0,19.44444465637207,19.44444465637207,4,-1.1929646730422974,0.2443736344575882,-0.8314960673170214,0.8500000000000001,-1.0,-1.0,-0.85,LPS,OFF,LPS,-0.3637386518403295,-0.3591337124419115,-0.32938081755806536,-0.4093940258026123,-0.41726934909820557,-0.39992669224739075,-0.004604939398417995,0.007875323295593262,-0.03435783428226413,-0.009467333555221558,4.719673648665685,50.92622733501642,-19.826241176227764,-3335.2972804773012,0.22006945263364064,57.53497439375901,-26.434988234970355,-4456.920211501182,0.22080017863863097,-0.002714872360229492,0.0055118584387878755,0.0007307260049903286,-1121.622931023881
30-35,0.22080017863863097,31.099986158788653,195.470681142807,0.0,19.44444465637207,19.44444465637207,4,-1.1832391023635864,0.24178440868854523,-0.8284702434742443,0.8250000000000002,-1.0,-1.0,-0.85,LPS,OFF,LPS,-0.3583218141102403,-0.35393238708552444,-0.3245015482659921,-0.40073442459106445,-0.41088661551475525,-0.39357295632362366,-0.004389427024715842,0.010152190923690796,-0.03382026584424819,-0.007161468267440796,4.684521572536593,50.92622733501642,-19.826241176227764,-3335.2972804773012,0.22297773451235356,57.53497439375901,-26.434988234970355,-4456.920211501182,0.22370768751277192,-0.0025382637977600098,0.005549680565595794,0.0007299530004183652,-1121.622931023881
30-35,0.22370768751277192,31.099986158788653,195.470681142807,0.0,19.44444465637207,19.44444465637207,4,-1.173357367515564,0.23925694823265076,-0.8253454854309603,0.8250000000000002,-1.0,-1.0,-0.85,LPS,OFF,LPS,-0.3529438805100037,-0.34877010185901514,-0.3196615301736969,-0.39216598868370056,-0.40451064705848694,-0.3870829641819,-0.004173778650988558,0.012344658374786377,-0.033282350336306776,-0.005083024501800537,4.649406860986375,50.92622733501642,-19.826241176227764,-3335.2972804773012,0.22588292997612772,57.53497439375901,-26.434988234970355,-4456.920211501182,0.2266121124156113,-0.0024767518043518066,0.005588249128697709,0.0007291824394835833,-1121.622931023881
30-35,0.2266121124156113,31.099986158788653,195.470681142807,0.0,19.44444465637207,19.44444465637207,4,-1.1643916368484497,0.23691897094249725,-0.8224659361877192,0.8,-1.0,-1.0,-0.85,LPS,OFF,LPS,-0.34760472947589305,-0.3436467335917195,-0.3148606376693748,-0.38362979888916016,-0.39814144372940063,-0.38059988617897034,-0.00395799588417356,0.014511644840240479,-0.03274409180651827,-0.0030299127101898193,4.614329395328558,50.92622733501642,-19.826241176227764,-3335.2972804773012,0.2287850488132115,57.53497439375901,-26.434988234970355,-4456.920211501182,0.22951346312256354,-0.0026360154151916504,0.005615894874300753,0.0007284143093520545,-1121.622931023881
30-35,0.22951346312256354,31.099986158788653,195.470681142807,0.0,19.44444465637207,19.44444465637207,4,-1.1554356813430786,0.2346062958240509,-0.8195468146093671,0.8,-1.0,-1.0,-0.85,LPS,OFF,LPS,-0.34230424007471283,-0.3385621597582999,-0.3100987458088499,-0.37512633204460144,-0.39177900552749634,-0.37412360310554504,-0.0037420803164129324,0.016652673482894897,-0.032205494265862944,-0.0010027289390563965,4.579289057503019,50.92622733501642,-19.826241176227764,-3335.2972804773012,0.23168410076027965,57.53497439375901,-26.434988234970355,-4456.920211501182,0.23241174935756373,-0.0025102198123931885,0.005642366170387936,0.0007276485972840807,-1121.622931023881
30-35,0.23241174935756373,31.099986158788653,195.470681142807,0.0,19.44444465637207,19.44444465637207,4,-1.146488904953003,0.23231856524944305,-0.8165875840261395,0.7750000000000001,-1.0,-1.0,-0.85,LPS,OFF,LPS,-0.33704229199924185,-0.3335162584740292,-0.3053757303106295,-0.3666934669017792,-0.3854232728481293,-0.3676542341709137,-0.003526033525212635,0.018729805946350098,-0.03166656168861237,0.0009607672691345215,4.544285730071363,50.92622733501642,-19.826241176227764,-3335.2972804773012,0.23458009550281278,57.53497439375901,-26.434988234970355,-4456.920211501182,0.2353069807934459,-0.0023525357246398926,0.005667626380002455,0.0007268852906331114,-1121.622931023881
30-35,0.2353069807934459,31.099986158788653,195.470681142807,0.0,19.44444465637207,19.44444465637207,4,-1.1375516653060913,0.23005563020706177,-0.8135880212947263,0.7750000000000001,-1.0,-1.0,-0.85,LPS,OFF,LPS,-0.33181876556370915,-0.3285089084901123,-0.3006914675509933,-0.3582538366317749,-0.3789554834365845,-0.3611157238483429,-0.003309857073596878,0.02070164680480957,-0.031127298012715854,0.002861887216567993,4.509319296212355,50.92622733501642,-19.826241176227764,-3335.2972804773012,0.23747304267547295,57.53497439375901,-26.434988234970355,-4456.920211501182,0.238199167052318,-0.0021920204162597656,0.0056916284483682356,0.0007261243768450498,-1121.622931023881
30-35,0.238199167052318,31.099986158788653,195.470681142807,0.0,19.44444465637207,19.44444465637207,4,-1.1286238431930542,0.22781702876091003,-0.8105477495672883,0.75,-1.0,-1.0,-0.85,LPS,OFF,LPS,-0.32663354169931835,-0.32353998918905874,-0.29604583455913525,-0.35014235973358154,-0.3723863661289215,-0.3545974791049957,-0.0030935525102596118,0.022244006395339966,-0.030587707140183107,0.004455119371414185,4.474389639717392,49.9821206123389,-18.882134453550254,-3169.434823251808,0.24025558938094427,57.53497439375901,-26.434988234970355,-4456.920211501182,0.24108831770593325,-0.0020307600498199463,0.005714332600503413,0.000832728324988985,-1287.485388249374
30-35,0.24108831770593325,31.099986158788653,195.470681142807,0.0,19.44444465637207,19.44444465637207,4,-1.119705319404602,0.22555391490459442,-0.8074663927114917,0.75,-1.0,-1.0,-0.85,LPS,OFF,LPS,-0.3214865019498132,-0.31860938058009625,-0.29143870901235336,-0.34329289197921753,-0.36582422256469727,-0.3481948673725128,-0.0028771213697169618,0.022531330585479736,-0.03004779293745985,0.004901975393295288,4.439496644986018,49.9821206123389,-18.882134453550254,-3169.434823251808,0.2431425822405802,57.53497439375901,-26.434988234970355,-4456.920211501182,0.243974442276058,-0.0019198060035705566,0.005735698350366025,0.000831860035477805,-1287.485388249374
30-35,0.243974442276058,31.099986158788653,195.470681142807,0.0,19.44444465637207,19.44444465637207,4,-1.1107958555221558,0.22327901422977448,-0.8043435333692146,0.7250000000000001,-1.0,-1.0,-0.85,LPS,OFF,LPS,-0.31637752846707584,-0.3137169632946223,-0.28686996923127694,-0.33653756976127625,-0.35926392674446106,-0.34180644154548645,-0.002660565172453555,0.022726356983184814,-0.029507559235798897,0.005268871784210205,4.404640197021478,49.9821206123389,-18.882134453550254,-3169.434823251808,0.24602655578318097,57.53497439375901,-26.434988234970355,-4456.920211501182,0.2468575502348361,-0.0018204450607299805,0.005755682661209571,0.0008309944516551315,-1287.485388249374
30-35,0.2468575502348361,31.099986158788653,195.470681142807,0.0,19.44444465637207,19.44444465637207,4,-1.1035405397415161,0.22186419367790222,-0.8017671887595693,0.7250000000000001,-1.0,-1.0,-0.85,LPS,OFF,LPS,-0.31130650400677806,-0.3088626185817064,-0.28233949417515036,-0.3298472464084625,-0.35298752784729004,-0.3354246914386749,-0.002443885425071679,0.023140281438827515,-0.0289670098316277,0.005577445030212402,4.369820181426325,49.9821206123389,-18.882134453550254,-3169.434823251808,0.24890751944563705,57.53497439375901,-26.434988234970355,-4456.920211501182,0.24973765100515014,-0.0015819966793060303,0.005756323236279948,0.0008301315595130865,-1287.485388249374
30-35,0.24973765100515014,31.099986158788653,195.470681142807,0.0,19.44444465637207,19.44444465637207,4,-1.0977216958999634,0.22162441909313202,-0.7996791580967101,0.75,-1.0,-1.0,-0.85,LPS,OFF,LPS,-0.3062733119240618,-0.30404622830362604,-0.2778471634371472,-0.3231639266014099,-0.3467211425304413,-0.3290494978427887,-0.002227083620435777,0.023557215929031372,-0.028426148486914604,0.005885571241378784,4.33503648439805,49.9821206123389,-18.882134453550254,-3169.434823251808,0.25178548261583406,57.53497439375901,-26.434988234970355,-4456.920211501182,0.2526147539609789,-0.001310795545578003,0.005740078314203867,0.0008292713451448219,-1287.485388249374
30-35,0.2526147539609789,31.099986158788653,195.470681142807,0.0,19.44444465637207,19.44444465637207,4,-1.0919090509414673,0.22138521075248718,-0.7975738603639401,0.7750000000000001,-1.0,0.31000000000000005,0.86125,LPS,OFF,OFF,-0.30127783616926807,-0.2992676749314502,-0.2733928572397447,-0.3165684640407562,-0.34088948369026184,-0.3227258622646332,-0.002010161237817887,0.024321019649505615,-0.027884978929523352,0.006157398223876953,4.300288992724768,49.9821206123389,-18.882134453550254,-3169.434823251808,0.25466045463300774,4.375,26.724986158788653,6058.603824252142,0.2486786451888089,-0.009861469268798828,-0.02856408720726067,-0.005981809444198849,9228.03864750395
30-35,0.24866931553715485,31.099986158788653,195.470681142807,0.0,19.44444465637207,19.44444465637207,4,-1.0998800992965698,0.22171330451965332,-0.8004559491362279,0.7250000000000001,-1.0,-1.0,-0.85,LPS,OFF,LPS,-0.25296978640891454,-0.2506622424950049,-0.2243429105787771,-0.32564303278923035,-0.34904560446739197,-0.3314143121242523,-0.0023075439139096376,0.02340257167816162,-0.028626875830137455,0.005771279335021973,4.347939038928896,49.9821206123389,-18.882134453550254,-3169.434823251808,0.2507179395433049,57.53497439375901,-26.434988234970355,-4456.920211501182,0.2515475297666888,-0.0014113783836364746,0.005746256077129863,0.0008295902233839136,-1287.485388249374
30-35,0.2515475297666888,31.099986158788653,195.470681142807,0.0,19.44444465637207,19.44444465637207,4,-1.0940653085708618,0.22147388756275177,-0.7983571223816892,0.75,-1.0,-1.0,-0.85,LPS,OFF,LPS,-0.3031270560597853,-0.3010363899587686,-0.27504123585496315,-0.31896406412124634,-0.3428176939487457,-0.32504332065582275,-0.002090666101016714,0.02385362982749939,-0.028085820204822143,0.006079256534576416,4.3131781261252575,49.9821206123389,-18.882134453550254,-3169.434823251808,0.2535940203664301,57.53497439375901,-26.434988234970355,-4456.920211501182,0.2544227520525301,-0.0016599297523498535,0.005729200406656754,0.0008287316861000371,-1287.485388249374
30-35,0.2544227520525301,31.099986158788653,195.470681142807,0.0,19.44444465637207,19.44444465637207,4,-1.0882564783096313,0.22123490273952484,-0.7962408998259902,0.8,-1.0,0.31000000000000005,0.86125,LPS,OFF,OFF,-0.29815524248863423,-0.2962815738550202,-0.2706107837945098,-0.312566339969635,-0.3377132713794708,-0.31883761286735535,-0.0018736686336140451,0.025146931409835815,-0.02754445869412442,0.006271272897720337,4.27845334777358,49.9821206123389,-18.882134453550254,-3169.434823251808,0.25646711588560234,4.375,26.724986158788653,6058.603824252142,0.25048924927160066,-0.008855938911437988,-0.028162875988609226,-0.005977866614001681,9228.03864750395
30-35,0.2504799258503859,31.099986158788653,195.470681142807,0.0,19.44444465637207,19.44444465637207,4,-1.0962220430374146,0.22156265377998352,-0.7991378646426042,0.75,-1.0,-1.0,-0.85,LPS,OFF,LPS,-0.24981467598812868,-0.24764352392677338,-0.22152806268166134,-0.3214413821697235,-0.3451061248779297,-0.3274064362049103,-0.0021711520613552915,0.023664742708206177,-0.02828661330646734,0.005965054035186768,4.326071845523426,49.9821206123389,-18.882134453550254,-3169.434823251808,0.2525272072681486,57.53497439375901,-26.434988234970355,-4456.920211501182,0.2533562572015933,-0.001422971487045288,0.005735680023980533,0.0008290499334447365,-1287.485388249374
30-35,0.2533562572015933,31.099986158788653,195.470681142807,0.0,19.44444465637207,19.44444465637207,4,-1.0904110670089722,0.22132349014282227,-0.7970281284499486,0.7750000000000001,-1.0,0.31000000000000005,0.86125,LPS,OFF,OFF,-0.2999956351712474,-0.2980414363505866,-0.27225027030791626,-0.3149271309375763,-0.33958688378334045,-0.3211307227611542,-0.0019541988206607797,0.02465975284576416,-0.027745364863331123,0.006203591823577881,4.2913336727120575,49.9821206123389,-18.882134453550254,-3169.434823251808,0.25540140939304923,4.375,26.724986158788653,6058.603824252142,0.24942121762810276,-0.009446471929550171,-0.02839952727310463,-0.005980191764946463,9228.03864750395
35-50,0.5,42.44528118038215,19.455836931429804,38.91167386285961,1.0416666269302368,2.0833332538604736,1,-0.7093664407730103,0.41382086277008057,-0.6102793907039844,0.6500000000000001,-1.0,-1.0,-0.85,LPS,OFF,LPS,-0.015824001886044263,-0.014226307473416919,-0.012236615792501362,-0.020753346383571625,-0.02414557710289955,-0.02225658670067787,-0.001597694412627344,0.0033922307193279266,-0.0035873860935429006,0.001503240317106247,1.31255553,57.90749075323565,-15.462209572853496,-157.29004670103154,0.5000933495756841,78.52377018370697,-36.078489003324826,-434.63292100703615,0.5002579064905379,-0.009156432002782822,0.0006562373484289962,0.00016455691485384172,-277.3428743060046
35-50,0.5002579064905379,38.973724935691614,58.36751079428941,38.91167386285961,2.0833332538604736,3.125,1,-0.8024591207504272,0.196536123752594,-0.6654093103800343,-0.675,-1.0,-1.0,-0.85,LPS,LPS,LPS,-0.033307848458069,-0.02931646527984848,-0.024065404602150984,-0.045875344425439835,-0.051869574934244156,-0.03661967068910599,-0.003991383178220519,0.005994230508804321,-0.009242443855918017,-0.009255673736333847,1.3094407288371508,56.720688968908334,-17.74696403321672,-611.5705942962776,0.5006207366455485,72.10139113102949,-33.12766619533787,-1281.8145701047124,0.5010180744016475,-0.009353924542665482,0.0016761125569401715,0.00039733775609895883,-670.2439758084348
35-50,0.5010180744016475,38.32430486359816,97.27918688369294,38.91167831594746,3.125,4.166666507720947,1,-0.6615612506866455,0.24018314480781555,-0.5794014805730393,-0.775,-1.0,-1.0,-0.85,LPS,LPS,LPS,-0.03747156572655155,-0.03143683629666203,-0.02311803407066326,-0.056665875017642975,-0.0513732023537159,-0.04363744333386421,-0.006034729429889522,-0.005292672663927078,-0.014353531655888294,-0.013028431683778763,1.300259990932703,51.12188523769254,-12.797580374094382,-673.0114720484892,0.5014172403582386,70.89996399765658,-32.575659134058434,-2218.2600597273818,0.5023325316216967,-0.0030512437224388123,0.003679856461204757,0.0009152912634580179,-1545.2485876788926
35-50,0.5023325316216967,38.099410101823956,136.19086074655257,38.91166940977176,4.166666507720947,4.166666507720947,1,-0.4570409953594208,0.2895960509777069,-0.42766947503982594,0.07499999999999996,0.9750000000000001,1.0,1.0,LPS,ASSIST,OFF,-0.043120138383585666,-0.044440705568409095,-0.04964155845285785,-0.07044699788093567,-0.05967622622847557,-0.056461382657289505,0.001320567184823429,-0.010770771652460098,0.006521420069272185,-0.013985615223646164,1.284384962471864,43.88235627799366,-5.7829461761697,-218.60531816880336,0.5024621655196667,0.0,38.099410101823956,7032.539126637561,0.49814413631975446,-0.017086640000343323,0.00416381453599083,-0.004318029199912254,7251.144444806364
35-50,0.47532734103698515,48.92815902286259,186.83941049575805,16.247123527526856,8.88888931274414,8.88888931274414,2,2.0236330032348633,0.558218777179718,0.965659781167488,1.0,0.7250000000000001,0.8200000000000001,0.976875,OFF,OFF,OFF,-0.10111044352244616,-0.09952571795097741,-0.10427650836547843,-0.11599963903427124,-0.11685143411159515,-0.12943555414676666,-0.0015847255714687564,0.0008517950773239136,0.003166064843032265,0.013435915112495422,1.610533400461071,0.15625,48.77190902286259,11304.43829420921,0.4685152504745258,1.09375,47.83440902286259,11072.75787473496,0.4686558139228169,-0.0020457804203033447,0.0006734561832525271,0.0001405634482911089,-231.6804194742508
35-50,0.42698698856175615,37.613446109968216,181.60617434183757,11.71604830423991,8.54699993133545,9.081194877624512,2,1.9257631301879883,0.5180330872535706,0.9583895435503175,1.0,0.5750000000000002,0.5800000000000001,0.9306249999999999,OFF,OFF,OFF,-0.031076030976365184,-0.043529997965342036,-0.040933528899174995,-0.09300509095191956,-0.10293959826231003,-0.10958623141050339,0.012453966988976852,0.009934507310390472,0.009857497922809811,0.016581140458583832,2.19435192239253,0.3125,37.300946109968216,8243.07734896893,0.4219462861664524,2.65625,34.957196109968216,7718.045193506454,0.42226891545065004,-0.013465195894241333,0.002131567685918403,0.0003226292841976286,-525.032155462477
35-50,0.42226462713447244,37.759659165433376,193.32253640492758,11.716675821940104,9.081194877624512,9.615388870239258,2,2.0092289447784424,0.5222415924072266,0.9646738445018543,1.0,0.5750000000000002,0.5800000000000001,0.9306249999999999,OFF,OFF,OFF,-0.03385373205971395,-0.04709141538930151,-0.04359288706144261,-0.08293092250823975,-0.09457588940858841,-0.09810146689414978,0.013237683329587566,0.011644966900348663,0.009739155001728665,0.015170544385910034,2.2513850619401925,0.15625,37.603409165433376,8794.83430430299,0.4168758494993473,2.65625,35.103409165433376,8203.147458418862,0.41724027850048995,-0.016400620341300964,0.0023469151288152204,0.000364429001142641,-591.6868458841291
35-50,0.4172357377515662,37.91932706703793,205.03920176823934,11.716654904683432,9.615388870239258,10.149582862854004,2,2.032749891281128,0.5382096767425537,0.96626979458827,1.0,0.5750000000000002,0.5800000000000001,0.9306249999999999,OFF,OFF,OFF,-0.036788135244752655,-0.050957190622219595,-0.04636474049245062,-0.08478216826915741,-0.09827601909637451,-0.09924373775720596,0.01416905537746694,0.013493850827217102,0.009576605247697968,0.014461569488048553,2.3121202162398973,0.15625,37.76307706703793,9312.132897147023,0.41151816584224704,2.65625,35.26307706703793,8689.460782397588,0.4119026022147388,-0.019323259592056274,0.00254494407946515,0.00038443637249174767,-622.6721147494354
35-50,0.4118978115939801,38.09347718321906,216.75585667292276,11.716654904683432,10.149582862854004,10.68375015258789,2,2.0401930809020996,0.5538870692253113,0.9667599128569913,1.0,0.5750000000000002,0.575,0.9306249999999999,OFF,OFF,OFF,-0.039891589582111274,-0.055194126548418904,-0.049403538477112714,-0.08688188344240189,-0.10253053158521652,-0.10211111605167389,0.01530253696630763,0.015648648142814636,0.00951194889500144,0.015229232609272003,2.3765876849266037,0.15625,37.93722718321906,9830.738315844628,0.40584861085029167,2.65625,35.43722718321906,9177.646637942471,0.406252846925395,-0.015937335789203644,0.002780137439387022,0.0004042360751033147,-653.0916779021572
35-50,0.406252846925395,38.280096746272704,228.47221873601276,11.716069221496584,10.68375015258789,11.217944145202637,2,2.041196346282959,0.5704725384712219,0.9668254380270975,1.0,0.5750000000000002,0.575,0.9306249999999999,OFF,OFF,OFF,-0.043192141909342785,-0.05927370300567678,-0.052670909296512775,-0.0951555073261261,-0.10695754736661911,-0.10630017518997192,0.016081561096333997,0.011802040040493011,0.00947876738716999,0.011144667863845825,2.4447633344702737,0.15625,38.123846746272704,10356.478346623111,0.3998654399870045,2.65625,35.623846746272704,9671.917701111153,0.4002902781920346,-0.016993768513202667,0.0031211921029399917,0.00042483820503008696,-684.5606455119578
35-50,0.3286094738002974,42.44528118038215,19.455836931429804,38.91167386285961,1.0416666269302368,2.0833332538604736,1,-0.600507378578186,0.23227232694625854,-0.5374105079286406,-0.475,-1.0,-1.0,-0.85,LPS,LPS,LPS,-0.10301162913111506,-0.09853945418498357,-0.09297153935791272,-0.14110426604747772,-0.1457524299621582,-0.13516902923583984,-0.004472174946131488,0.004648163914680481,-0.010040089773202338,-0.005935236811637878,3.382481762545358,54.04193836002227,-11.59665717964012,-101.67315199717439,0.3286734733206193,78.52377018370697,-36.078489003324826,-434.63292100703615,0.328882998505196,-0.014033466577529907,0.0022033363438955927,0.00020952518457667546,-332.95976900986176
35-50,0.328882998505196,38.973724935691614,58.36751079428941,38.91167386285961,2.0833332538604736,3.125,1,-0.788480818271637,0.17093779146671295,-0.6575475622209179,-0.5249999999999999,-1.0,-1.0,-0.85,LPS,LPS,LPS,-0.12877283466268696,-0.11757851554931108,-0.10286165327406024,-0.16670650243759155,-0.1560286283493042,-0.14693495631217957,-0.011194319113375886,-0.010677874088287354,-0.02591118138862672,-0.019771546125411987,3.379178336303122,55.53755803336054,-16.56383309766893,-557.1852369085351,0.329233585723169,72.10139113102949,-33.12766619533787,-1281.8145701047124,0.32968914133744925,-0.017460450530052185,0.004811211604978313,0.00045555561428023417,-724.6293331961773
35-50,0.32968914133744925,38.32430486359816,97.27918688369294,38.91167831594746,3.125,4.166666507720947,1,-0.7325612306594849,0.17141224443912506,-0.6246297838095929,-0.5249999999999999,-1.0,-1.0,-0.85,LPS,LPS,LPS,-0.13956542998657784,-0.1225610623967549,-0.09914662940199179,-0.16218721866607666,-0.1558057963848114,-0.149415984749794,-0.017004367589822933,-0.006381422281265259,-0.04041880058458605,-0.012771233916282654,3.3694423477822912,53.44871803298243,-15.124413169384272,-861.4386480068995,0.330230904099811,70.89996399765658,-32.575659134058434,-2218.2600597273818,0.331082957020118,-0.01679156720638275,0.009194812343545342,0.0008520529203069893,-1356.8214117204823
35-50,0.331082957020118,38.099410101823956,136.19086074655257,38.91166940977176,4.166666507720947,4.166666507720947,1,-0.6781655550003052,0.16863691806793213,-0.590325519776357,-0.475,-1.0,-0.41000000000000003,-0.13312499999999994,LPS,LPS,LPS,-0.15043653588880024,-0.13747537408866956,-0.12206133143429496,-0.1772303581237793,-0.16450250148773193,-0.17022311687469482,-0.012961161800130683,-0.012727856636047363,-0.02837520445450528,-0.007007241249084473,3.3526088873287803,51.97848092463125,-13.879070822807295,-1105.4454253020415,0.33177772211992024,42.72576704275972,-4.6263569409357626,-97.34968733306448,0.3311441817237347,0.007552027702331543,-0.0019512049942218557,-0.0006335403961855168,1008.095737968977
35-50,0.3386145766234468,48.92815902286259,186.83941049575805,16.247123527526856,8.88888931274414,8.88888931274414,2,-2.312791109085083,0.5225228667259216,-0.9805942389913592,-1.0,-1.0,0.8200000000000001,0.976875,LPS,LPS,OFF,-0.2480409117898602,-0.22596594544364323,-0.2010509910423102,-0.24855291843414307,-0.24163037538528442,-0.21542459726333618,-0.022074966346216973,-0.006922543048858643,-0.04698992074755001,-0.033128321170806885,3.2616476344744774,89.03177507910175,-40.103616056239154,-6112.051156595927,0.3424331777535505,1.09375,47.83440902286259,11072.75787473496,0.3316170270187422,-0.05458821356296539,-0.036872890194267455,-0.010816150734808294,17184.809031330886
35-50,0.2878894366299332,37.613446109968216,181.60617434183757,11.71604830423991,8.54699993133545,9.081194877624512,2,-2.340747594833374,0.5289527177810669,-0.9816398091921031,-1.0,-1.0,0.5800000000000001,0.9306249999999999,LPS,LPS,OFF,-0.19735062165193037,-0.19468779501558114,-0.16973105345292594,-0.31640323996543884,-0.3044849932193756,-0.27756527066230774,-0.0026628266363492303,-0.011918246746063232,-0.027619568199004435,-0.038837969303131104,3.874267831461139,68.44303854653145,-30.82959243656323,-4610.700642280283,0.29082502079278966,2.65625,34.957196109968216,7718.045193506454,0.2829334860377302,-0.050434768199920654,-0.03569347460155495,-0.007891534755059437,12328.745835786736
35-50,0.2829289792345978,37.759659165433376,193.32253640492758,11.716675821940104,9.081194877624512,9.615388870239258,2,-2.149482250213623,0.5085033178329468,-0.9731987974047351,-0.75,-1.0,0.5800000000000001,0.9306249999999999,LPS,LPS,OFF,-0.20928590169817507,-0.2064246787796721,-0.1789826875027909,-0.3083862364292145,-0.314048707485199,-0.2767155170440674,-0.0028612229185029647,0.005662471055984497,-0.030303214195384176,-0.031670719385147095,3.934176515538953,68.70909408852967,-30.949434923096284,-4954.960654484417,0.286088594945104,2.65625,35.103409165433376,8203.147458418862,0.27765024620668144,-0.028154343366622925,-0.039196339096841726,-0.008438348738422585,13158.10811290328
35-50,0.2776454729729841,37.91932706703793,205.03920176823934,11.716654904683432,9.615388870239258,10.149582862854004,2,-2.171572685241699,0.5226008892059326,-0.9743422615706604,-0.7,-1.0,-1.0,-0.85,LPS,LPS,LPS,-0.2219797767143631,-0.21905829263830057,-0.18890782836466477,-0.316209077835083,-0.32751816511154175,-0.2884436845779419,-0.0029214840760625194,0.01130908727645874,-0.033071948349698316,-0.027765393257141113,3.9979867415370274,68.99963264519938,-31.080305578161447,-5307.307855718217,0.2810353443259597,70.15075507402017,-32.23142800698224,-5507.265500374399,0.28116257924999255,0.0008606314659118652,0.0007161686346891516,0.00012723492403282632,-199.9576446561823
35-50,0.28116257924999255,38.09347718321906,216.75585667292276,11.716654904683432,10.149582862854004,10.68375015258789,2,-2.1440041065216064,0.5388520956039429,-0.9729075408326306,-0.725,-1.0,0.575,0.9306249999999999,LPS,LPS,OFF,-0.2894193547164384,-0.28759133687456245,-0.256044321706988,-0.30798715353012085,-0.3222288489341736,-0.28312948346138,-0.001828017841875973,0.014241695404052734,-0.03337503300945044,-0.024857670068740845,3.9555097697530277,69.31652366017896,-31.223046476959905,-5668.361323836379,0.2847776251234352,2.65625,35.43722718321906,9177.646637942471,0.275248909193459,-0.02109631896018982,-0.04353474568940091,-0.009528715929976173,14846.00796177885
35-50,0.275248909193459,38.280096746272704,228.47221873601276,11.716069221496584,10.68375015258789,11.217944145202637,2,-2.1604301929473877,0.5537927746772766,-0.9737716432246839,-0.725,-1.0,0.575,0.9306249999999999,LPS,LPS,OFF,-0.23399705228625725,-0.23196642263388165,-0.19800257976625646,-0.32476142048835754,-0.3378203213214874,-0.2967601716518402,-0.002030629652375604,0.013058900833129883,-0.03599447252000079,-0.028001248836517334,4.026930641443297,69.65610461509266,-31.376007868819947,-6037.284724201779,0.2791064046466434,2.65625,35.623846746272704,9671.917701111153,0.26900111629477796,-0.02415364980697632,-0.04727583580506228,-0.010105288351865416,15709.202425312931
35-50,0.2686815752993141,42.44528118038215,19.455836931429804,38.91167386285961,1.0416666269302368,2.0833332538604736,1,-0.8100661039352417,0.18901699781417847,-0.6696267241668226,-0.625,-1.0,-1.0,-0.85,LPS,LPS,LPS,-0.1889393636899293,-0.1835931782026033,-0.17693714810493785,-0.2620956003665924,-0.26292210817337036,-0.2509729266166687,-0.005346185487326016,0.0008265078067779541,-0.012002215584991455,-0.011122673749923706,4.106245974716359,61.77304314644903,-19.327761966066877,-212.7068223048262,0.2688183535199486,78.52377018370697,-36.078489003324826,-434.63292100703615,0.26896101688010055,-0.006017625331878662,0.0018378132759948596,0.00014266336015195114,-221.92609870220994
35-50,0.26896101688010055,38.973724935691614,58.36751079428941,38.91167386285961,2.0833332538604736,3.125,1,-0.9769991636276245,0.1668769270181656,-0.7517639292498048,-0.7,-1.0,-1.0,-0.85,LPS,LPS,LPS,-0.2172498527835609,-0.20386555194521522,-0.1862698514985831,-0.29140037298202515,-0.29053163528442383,-0.27696532011032104,-0.013384300838345686,-0.0008687376976013184,-0.0309800012849778,-0.014435052871704102,4.102871088884806,60.270081775551674,-21.296356839860064,-773.309105668718,0.26945803861606876,72.10139113102949,-33.12766619533787,-1281.8145701047124,0.26978457437930725,-0.009131044149398804,0.004099155185714409,0.0003265357632384891,-508.50546443599444
35-50,0.26978457437930725,38.32430486359816,97.27918688369294,38.91167831594746,3.125,4.166666507720947,1,-0.9264834523200989,0.17049185931682587,-0.7289501507896285,-0.32499999999999996,-1.0,-1.0,-0.85,LPS,LPS,LPS,-0.2301553171320735,-0.20981475834873392,-0.18180717393320533,-0.28665733337402344,-0.285218209028244,-0.28268668055534363,-0.02034055878333957,-0.001439124345779419,-0.048348143198868154,-0.00397065281867981,4.092924779077512,58.102383623562204,-19.778078759964046,-1236.3495765224338,0.27057871022340935,70.89996399765658,-32.575659134058434,-2218.2600597273818,0.2712084436196752,-0.0119401216506958,0.007832207145151648,0.0006297333962658747,-981.9104832049479
35-50,0.2712084436196752,38.099410101823956,136.19086074655257,38.91166940977176,4.166666507720947,4.166666507720947,1,-0.8876585960388184,0.1650054007768631,-0.7102353406442999,-0.2749999999999999,-1.0,-1.0,-0.85,LPS,ASSIST,LPS,-0.24278405753244486,-0.2254764797432666,-0.2037847435334279,-0.30232030153274536,-0.29820507764816284,-0.29799696803092957,-0.01730757778917827,-0.0041152238845825195,-0.03899931399901696,-0.004323333501815796,4.075728354294277,56.60483786556702,-18.50542776374306,-1644.982264011851,0.2722642124616577,70.48390868837433,-32.384498586550365,-3226.433356628789,0.2732769410684441,-0.010569453239440918,0.005071118287957255,0.0010127286067863617,-1581.4510926169382
35-50,0.29385405874298487,48.92815902286259,186.83941049575805,16.247123527526856,8.88888931274414,8.88888931274414,2,-2.565577983856201,0.4962243139743805,-0.9882499891888534,-1.0,-1.0,-1.0,-0.85,LPS,LPS,LPS,-0.31863042277903886,-0.29088261127832765,-0.2577391172838648,-0.3450183570384979,-0.32178163528442383,-0.29080522060394287,-0.027747811500711206,-0.023236721754074097,-0.060891305495174075,-0.054213136434555054,3.8022315990462863,90.51709419229579,-41.5889351694332,-6336.399515283148,0.29787511913249926,90.51709419229579,-41.5889351694332,-6336.399515283148,0.29787511913249926,9.751319885253906e-05,0.0003032844154943759,0.0,0.0
35-50,0.25360368215416323,37.613446109968216,181.60617434183757,11.71604830423991,8.54699993133545,9.081194877624512,2,-2.5728743076324463,0.5214756727218628,-0.9884192223305766,-1.0,-1.0,-1.0,-0.85,LPS,LPS,LPS,-0.25520623213914484,-0.24950158123803745,-0.22003943423537825,-0.39621636271476746,-0.38351988792419434,-0.34622544050216675,-0.005704650901107389,-0.01269647479057312,-0.03516679790376659,-0.04999092221260071,4.288345459703632,69.5848753034412,-31.971429193472982,-4784.248160221352,0.2566870737630714,69.5848753034412,-31.971429193472982,-4784.248160221352,0.2566870737630714,0.0009241998195648193,0.0003341982766890128,0.0,0.0
35-50,0.2566870737630714,37.759659165433376,193.32253640492758,11.716675821940104,9.081194877624512,9.615388870239258,2,-2.3217482566833496,0.5030375719070435,-0.9809354998755361,-0.575,-1.0,-1.0,-0.85,LPS,LPS,LPS,-0.3145024493517032,-0.3091703090842329,-0.2780480290955095,-0.37912485003471375,-0.36632558703422546,-0.3387411832809448,-0.005332140267470309,-0.012799263000488281,-0.036454420256193665,-0.04038366675376892,4.251106568394945,68.70909408852967,-30.949434923096284,-4954.960654484417,0.2598765606087108,69.85536945605175,-32.09571029061837,-5141.679992285656,0.25999632123695804,0.000639498233795166,0.0005540040555659931,0.0001197606282472563,-186.7193378012389
35-50,0.25999632123695804,37.91932706703793,205.03920176823934,11.716654904683432,9.615388870239258,10.149582862854004,2,-2.2857630252838135,0.5209096670150757,-0.979527400992677,-0.6,-1.0,-1.0,-0.85,LPS,LPS,LPS,-0.31708410813888543,-0.3124048606011137,-0.2796215925100922,-0.3632013201713562,-0.3630638122558594,-0.32827451825141907,-0.0046792475377717135,-0.00013750791549682617,-0.037462515628793214,-0.034926801919937134,4.211139959340948,68.99963264519938,-31.080305578161447,-5307.307855718217,0.2634077104836386,70.15075507402017,-32.23142800698224,-5507.265500374399,0.2635357469095744,0.0006867051124572754,0.0006288011088283474,0.00012803642593578468,-199.9576446561823
35-50,0.2635357469095744,38.09347718321906,216.75585667292276,11.716654904683432,10.149582862854004,10.68375015258789,2,-2.2479171752929688,0.5364763140678406,-0.977935400272506,-0.6499999999999999,-1.0,-1.0,-0.85,LPS,LPS,LPS,-0.3196253359662616,-0.31594140581329244,-0.28159875519447153,-0.3500315845012665,-0.3597768247127533,-0.3180329203605652,-0.0036839301529691393,0.009745240211486816,-0.03802658077179005,-0.031998664140701294,4.1683934306363435,69.31652366017896,-31.223046476959905,-5668.361323836379,0.26717367072427095,70.47293278895526,-32.3794556057362,-5881.562726630163,0.2673099460948634,0.0007401108741760254,0.0006916545099558968,0.00013627537059246464,-213.20140279378393
35-50,0.2673099460948634,38.280096746272704,228.47221873601276,11.716069221496584,10.68375015258789,11.217944145202637,2,-2.2147109508514404,0.552057147026062,-0.9764381311575627,-0.725,-1.0,-1.0,-0.85,LPS,LPS,LPS,-0.32208096546885756,-0.3191703532372697,-0.283874496484427,-0.3429068624973297,-0.3552083373069763,-0.3120177984237671,-0.002910612231587839,0.012301474809646606,-0.038206468984430586,-0.030889064073562622,4.12281148352581,69.65610461509266,-31.376007868819947,-6037.284724201779,0.27117841615742894,70.8181789806045,-32.538082234331796,-6263.468077894393,0.2713227210019193,0.00089263916015625,0.0007971312522430107,0.00014430484449035053,-226.18335369261422
35-50,0.2704246348336636,42.44528118038215,19.455836931429804,38.91167386285961,1.0416666269302368,2.0833332538604736,1,-0.8024646043777466,0.1898794174194336,-0.6654123660130016,-0.6499999999999999,-1.0,-1.0,-0.85,LPS,LPS,LPS,-0.1862379920340445,-0.1809168401017758,-0.17429197485048697,-0.25856372714042664,-0.2595667839050293,-0.24717548489570618,-0.005321151932268703,0.0010030567646026611,-0.011946017183557534,-0.011388242244720459,4.085194608955136,61.77304314644903,-19.327761966066877,-212.7068223048262,0.2705613270234428,78.52377018370697,-36.078489003324826,-434.63292100703615,0.2707039007053563,-0.006894528865814209,0.0018546840137372844,0.00014257368191350483,-221.92609870220994
35-50,0.2707039007053563,38.973724935691614,58.36751079428941,38.91167386285961,2.0833332538604736,3.125,1,-0.9750862121582031,0.1674429327249527,-0.7509308834235651,-0.7,-1.0,-1.0,-0.85,LPS,LPS,LPS,-0.2144755370760097,-0.20115396704828972,-0.1836407215507797,-0.28732797503471375,-0.28677693009376526,-0.2729243040084839,-0.01332157002771997,-0.0005510449409484863,-0.030834815525229986,-0.014403671026229858,4.081821845206235,60.270081775551674,-21.296356839860064,-773.309105668718,0.2712006101307648,72.10139113102949,-33.12766619533787,-1281.8145701047124,0.27152694107585246,-0.008546411991119385,0.004094202384082701,0.0003263309450876606,-508.50546443599444
35-50,0.27152694107585246,38.32430486359816,97.27918688369294,38.91167831594746,3.125,4.166666507720947,1,-0.9192102551460266,0.1711210161447525,-0.7255235937025686,-0.375,-1.0,-1.0,-0.85,LPS,LPS,LPS,-0.22732070117410147,-0.20707571380443676,-0.17919968932006924,-0.2825268507003784,-0.2815142571926117,-0.2787090241909027,-0.020244987369664708,-0.0010125935077667236,-0.048121011854032225,-0.003817826509475708,4.07188178089166,58.102383623562204,-19.778078759964046,-1236.3495765224338,0.27232057852975855,70.89996399765658,-32.575659134058434,-2218.2600597273818,0.27294991792696616,-0.011666148900985718,0.007896676458149093,0.0006293393972076067,-981.9104832049479
35-50,0.27294991792696616,38.099410101823956,136.19086074655257,38.91166940977176,4.166666507720947,4.166666507720947,1,-0.8804114460945129,0.1651722490787506,-0.7066253833601273,-0.2749999999999999,-1.0,-1.0,-0.85,LPS,ASSIST,LPS,-0.23989947395141056,-0.2227164189360499,-0.2012045000416704,-0.29829472303390503,-0.2932037115097046,-0.29369086027145386,-0.01718305501536066,-0.0050910115242004395,-0.038694973909740166,-0.004603862762451172,4.054696133716548,56.60483786556702,-18.50542776374306,-1644.982264011851,0.27400502523336095,70.48390868837433,-32.384498586550365,-3226.433356628789,0.27501712209981666,-0.010761380195617676,0.005084532094918798,0.0010120968664557028,-1581.4510926169382
35-50,0.29558148449452104,48.92815902286259,186.83941049575805,16.247123527526856,8.88888931274414,8.88888931274414,2,-2.5543458461761475,0.49698564410209656,-0.9879846503046887,-1.0,-1.0,-1.0,-0.85,LPS,LPS,LPS,-0.31576202388998553,-0.2882308012717363,-0.25540139419992725,-0.3407053053379059,-0.31765297055244446,-0.28832557797431946,-0.02753122261824925,-0.023052334785461426,-0.06036062969005829,-0.052379727363586426,3.781369046388545,90.51709419229579,-41.5889351694332,-6336.399515283148,0.29960008147227507,90.51709419229579,-41.5889351694332,-6336.399515283148,0.29960008147227507,9.083747863769531e-05,0.0003060616279899342,0.0,0.0
35-50,0.2553565208219358,37.613446109968216,181.60617434183757,11.71604830423991,8.54699993133545,9.081194877624512,2,-2.563300609588623,0.5218289494514465,-0.9881966653456271,-1.0,-1.0,-1.0,-0.85,LPS,LPS,LPS,-0.25213697660332623,-0.2465864776872233,-0.21735261987607607,-0.3915232717990875,-0.3796786367893219,-0.34228575229644775,-0.0055504989161029306,-0.011844635009765625,-0.034784356727250165,-0.04923751950263977,4.267175988903276,69.5848753034412,-31.971429193472982,-4784.248160221352,0.2584379639887716,69.5848753034412,-31.971429193472982,-4784.248160221352,0.2584379639887716,0.0008388161659240723,0.00033772529957207253,0.0,0.0
35-50,0.2584379639887716,37.759659165433376,193.32253640492758,11.716675821940104,9.081194877624512,9.615388870239258,2,-2.310272455215454,0.503625214099884,-0.9804971952135519,-0.575,-1.0,-1.0,-0.85,LPS,LPS,LPS,-0.3114389713394302,-0.3062706098855402,-0.2753922403728575,-0.3737591505050659,-0.36285918951034546,-0.3339744508266449,-0.005168361453889991,-0.010899960994720459,-0.03604673096657274,-0.03978469967842102,4.229960629416608,68.70909408852967,-30.949434923096284,-4954.960654484417,0.26162544028430845,69.85536945605175,-32.09571029061837,-5141.679992285656,0.26174512595865695,0.0006542205810546875,0.0005616368587385567,0.00011968567434850197,-186.7193378012389
35-50,0.26174512595865695,37.91932706703793,205.03920176823934,11.716654904683432,9.615388870239258,10.149582862854004,2,-2.2739622592926025,0.5213578939437866,-0.9790435923454663,-0.625,-1.0,-1.0,-0.85,LPS,LPS,LPS,-0.3140280618176765,-0.3095222437570063,-0.2769987198788846,-0.3578420579433441,-0.3596404790878296,-0.3235135078430176,-0.004505818060670186,0.0017984211444854736,-0.037029341938791926,-0.03432855010032654,4.190019207515809,68.99963264519938,-31.080305578161447,-5307.307855718217,0.265154370917166,70.15075507402017,-32.23142800698224,-5507.265500374399,0.26528232747751274,0.0007029175758361816,0.0006379744143814592,0.00012795656034675362,-199.9576446561823
35-50,0.26528232747751274,38.09347718321906,216.75585667292276,11.716654904683432,10.149582862854004,10.68375015258789,2,-2.2365903854370117,0.5364747643470764,-0.9774355571920504,-0.675,-1.0,-1.0,-0.85,LPS,LPS,LPS,-0.31657836985944277,-0.3130775581512947,-0.2790107227666302,-0.34552422165870667,-0.35621964931488037,-0.31464022397994995,-0.0035008117081480883,0.010695427656173706,-0.03756764709281257,-0.030883997678756714,4.147299540472209,69.31652366017896,-31.223046476959905,-5668.361323836379,0.2689179715318375,70.47293278895526,-32.3794556057362,-5881.562726630163,0.26905416219684086,0.0007568299770355225,0.0007009749310989966,0.00013619066500336618,-213.20140279378393
35-50,0.26905416219684086,38.280096746272704,228.47221873601276,11.716069221496584,10.68375015258789,11.217944145202637,2,-2.2050845623016357,0.5524106025695801,-0.9759856043701328,-0.725,-1.0,-1.0,-0.85,LPS,LPS,LPS,-0.3190445826589029,-0.31632698708773166,-0.28132328596947354,-0.3386836349964142,-0.3513592481613159,-0.30865514278411865,-0.0027175955711712385,0.012675613164901733,-0.03772129668942936,-0.030028492212295532,4.1017461496082035,69.65610461509266,-31.376007868819947,-6037.284724201779,0.27292021577482006,70.8181789806045,-32.538082234331796,-6263.468077894393,0.273064431254398,0.0006316602230072021,0.0008053075632493134,0.000144215479577936,-226.18335369261422
35-50,0.2558807103670028,35.11079326036667,234.04480600357059,10.401879819234212,10.90786075592041,11.382111549377441,2,-2.1407554149627686,0.5681198239326477,-0.9727333453269652,-0.625,-1.0,-1.0,-0.85,LPS,LPS,LPS,-0.3339771804051801,-0.33265807453919616,-0.29800812950200983,-0.3515655994415283,-0.3663704991340637,-0.3276301324367523,-0.0013191058659839383,0.0148048996925354,-0.03596905090317026,-0.023935467004776,4.260845220720116,63.889104164845776,-28.77831090447911,-5691.447865106678,0.2595434586406959,64.95496753167834,-29.84417427131167,-5910.763994933995,0.259684020546198,0.0010107755661010742,0.0009841932157637068,0.00014056190550210124,-219.31612982731622
50-75,0.4002902781920346,58.64098965508189,157.62375614941124,7.689054781198504,11.217944145202637,11.7521390914917,3,-0.6249979734420776,0.07774458825588226,-0.5545983191202952,0.75,-0.6,0.565,0.95375,LPS,OFF,OFF,-0.057232449141620394,-0.05641983353370861,-0.04537414843180268,-0.09863078594207764,-0.12774397432804108,-0.11200544238090515,-0.000812615607911786,0.02911318838596344,-0.011858300709817714,0.013374656438827515,2.51677476770525,76.44271865751746,-17.801729002435575,-2266.0043312752755,0.4016794902640255,2.65625,55.98473965508189,11031.776101581638,0.39346921730443823,0.009042710065841675,-0.011452595137800024,-0.008210272959587261,13297.780432856913
50-75,0.39347731620058013,58.96838261430165,165.3128177940846,7.689068508148194,11.7521390914917,12.286333084106445,3,-0.45256656408309937,0.08762543648481369,-0.4240064374615986,0.40000000000000013,-1.0,0.565,0.95375,LPS,OFF,OFF,-0.06893619676349476,-0.06725336269298501,-0.05190685076037768,-0.10230426490306854,-0.12352381646633148,-0.14746196568012238,-0.001682834070509745,0.02121955156326294,-0.017029346003117077,0.04515770077705383,2.5990566129165433,67.9189406896867,-8.95055807538506,-1099.6503072838,0.39415355957743475,2.656249999999993,56.31213261430166,11593.513784967903,0.38628917298645227,0.027987860143184662,-0.014380361778947096,-0.007864386590982486,12693.164092251704
50-75,0.38629767200817344,59.315314215720086,173.00187943875792,7.689054781198504,12.286333084106445,12.820500373840332,3,-0.4776743948459625,0.09491094946861267,-0.44437917914227215,0.30000000000000004,-1.0,0.56,0.95375,LPS,OFF,OFF,-0.08152825752117679,-0.07870002258876868,-0.06129319300001833,-0.25804880261421204,-0.14458361268043518,-0.1540055274963379,-0.002828234932408108,-0.11346518993377686,-0.02023506452115846,-0.10404327511787415,2.6857669707392873,70.11917501929767,-10.803860803577582,-1437.1840130263697,0.387183489970296,2.8125,56.502814215720086,12125.945492851819,0.3787577939211877,-0.08146342635154724,-0.01745949356814744,-0.008425696049108311,13563.129505878189
50-75,0.3787488947026887,59.679454228894855,180.69074204266073,7.688670426607134,12.820500373840332,13.354694366455078,3,-0.5096150636672974,0.10481666028499603,-0.4696452209572648,-0.42499999999999993,-1.0,0.56,0.95375,LPS,LPS,OFF,-0.09505941034520018,-0.09093017150419405,-0.07106338423019079,-0.5358291864395142,-0.1699313223361969,-0.1609567403793335,-0.004129238841006133,-0.36589786410331726,-0.023996026115009395,-0.37487244606018066,2.776935441451953,72.361338252535,-12.681884023640151,-1799.7368457483988,0.3798608188810619,2.8125,56.866954228894855,12698.51462915747,0.37082896422132505,-0.3316001296043396,-0.021148968420140093,-0.009031854659736827,14498.251474905868
50-75,0.3708196601824875,60.06709515450454,188.37960464656356,7.689054781198504,13.354694366455078,13.88888931274414,3,-0.598873496055603,0.12405677884817123,-0.5362474869318379,-0.5,-1.0,0.5549999999999999,0.95375,LPS,LPS,OFF,-1.1096075788286301,-0.10409714880432558,-0.08101352244801385,-0.8507223725318909,-0.1929299235343933,-0.17194055020809174,-1.0055104300243045,-0.6577924489974976,-1.0285940563806162,-0.6787818074226379,2.8726987890610527,76.47828365207452,-16.411188497569984,-2505.30762787824,0.3723710628591815,2.8125,57.25459515450454,13279.229962365735,0.36251107479790345,-0.637902021408081,-0.02610116704278083,-0.009859988061278024,15784.537590243974
50-75,0.3625062190608695,60.4714370113363,196.06866629123692,7.689068508148194,13.88888931274414,13.88888931274414,3,-0.7798004150390625,0.15694013237953186,-0.6525921344686463,-0.6,-1.0,0.5549999999999999,0.95375,LPS,LPS,OFF,-1.125225420037901,-0.11830145672859645,-0.09179988457910422,-1.0937155485153198,-0.21371304988861084,-0.18822255730628967,-1.0069239633093046,-0.880002498626709,-1.033425535458797,-0.9054930210113525,2.9731022958471143,86.17179774115422,-25.70036072981792,-4218.89089200035,0.36512340850666586,2.8125,57.6589370113363,13866.942273432236,0.3538008407293815,-0.8699308633804321,-1.0330438476422925,-0.011322567777284354,18085.833165432585
50-75,0.26900111629477796,58.64098965508189,157.62375614941124,7.689054781198504,11.217944145202637,11.7521390914917,3,-1.7868198156356812,0.30896106362342834,-0.9454239272601925,-0.975,-1.0,-0.96,-0.80375,LPS,LPS,LPS,-0.25589363542337473,-0.23729571810592942,-0.199144235033729,-0.40398913621902466,-0.35302284359931946,-0.31362563371658325,-0.01859791731744531,-0.0509662926197052,-0.05674940038964574,-0.0903635025024414,4.102386798228893,104.92548506141438,-46.28449540633249,-5942.404704712388,0.27280673296348723,104.92548506141438,-46.28449540633249,-5942.404704712388,0.27280673296348723,5.3942203521728516e-06,0.0003819365038962297,0.0,0.0
50-75,0.2728614608521421,58.96838261430165,165.3128177940846,7.689068508148194,11.7521390914917,12.286333084106445,3,-1.7063180208206177,0.3774406313896179,-0.9361942348524563,-1.0,-1.0,-0.96,-0.80375,LPS,LPS,LPS,-0.3275707610961943,-0.3087292144732255,-0.26933742567933194,-0.5488510131835938,-0.33793672919273376,-0.32074958086013794,-0.01884154662296883,-0.21091428399085999,-0.058233335416862375,-0.2281014323234558,4.055764451923467,103.72117299122702,-44.75279037692537,-6062.0082132411335,0.27673799481317174,105.51128460630403,-46.54290199200238,-6289.8736867552525,0.2768830816182978,0.0013999640941619873,0.0006562435197676741,0.0001450868051260379,-227.865473514119
50-75,0.27694076082153735,59.315314215720086,173.00187943875792,7.689054781198504,12.286333084106445,12.820500373840332,3,-1.7526087760925293,0.39520445466041565,-0.9416717207236417,-1.0,-1.0,-0.96,-0.80375,LPS,LPS,LPS,-0.32869767607051825,-0.30956221081094326,-0.26923224227408316,-0.7796770334243774,-0.3407039940357208,-0.31921422481536865,-0.01913546525957499,-0.4389730393886566,-0.059465433796435097,-0.4604628086090088,4.006497726368088,106.1320443645563,-46.81673014883621,-6644.861919701289,0.28118213731408026,106.1320443645563,-46.81673014883621,-6644.861919701289,0.28118213731408026,0.0009278059005737305,0.0005459205312605131,0.0,0.0
50-75,0.281242801947022,59.679454228894855,180.69074204266073,7.688670426607134,12.820500373840332,13.354694366455078,3,-1.7752078771591187,0.4082026183605194,-0.944177417561521,-0.95,-1.0,-0.945,-0.780625,LPS,LPS,LPS,-0.3296732254886454,-0.31032846517911217,-0.26900852646243434,-0.9939825534820557,-0.34545275568962097,-0.31818097829818726,-0.01934476030953325,-0.6485297679901123,-0.06066469902621108,-0.6758015751838684,3.9545409001853287,106.78359488812973,-47.104140659234865,-7007.402888390903,0.2857076279675465,106.78359488812973,-47.104140659234865,-7007.402888390903,0.2857076279675465,-1.8775463104248047e-06,2.5737553366322885e-05,0.0,0.0
50-75,0.2856757163275413,60.06709515450454,188.37960464656356,7.689054781198504,13.354694366455078,13.88888931274414,3,-1.7784287929534912,0.40874481201171875,-0.9445259193058211,-0.85,-1.0,-0.925,-0.7575,LPS,LPS,LPS,-1.3298113461475611,-0.310417041886466,-0.2677007392757956,-1.2852848768234253,-0.3480698764324188,-0.3167959153652191,-1.0193943042610951,-0.9372149705886841,-1.0621106068717656,-0.9684889316558838,3.9010034849832023,107.47719525859563,-47.410100104091086,-7378.466903223088,0.2903683776024005,105.65372986997674,-45.5866347154722,-7113.31821052099,0.2902005582705808,4.470348358154297e-05,-0.0005917185877950537,-0.00016781933181969633,265.14869270209783
50-75,0.2902005582705808,60.4714370113363,196.06866629123692,7.689068508148194,13.88888931274414,13.88888931274414,3,-1.7741687297821045,0.4086313545703888,-0.9440645292129279,-0.825,-1.0,-0.85,-0.665,LPS,LPS,LPS,-1.3294569115006216,-0.31022988360430426,-0.26628210413068065,-1.4768003225326538,-0.347332239151001,-0.3125206232070923,-1.0192270278963174,-1.1294680833816528,-1.063174807369941,-1.1642796993255615,3.846355837626628,108.20067836671245,-47.729241355376146,-7757.616683702367,0.29512517362517815,100.85771815819304,-40.38628114685674,-6625.648929328126,0.29440980928853483,0.0002154707908630371,-0.002906359635585609,-0.0007153643366433204,1131.967754374241
50-75,0.2713227210019193,58.64098965508189,157.62375614941124,7.689054781198504,11.217944145202637,11.7521390914917,3,-1.7780133485794067,0.3079433739185333,-0.9444810874045501,-0.975,-1.0,-0.925,-0.7575,LPS,LPS,LPS,-0.33132320977145086,-0.31302984445026694,-0.275303455660044,-0.3932817280292511,-0.34803637862205505,-0.30787092447280884,-0.01829336532118392,-0.045245349407196045,-0.05601975411140686,-0.08541080355644226,4.07434819777957,104.92548506141438,-46.28449540633249,-5942.404704712388,0.2751251756545366,103.14531216117084,-44.50432250608894,-5726.798176912005,0.27498775528149627,-9.238719940185547e-06,-0.0005093655435081668,-0.00013742037304032007,215.60652780038254
50-75,0.27498775528149627,58.96838261430165,165.3128177940846,7.689068508148194,11.7521390914917,12.286333084106445,3,-1.7043524980545044,0.37845849990844727,-0.935950966144726,-1.0,-1.0,-0.945,-0.780625,LPS,LPS,LPS,-0.3223177495367865,-0.3037699072116683,-0.2647893913506189,-0.543624997138977,-0.33274516463279724,-0.3154563307762146,-0.01854784232511819,-0.2108798325061798,-0.05752835818616758,-0.22816866636276245,4.030084662526549,103.72117299122702,-44.75279037692537,-6062.0082132411335,0.2788613435845058,105.51128460630403,-46.54290199200238,-6289.8736867552525,0.27900632109269147,0.0005320906639099121,0.0002472927442910833,0.0001449775081856508,-227.865473514119
50-75,0.27897744332442553,59.315314215720086,173.00187943875792,7.689054781198504,12.286333084106445,12.820500373840332,3,-1.750996708869934,0.3962586522102356,-0.9414888696488156,-1.0,-1.0,-0.96,-0.80375,LPS,LPS,LPS,-0.3244429615062605,-0.3056032293550851,-0.26568867790101114,-0.7746930122375488,-0.3364221453666687,-0.31435447931289673,-0.018839732151175403,-0.4382708668708801,-0.05875428360524937,-0.4603385329246521,3.981900202610082,106.1320443645563,-46.81673014883621,-6644.861919701289,0.2832157395550283,106.1320443645563,-46.81673014883621,-6644.861919701289,0.2832157395550283,0.0004514753818511963,0.0005435575421689487,0.0,0.0
50-75,0.2832763605361299,59.679454228894855,180.69074204266073,7.688670426607134,12.820500373840332,13.354694366455078,3,-1.7700680494308472,0.4071481227874756,-0.943616881883832,-0.925,-1.0,-0.945,-0.780625,LPS,LPS,LPS,-0.32610548908255693,-0.30707065490328905,-0.26618740669687135,-0.9875837564468384,-0.3411775231361389,-0.3137208819389343,-0.01903483417926788,-0.6464062333106995,-0.05991808238568558,-0.673862874507904,3.9299811047150244,106.78359488812973,-47.104140659234865,-7007.402888390903,0.28773795548705317,106.78359488812973,-47.104140659234865,-7007.402888390903,0.28773795548705317,-3.159046173095703e-06,4.2665950336862046e-05,0.0,0.0
50-75,0.2877060667220888,60.06709515450454,188.37960464656356,7.689054781198504,13.354694366455078,13.88888931274414,3,-1.7754017114639282,0.4083308279514313,-0.9441984503560367,-0.825,-1.0,-0.925,-0.7575,LPS,LPS,LPS,-1.3262572988586756,-0.30718735332229047,-0.2649294365950048,-1.2774640321731567,-0.3438134491443634,-0.3124372065067291,-1.0190699455363852,-0.9336506128311157,-1.0613278622636708,-0.96502685546875,3.8764824356806526,107.47719525859563,-47.410100104091086,-7378.466903223088,0.2923953443862095,105.65372986997674,-45.5866347154722,-7113.31821052099,0.2922276448926801,4.4018030166625977e-05,-0.0005730683508206047,-0.00016769949352940516,265.14869270209783
50-75,0.2922276448926801,60.4714370113363,196.06866629123692,7.689068508148194,13.88888931274414,13.88888931274414,3,-1.7711464166641235,0.40821805596351624,-0.9437349369336625,-0.85,-1.0,-0.81,-0.6187499999999999,LPS,LPS,LPS,-1.325916887612948,-0.3070288641128507,-0.2635615480454401,-1.4691869020462036,-0.34308263659477234,-0.3081689178943634,-1.0188880235000972,-1.1261042356491089,-1.0623553395675078,-1.1610180139541626,3.8218742057198787,108.20067836671245,-47.729241355376146,-7757.616683702367,0.29714872252429864,97.18623805393335,-36.714801042597045,-6037.701252341755,0.2960621397308555,0.00012421607971191406,-0.0041774874264363104,-0.0010865827934431471,1719.9154313606114
50-75,0.273064431254398,58.64098965508189,157.62375614941124,7.689054781198504,11.217944145202637,11.7521390914917,3,-1.771406888961792,0.30718204379081726,-0.9437634163207336,-0.975,-1.0,-0.83,-0.641875,LPS,LPS,LPS,-0.32826616012646237,-0.31020152129992434,-0.2727943976921333,-0.3852487802505493,-0.34455955028533936,-0.30357056856155396,-0.018064638826538026,-0.04068922996520996,-0.05547176243432905,-0.08167821168899536,4.053313127632822,104.92548506141438,-46.28449540633249,-5942.404704712388,0.2768645171382992,96.02462056019658,-37.3836309051147,-4846.500936892462,0.2761660358942323,-0.00017404556274414062,-0.0029921777699913887,-0.0006984812440669064,1095.9037678199256
50-75,0.2761945584786371,58.96838261430165,165.3128177940846,7.689068508148194,11.7521390914917,12.286333084106445,3,-1.7029558420181274,0.378994882106781,-0.9357775601136877,-1.0,-1.0,-0.945,-0.780625,LPS,LPS,LPS,-0.3160319204965864,-0.2976509196355196,-0.25890403640827175,-0.5405635237693787,-0.32987961173057556,-0.31255874037742615,-0.01838100086106681,-0.2106839120388031,-0.05712788408831465,-0.22800478339195251,4.01550979861388,103.72117299122702,-44.75279037692537,-6062.0082132411335,0.2800664769213725,105.51128460630403,-46.54290199200238,-6289.8736867552525,0.2802113924694,0.0005422830581665039,0.00024986843289856453,0.00014491554802753548,-227.865473514119
50-75,0.28018252703977947,59.315314215720086,173.00187943875792,7.689054781198504,12.286333084106445,12.820500373840332,3,-1.7501050233840942,0.39676743745803833,-0.9413874902470387,-1.0,-1.0,-0.96,-0.80375,LPS,LPS,LPS,-0.32233178674883745,-0.30366718482433597,-0.2639986448406534,-0.7717437744140625,-0.3338887095451355,-0.31147903203964233,-0.018664601924501478,-0.437855064868927,-0.05833314190818406,-0.46026474237442017,3.9673461053088235,106.1320443645563,-46.81673014883621,-6644.861919701289,0.28441900280798177,106.1320443645563,-46.81673014883621,-6644.861919701289,0.28441900280798177,0.0002447962760925293,0.0005418826785031916,0.0,0.0
50-75,0.284479597990042,59.679454228894855,180.69074204266073,7.688670426607134,12.820500373840332,13.354694366455078,3,-1.7670263051986694,0.4065254032611847,-0.9432825872351766,-0.9,-1.0,-0.945,-0.780625,LPS,LPS,LPS,-0.32400199373160726,-0.3051506935348442,-0.2645260535310804,-0.9837943911552429,-0.3386479616165161,-0.31108200550079346,-0.018851300196763066,-0.6451464295387268,-0.05947594020052688,-0.6727123856544495,3.9154493051747643,106.78359488812973,-47.104140659234865,-7007.402888390903,0.288939283338234,106.78359488812973,-47.104140659234865,-7007.402888390903,0.288939283338234,-3.933906555175781e-06,5.252916096420979e-05,0.0,0.0
50-75,0.28890740809292803,60.06709515450454,188.37960464656356,7.689054781198504,13.354694366455078,13.88888931274414,3,-1.7736103534698486,0.40808597207069397,-0.9440037781458237,-0.8,-1.0,-0.905,-0.734375,LPS,LPS,LPS,-1.3241618642752178,-0.3052839982204919,-0.263297536136189,-1.2729521989822388,-0.34129491448402405,-0.30985814332962036,-1.018877866054726,-0.9316573143005371,-1.0608643281390289,-0.9630940556526184,3.8619735356096854,107.47719525859563,-47.410100104091086,-7378.466903223088,0.2935946859881044,103.83026448135786,-43.76316932685331,-6844.434507667702,0.29325700619590767,8.934736251831055e-05,-0.0011755683500807024,-0.0003376797921967323,534.0323955553858
50-75,0.29329110939130454,60.4714370113363,196.06866629123692,7.689068508148194,13.88888931274414,13.88888931274414,3,-1.7692056894302368,0.40795159339904785,-0.9435223013427438,-0.875,-1.0,-0.79,-0.595625,LPS,LPS,LPS,-1.323039655649054,-0.3043296228315434,-0.26111457515608544,-1.4651931524276733,-0.34085315465927124,-0.30588585138320923,-1.0187100328175105,-1.1243400573730469,-1.0619250804929685,-1.1593072414398193,3.8090304791038676,108.20067836671245,-47.729241355376146,-7757.616683702367,0.2982103330590985,97.18623805393335,-36.714801042597045,-6037.701252341755,0.29712415628068095,6.222724914550781e-05,-0.004803491868314191,-0.001086176778417547,1719.9154313606114
50-75,0.259684020546198,53.78251495209628,160.4181444346905,6.826247358322145,11.382111549377441,11.856361389160156,3,-1.8577274084091187,0.3381557762622833,-0.9524683940894748,-1.0,-1.0,-1.0,-0.85,LPS,LPS,LPS,-0.3419174781100477,-0.3252046579184318,-0.28829357151505935,-0.436328649520874,-0.3505559265613556,-0.3297182619571686,-0.016712820191615907,-0.08577272295951843,-0.053623906594988335,-0.10661038756370544,4.21491169285843,96.2322856821437,-42.44977073004742,-5592.166250186011,0.263278202518051,99.49765266137811,-45.715137709281834,-5997.087841255924,0.26353737122057974,0.0021583139896392822,0.001227775229959871,0.0002591687025287337,-404.9215910699131
50-75,0.26353737122057974,54.0784330962758,167.2443849295378,6.826233631372452,11.856361389160156,12.330611228942871,3,-1.75330650806427,0.39738160371780396,-0.9417506900204371,-1.0,-1.0,-1.0,-0.85,LPS,LPS,LPS,-0.333305893634847,-0.3164943893769008,-0.2784237688260428,-0.5586555004119873,-0.34033843874931335,-0.33061671257019043,-0.016811504257946197,-0.21831706166267395,-0.05488212480880417,-0.22803878784179688,4.1683738134262525,96.76176779012206,-42.683334693846255,-5881.315978858036,0.26731141051101964,100.04510122811024,-45.96666813183443,-6306.799954244051,0.26758325440737407,0.0028477907180786133,0.001602176381866105,0.00027184389635442896,-425.4839753860151
50-75,0.26758325440737407,54.38988122685156,174.07061856091025,6.826233631372452,12.330611228942871,12.804888725280762,3,-1.7968963384628296,0.4136900305747986,-0.9464836564736846,-1.0,-1.0,-1.0,-0.85,LPS,LPS,LPS,-0.333203830872121,-0.3161296190510505,-0.2772417242254117,-0.6287822723388672,-0.33926692605018616,-0.3256368637084961,-0.017074211821070495,-0.28951534628868103,-0.05596210664670931,-0.3031454086303711,4.119510670708542,97.31903748090224,-42.92915625405069,-6176.507750601166,0.27154016650173013,100.62128026967538,-46.231399042823824,-6622.828272233401,0.27182479380710073,0.0029990971088409424,0.001597311150064007,0.00028462730537059944,-446.3205216322349
50-75,0.27182479380710073,54.718855127275695,180.89705123305322,6.826631712913514,12.804888725280762,13.279138565063477,3,-1.835921287536621,0.4286094009876251,-0.950402111306944,-1.0,-1.0,-1.0,-0.85,LPS,LPS,LPS,-0.3331506895083153,-0.31595297319908233,-0.2761761614666163,-0.697653591632843,-0.3383025825023651,-0.3206382989883423,-0.017197716309232947,-0.3593510091304779,-0.056974528041699,-0.37701529264450073,4.0682845389931925,97.90766578130402,-43.188810654028316,-6478.200049975985,0.2759678270720456,101.22988198546003,-46.51102685818434,-6945.634494819047,0.27626534407470155,0.0009160339832305908,0.0015338519119350025,0.00029751700265595593,-467.434444843062
50-75,0.27626534407470155,55.05826267315014,187.72348390519622,6.826233631372452,13.279138565063477,13.753389358520508,3,-1.866588830947876,0.4424309730529785,-0.9532838650736006,-0.975,-1.0,-1.0,-0.85,LPS,LPS,LPS,-0.33264646057096214,-0.3155113369865935,-0.2746724509711419,-0.7673578858375549,-0.3400394320487976,-0.3163106441497803,-0.01713512358436864,-0.4273184537887573,-0.05797400959982024,-0.45104724168777466,4.01465490327381,98.51496285445793,-43.45670018130779,-6785.837956326578,0.28059733146040566,101.85778594532775,-46.799523272177616,-7274.604648704514,0.2809078032695105,7.62939453125e-06,0.0014075360159339079,0.00031047180910481753,-488.7666923779361
50-75,0.2809078032695105,55.41488967658913,194.54972440004352,6.826247358322145,13.753389358520508,14.227639198303223,3,-1.8835067749023438,0.44829753041267395,-0.9548029806811195,-0.9,-1.0,-0.925,-0.7575,LPS,LPS,LPS,-0.3316619113523871,-0.3146952643407001,-0.2730905829501321,-0.8443182110786438,-0.3418951630592346,-0.3113364279270172,-0.016966647011686986,-0.5024230480194092,-0.058571328402254985,-0.5329817533493042,3.9585867629633045,99.15307045703983,-43.738180780450705,-7100.384040131421,0.2854321263918572,97.4708327347148,-42.05594305812568,-6841.854340484061,0.2852681603129616,3.4689903259277344e-05,-0.0009007492975377507,-0.00016396607889562764,258.52969964735985
50-75,0.2852681603129616,55.78606628919484,201.3759648948908,6.826233631372452,14.227639198303223,14.701889038085938,3,-1.8973966836929321,0.45109662413597107,-0.9560140327294978,-1.0,-1.0,-0.905,-0.734375,LPS,LPS,LPS,-1.3276860018052496,-0.31101439076504667,-0.2686216091306076,-0.9546365141868591,-0.34359169006347656,-0.30679333209991455,-1.016671611040203,-0.6110448241233826,-1.059064392674642,-0.6478431820869446,3.9059256408602847,99.8172114674522,-44.031145178257354,-7421.777479434815,0.28998891195863313,96.43020029989394,-40.6441340106991,-6879.930992609527,0.2896458703349029,-0.00010985136032104492,-0.0015759441276012032,-0.0003430416237302225,541.8464868252886
50-75,0.28968044329287657,56.17190239039497,208.20219852626326,6.826233631372452,14.701889038085938,15.176138877868652,3,-1.8896102905273438,0.4444371461868286,-0.9553391030329378,-0.6499999999999999,-1.0,-0.96,-0.80375,LPS,LPS,LPS,-1.3263954552411508,-0.31023180197124667,-0.26708719302517125,-1.0109270811080933,-0.3432110846042633,-0.30355769395828247,-1.016163653269904,-0.6677160263061523,-1.0593082622159795,-0.7073693871498108,3.852637396241106,100.50758249138528,-44.33568010099032,-7750.257196584072,0.29460131890911306,100.50758249138528,-44.33568010099032,-7750.257196584072,0.29460131890911306,1.0013580322265625e-05,0.00015121635604059547,0.0,0.0
50-75,0.2946722083028025,56.57220816142212,215.02843215763573,6.826233631372452,15.176138877868652,15.650416374206543,3,-1.8705955743789673,0.42992132902145386,-0.9536480867840372,-0.675,-1.0,-0.905,-0.734375,LPS,LPS,LPS,-1.3284024883830299,-0.3128479092940256,-0.26917863821249616,-1.0463054180145264,-0.3420727252960205,-0.3016728460788727,-1.0155545790890042,-0.7042326927185059,-1.0592238501705338,-0.7446326017379761,3.7923506022749787,101.22384388883029,-44.65163572740817,-8086.026551568624,0.2997960415674226,97.78910267902967,-41.21689451760754,-7496.632790435277,0.2994244485510809,0.00015050172805786133,-0.0015602345666528294,-0.00037159301634170916,589.3937611333477
50-75,0.29946182429300505,56.98919395566846,221.85486482977873,6.826631712913514,15.650416374206543,16.124666213989258,3,-1.8504894971847534,0.41563883423805237,-0.9517920363589708,-0.8,-1.0,-0.85,-0.665,LPS,LPS,LPS,-1.324879352259449,-0.3098838043152574,-0.26585555327196464,-1.0798226594924927,-0.34138205647468567,-0.3041805922985077,-1.0149955479441917,-0.7384406328201294,-1.0590237989874844,-0.7756420373916626,3.734505212557305,101.96995061353536,-44.98075665786689,-8429.621756701665,0.30479311410303517,95.04983420463276,-38.06064024896429,-7182.972766326622,0.3040084758814575,0.0004197657108306885,-0.003348514237192901,-0.0007846382215776493,1246.6489903750426
50-75,0.3040084758814575,57.41587630202021,228.68129750192168,6.826233631372452,16.124666213989258,16.59891700744629,3,-1.8251224756240845,0.40101051330566406,-0.9493466883015892,-0.925,-1.0,-0.885,-0.7112499999999999,LPS,LPS,LPS,-1.335799814948409,-0.3071525544082595,-0.26318562815961194,-1.0888144969940186,-0.3411411643028259,-0.3075547516345978,-1.0286472605401493,-0.7476733326911926,-1.072614186788797,-0.7812597751617432,3.679594164660667,102.73340724040045,-45.31753093838024,-8772.391935153106,0.3095463873229009,97.50446136289503,-40.08858506087482,-7811.837962814665,0.3089431665168536,-0.0002479255199432373,-0.0021400593232487886,-0.0006032208060472999,960.5539723384409
50-75,0.3090259588904077,57.8591321313949,235.507537996769,6.826247358322145,16.59891700744629,17.073165893554688,3,-1.777262806892395,0.3823569416999817,-0.944400004857863,-1.0,-1.0,-0.885,-0.7112499999999999,LPS,LPS,LPS,-1.3659070546710983,-0.30983690643860884,-0.26612589326886826,-1.1247512102127075,-0.3415773808956146,-0.3086491823196411,-1.0560701482324895,-0.7831737995147705,-1.09978116140223,-0.8161020278930664,3.6189967679908235,103.52651856367444,-45.66738643227954,-9114.943579863639,0.3147686530729691,98.25720474456526,-40.39807261317036,-8125.3549451625795,0.31414855366044836,-0.0006116628646850586,-0.0020249750867671334,-0.0006200994125207249,989.5886347010592
50-75,0.31423297146958357,58.31629356358837,242.33377162814145,6.826219904422762,17.073165893554688,17.54741668701172,3,-1.6974462270736694,0.35135719180107117,-0.9350890600272089,-0.8,-1.0,-0.85,-0.7112499999999999,LPS,LPS,LPS,-0.30142224929914735,-0.3143330270488449,-0.26691947359881774,-0.6452827453613281,-1.03014075756073,-0.31062445044517517,0.012910777749697566,0.38485801219940186,-0.03450277570032961,-0.33465829491615295,3.5561103753189713,103.83945022666454,-45.52315666307617,-9367.90347041842,0.32012326319594075,99.79375736069059,-41.477463797102224,-8592.420030289055,0.3196384358483667,0.00034987926483154297,-0.002175189476805006,-0.0004848273475740461,775.4834401293647
50-75,0.3196384358483667,58.787855215887326,249.1600052595139,6.826247358322145,17.54741668701172,18.02166748046875,3,-1.608850359916687,0.31998276710510254,-0.922989959869026,-0.85,-1.0,-0.6499999999999999,-0.52625,LPS,LPS,LPS,-0.3023673018264672,-0.3153098103228398,-0.2675907632400173,-0.6363260746002197,-1.1053342819213867,-0.30986180901527405,0.012942508496372573,0.469008207321167,-0.03477653858644991,-0.3264642655849457,3.490827230650313,104.67912469378936,-45.89126947790204,-9719.094701425887,0.3257365647999613,89.72496402324802,-30.937108807360698,-6652.100065563878,0.3238206862106637,-0.007156461477279663,-0.007377310803091508,-0.0019158785892976482,3066.994635862009
50-75,0.3238206862106637,59.273289663842554,255.98625261783604,6.826247358322145,18.02166748046875,18.49594497680664,3,-1.5478354692459106,0.3006042242050171,-0.9134276438012037,-0.85,-1.0,-0.6499999999999999,-0.52625,LPS,LPS,LPS,-0.29440251522525507,-0.30738158884650746,-0.25943075385622333,-0.6516945362091064,-1.2184299230575562,-0.3083869516849518,0.01297907362125239,0.5667353868484497,-0.03497176136903174,-0.34330758452415466,3.4403171474622622,105.54350140767966,-46.270211743837095,-10076.06238172806,0.330132066408142,90.46585834943969,-31.192568685597138,-6910.5531393687925,0.32815830974144705,-0.003695189952850342,-0.007134952647197351,-0.00197375666669497,3165.509242359267
50-75,0.12706508000939065,52.01899030021839,202.9918602317572,6.157319372892381,14.316666603088379,14.744444847106934,3,-2.3700294494628906,0.34743839502334595,-0.9826751240369367,-1.0,-1.0,-1.0,-0.85,LPS,LPS,LPS,-0.5575020516571344,-0.5220579681753564,-0.45095737718686746,-1.188700556755066,-0.7386219501495361,-0.6583296060562134,-0.035444083481777966,-0.4500786066055298,-0.10654467447026694,-0.5303709506988525,5.816583792456587,94.65598413557596,-42.63699383535757,-7274.111374156016,0.13196802700840923,96.23513205540402,-44.21614175518563,-7527.875238059333,0.1321380909641165,0.0012066364288330078,0.0010849928478232074,0.0001700639557072614,-253.76386390331754
50-75,0.1321380909641165,52.36955531753494,209.14918646812444,6.157333099842073,14.744444847106934,15.172222137451172,3,-2.010556221008301,0.3396502733230591,-0.964765845426394,-0.825,-1.0,-1.0,-0.85,LPS,LPS,LPS,-1.6377006343326566,-0.6020592459136338,-0.5291685352569593,-1.5980216264724731,-0.7203517556190491,-0.6594840288162231,-1.0356413884190228,-0.8776698708534241,-1.1085320990756973,-0.93853759765625,5.755315770903623,95.29388726530019,-42.924331947765246,-7566.093023030311,0.1372269945773237,96.88367733743964,-44.5141220199047,-7829.859326628479,0.1374033498048782,0.00015795230865478516,0.002319684808042899,0.00017635522755449218,-263.7663035981677
50-75,0.1374033498048782,52.731723072725536,215.30651270449164,6.157319372892381,15.172222137451172,15.597222328186035,3,-2.0667338371276855,0.3629889190196991,-0.9684512281952591,-0.75,-1.0,-1.0,-0.85,LPS,LPS,LPS,-1.6338130502556627,-0.5980124087636598,-0.5236072354746836,-1.608974814414978,-0.7039414644241333,-0.64866703748703,-1.035800641492003,-0.9050333499908447,-1.1102058147809792,-0.960307776927948,5.6917259235690345,95.95290323412021,-43.22118016139468,-7864.162241522854,0.1426811067098414,97.55368768454224,-44.8219646118167,-8138.123026658972,0.1428638376831407,0.00039255619049072266,0.002076288347594657,0.00018273097329929433,-273.9607851361179
50-75,0.1428638376831407,52.873935511280436,221.4438456386328,6.117346495389939,15.597222328186035,16.024999618530273,3,-2.10029673576355,0.38028061389923096,-0.9704692084970524,-0.95,-1.0,-1.0,-0.85,LPS,LPS,LPS,-1.628652441415713,-0.5930095883534059,-0.5175933979309362,-1.6133086681365967,-0.6902148723602295,-0.6404393911361694,-1.0356428530623072,-0.9230937957763672,-1.111059043484777,-0.9728692770004272,5.625778246341288,96.21167908213351,-43.33774357085307,-8134.797002974428,0.14831096799208282,97.8167806958688,-44.94284518458837,-8418.0716160255,0.14849945275966836,-0.00035256147384643555,0.0019523951278013763,0.00018848476758553945,-283.27461305107136
50-75,0.14849945275966836,53.48868395168753,227.58117857277398,6.157319372892381,16.024999618530273,16.452777862548828,3,-2.142240285873413,0.40169310569763184,-0.9728131010375752,-0.9,-1.0,-1.0,-0.85,LPS,LPS,LPS,-1.624612303896709,-0.588266593237831,-0.5114511558981027,-1.618338704109192,-0.6820985078811646,-0.6335745453834534,-1.036345710658878,-0.9362401962280273,-1.1131611479986063,-0.9847641587257385,5.557715514158295,97.33030169065998,-43.84161773897245,-8472.55036647588,0.15415939176345292,98.95406531062193,-45.465381358934394,-8766.487251962271,0.15435446565338543,-0.0002529621124267578,0.0018654852833424607,0.00019507388993250663,-293.9368854863915
50-75,0.15435446565338543,53.88582411254831,233.7385048091412,6.157333099842073,16.452777862548828,16.880556106567383,3,-2.1741418838500977,0.4214785099029541,-0.9744720845998668,-0.95,-1.0,-1.0,-0.85,LPS,LPS,LPS,-1.6208993118587203,-0.5841442887754973,-0.5064315650228046,-1.6250722408294678,-0.6712367534637451,-0.6231364607810974,-1.036755023083223,-0.9538354873657227,-1.1144677468359157,-1.0019357204437256,5.487003059687652,98.05295494765488,-44.16713083510656,-8777.59492803828,0.16020408619868243,99.68877460821437,-45.80295049566607,-9079.229778071342,0.16040374749039685,-8.481740951538086e-05,0.0017861680572736072,0.00019966129171442026,-301.6348500330623
50-75,0.16040374749039685,54.294406501237205,239.89583790898328,6.157333099842073,16.880556106567383,17.308332443237305,3,-2.209890365600586,0.44330838322639465,-0.9762125834601877,-1.0,-1.0,-1.0,-0.85,LPS,LPS,LPS,-1.6167014505041013,-0.5797133864106312,-0.5012354495666257,-1.6244419813156128,-0.6587267518043518,-0.6116032004356384,-1.03698806409347,-0.965715229511261,-1.1154660009374755,-1.0128388404846191,5.413944370621604,98.79642897278698,-44.50202247154978,-9087.779295359318,0.16644510464014206,100.44465202728883,-46.15024552605162,-9396.860859149434,0.1666491480358513,0.0010131001472473145,0.001689454611475849,0.00020404339570923025,-309.081563790116
50-75,0.1666491480358513,54.71430506177266,246.05315728187566,6.157305645942689,17.308332443237305,17.73611068725586,3,-2.2471730709075928,0.46565115451812744,-0.9779029021639083,-1.0,-1.0,-1.0,-0.85,LPS,LPS,LPS,-1.612350278878881,-0.5754918643060365,-0.4958857445410568,-1.6208592653274536,-0.6454148292541504,-0.6025077700614929,-1.0368584145728446,-0.9754444360733032,-1.1164645343378243,-1.0183515548706055,5.338517106884015,99.5604943891899,-44.846189327417235,-9403.119902641663,0.1728842456694613,101.22146436427943,-46.507159302506764,-9719.61597193304,0.17309261056691577,0.00127488374710083,0.0015216601114156347,0.00020836489745446052,-316.49606929137735
50-75,0.17309261056691577,55.14595453387756,252.21047665476803,6.157333099842073,17.73611068725586,18.16111183166504,3,-2.2774651050567627,0.48551055788993835,-0.979188371022942,-1.0,-1.0,-1.0,-0.85,LPS,LPS,LPS,-1.6328995973509255,-0.570647800409833,-0.489942279486845,-1.6509454250335693,-0.6342158317565918,-0.5929778218269348,-1.0622517969410925,-1.0167295932769775,-1.1429573178640804,-1.0579676628112793,5.260697799030716,100.34594226789505,-45.1999877340175,-9723.713941105021,0.17952345331710645,102.02001588767348,-46.87406135379592,-10047.590819477953,0.17973607748816647,0.000572502613067627,0.0013949866125425592,0.00021262417106002185,-323.87687837293197
50-75,0.2520546413161281,59.68448154599895,196.6714240603977,2.4014858351813424,19.683332443237305,19.919445037841797,4,-1.3049434423446655,0.28906261920928955,-0.8629903570476875,0.25,-1.0,-1.0,-0.85,LPS,OFF,LPS,-1.3638719237175312,-0.33834223553243237,-0.28631523300923256,-0.9849865436553955,-0.44073179364204407,-0.4198920428752899,-1.0255296881850988,-0.5442547798156738,-1.0775566907082985,-0.5650944709777832,4.3070536131647925,101.35703919686607,-41.67255765086712,-6933.193762616822,0.2565188128561591,110.41629086009806,-50.7318093140991,-8313.591591219872,0.2574025020620212,-0.001664489507675171,0.005298850341052375,0.000883689205862126,-1380.3978286030506
50-75,0.2574025020620212,59.747677582347414,199.0589607000351,2.3735874440934923,19.919445037841797,20.15833282470703,4,-1.358650803565979,0.2902487516403198,-0.876079771079991,-0.925,-1.0,-1.0,-0.85,LPS,LPS,LPS,-1.3944896419333126,-0.3696263461901772,-0.3181110105164122,-0.6784495711326599,-0.3831455111503601,-0.35293522477149963,-1.0248632957431354,-0.2953040599822998,-1.0763786314169004,-0.3255143463611603,4.242466161971454,101.46435960859355,-41.71668202624614,-7033.336937721435,0.26192214207167097,110.53320352734272,-50.7855259449953,-8433.04669082232,0.2628163577714661,-0.0032576322555541992,0.004656939997297216,0.0008942156997951423,-1399.7097531008858
50-75,0.32920518430429657,60.024396526395805,222.1257783836789,0.0,27.77777862548828,27.77777862548828,5,-0.33997347950935364,0.09060198068618774,-0.327453718208152,-0.17499999999999993,-1.0,0.33499999999999996,0.9306249999999999,LPS,ASSIST,OFF,-1.2792780031576323,-0.26832593873846544,-0.23000793511060116,-1.4756550788879395,-0.29750150442123413,-0.31847742199897766,-1.010952064419167,-1.1781535148620605,-1.049270068047031,-1.1571776866912842,3.375287217860934,61.84656570666139,-1.8221691802655804,-347.5548411486998,0.329423875399567,4.21875,55.805646526395805,14739.120895550966,0.3198356850234036,-0.7586770057678223,-1.0360753326618912,-0.00958819037616343,15086.675736699666
50-75,0.31982427038283695,60.024396526395805,222.1257783836789,0.0,27.77777862548828,27.77777862548828,5,-0.681229829788208,0.07712405174970627,-0.5923183320824734,-0.6499999999999999,-1.0,0.33499999999999996,0.9306249999999999,LPS,LPS,OFF,-1.1987819515150882,-0.18612872548499465,-0.14528616151090812,-1.4341174364089966,-0.3030059337615967,-0.29059505462646484,-1.0126532260300936,-1.1311115026474,-1.0534957900041801,-1.1435223817825317,3.4885828605188824,81.89042668958284,-21.866030163187038,-4230.977993954309,0.32248844323651443,4.21875,55.805646526395805,14739.120895550966,0.31042296575037065,-0.9178881645202637,-1.0496731503925922,-0.012065477486143783,18970.098889505276
50-75,0.3104115115715167,60.024396526395805,222.1257783836789,0.0,27.77777862548828,27.77777862548828,5,-0.8003402948379517,0.09287180006504059,-0.664226970868913,-0.7,-1.0,-0.77,-0.5725,LPS,LPS,LPS,-1.2145727376891555,-0.20022034130119815,-0.1568565627966462,-1.4492031335830688,-0.32693585753440857,-0.3059823215007782,-1.0143523963879573,-1.122267246246338,-1.0577161748925092,-1.1432207822799683,3.6022631018728997,87.35693423037961,-27.332537703983807,-5295.586882578559,0.3137547699003447,94.64561095144195,-34.62121442504615,-6681.2427831219975,0.3146256710842909,-0.0004710555076599121,0.00432988607612117,0.0008709011839462266,-1385.6559005434383
50-75,0.314582988075698,60.024396526395805,222.1257783836789,0.0,27.77777862548828,27.77777862548828,5,-0.7517620325088501,0.08601636439561844,-0.6361989797477263,-0.675,-1.0,-0.77,-0.5725,LPS,LPS,LPS,-1.3013224345790722,-0.28772209899372925,-0.2454741732237047,-1.4424488544464111,-0.3163463771343231,-0.2986026108264923,-1.013600335585343,-1.1261024475097656,-1.0558482613553675,-1.1438462734222412,3.551883137262776,83.71259586984843,-23.68819934345263,-4586.523219854074,0.3174757017503425,94.64561095144195,-34.62121442504615,-6681.2427831219975,0.3187909573772764,-0.0009910166263580322,0.0053884845668120684,0.0013152556269339089,-2094.719563267923
50-75,0.3187483365138543,60.024396526395805,222.1257783836789,0.0,27.77777862548828,27.77777862548828,5,-0.6966472864151001,0.07897330075502396,-0.6022353642121967,-0.6499999999999999,-1.0,0.33499999999999996,0.9306249999999999,LPS,LPS,OFF,-1.2943593801008229,-0.2815115336096169,-0.24038017349475482,-1.4358100891113281,-0.30574479699134827,-0.29196909070014954,-1.0128478464912058,-1.1300653219223022,-1.053979206606068,-1.143841028213501,3.5015771828380524,81.89042668958284,-21.866030163187038,-4230.977993954309,0.32141352056342243,4.21875,55.805646526395805,14739.120895550966,0.30934337005104456,-0.919256329536438,-1.050545074942324,-0.012070150512377864,18970.098889505276
50-75,0.3093319113195255,60.024396526395805,222.1257783836789,0.0,27.77777862548828,27.77777862548828,5,-0.8129006624221802,0.09473194926977158,-0.6711873004673358,-0.7,-1.0,-0.79,-0.595625,LPS,LPS,LPS,-1.2164055742488415,-0.2018587916656006,-0.15820660983581622,-1.4509515762329102,-0.32967647910118103,-0.30809900164604187,-1.014546782583241,-1.1212750673294067,-1.0581989644130254,-1.142852544784546,3.6153017040162605,87.35693423037961,-27.332537703983807,-5295.586882578559,0.3126764453211267,96.46778013170754,-36.443383605311745,-7019.69724781323,0.3137602349048917,-0.0005782246589660645,0.004789033257367625,0.0010837895837649825,-1724.110365234671
50-75,0.31367535877519187,60.024396526395805,222.1257783836789,0.0,27.77777862548828,27.77777862548828,5,-0.7623682618141174,0.08746737986803055,-0.6424697982779318,-0.675,-1.0,-0.77,-0.5725,LPS,LPS,LPS,-1.3040657003712863,-0.29030160047386333,-0.24781068659689234,-1.4439187049865723,-0.3186505138874054,-0.30016788840293884,-1.0137640998974229,-1.1252682209014893,-1.056255013774394,-1.143750786781311,3.562844803232314,85.53476505011402,-25.51036852371821,-4941.94190454946,0.31679249327110737,94.64561095144195,-34.62121442504615,-6681.2427831219975,0.31788467340053184,-0.0008896887302398682,0.005153891275955308,0.0010921801294244693,-1739.3008785725378
50-75,0.3178420390308419,60.024396526395805,222.1257783836789,0.0,27.77777862548828,27.77777862548828,5,-0.7096229791641235,0.08056466281414032,-0.6104403584922573,-0.6499999999999999,-1.0,-0.77,-0.5725,LPS,LPS,LPS,-1.2958687422734831,-0.2828570389770736,-0.2414825367081129,-1.4372353553771973,-0.30805185437202454,-0.2932705581188202,-1.0130117032964097,-1.1291835308074951,-1.0543862055653703,-1.1439647674560547,3.512522764114764,81.89042668958284,-21.866030163187038,-4230.977993954309,0.32050807544090343,94.64561095144195,-34.62121442504615,-6681.2427831219975,0.32204518468741633,-0.0005055069923400879,0.006336009548340599,0.0015371092465129021,-2450.264789167689
50-75,0.3220026122515233,60.024396526395805,222.1257783836789,0.0,27.77777862548828,27.77777862548828,5,-0.6450589895248413,0.0732501745223999,-0.5683343153724544,-0.625,-1.0,0.33499999999999996,0.9306249999999999,LPS,LPS,OFF,-1.2889656101329048,-0.27670672488284453,-0.23644933653281716,-1.4306910037994385,-0.29746076464653015,-0.2878131568431854,-1.0122588852500602,-1.133230209350586,-1.0525162736000877,-1.1428778171539307,3.4622744811852897,80.06825750931725,-20.04386098292145,-3873.3877351591645,0.3244403245975939,4.21875,55.805646526395805,14739.120895550966,0.3126087125690216,-0.9137901067733765,-1.0477264314382688,-0.011831612028572303,18612.50863071013
50-75,0.31259726759623313,60.024396526395805,222.1257783836789,0.0,27.77777862548828,27.77777862548828,5,-0.7749109268188477,0.08921679854393005,-0.6497760009549498,-0.675,-1.0,-0.77,-0.5725,LPS,LPS,LPS,-1.210875656155779,-0.19691712997829813,-0.15413773754789123,-1.4456641674041748,-0.3213872015476227,-0.3020271062850952,-1.0139585261774808,-1.1242769956588745,-1.0567379186078878,-1.1436370611190796,3.5758651799233934,85.53476505011402,-25.51036852371821,-4941.94190454946,0.31571558902072877,94.64561095144195,-34.62121442504615,-6681.2427831219975,0.3168081813237984,-0.0007591545581817627,0.004880573938382371,0.0010925923030696283,-1739.3008785725378
50-75,0.3167655309002013,60.024396526395805,222.1257783836789,0.0,27.77777862548828,27.77777862548828,5,-0.7250359058380127,0.08249671757221222,-0.6200189712506405,-0.6499999999999999,-1.0,-0.77,-0.5725,LPS,LPS,LPS,-1.2976656669701407,-0.28445942702837135,-0.24279626245522054,-1.4389287233352661,-0.3107921779155731,-0.29497215151786804,-1.0132062399417694,-1.1281365156173706,-1.0548694045149203,-1.1439565420150757,3.5255240219355435,83.71259586984843,-23.68819934345263,-4586.523219854074,0.31965601690547296,94.64561095144195,-34.62121442504615,-6681.2427831219975,0.32097026865308054,-0.0006983280181884766,0.0059838534093965,0.0013142517476075755,-2094.719563267923
50-75,0.32092768023299434,60.024396526395805,222.1257783836789,0.0,27.77777862548828,27.77777862548828,5,-0.6634657382965088,0.07514961808919907,-0.5806652240991506,-0.6499999999999999,-1.0,0.33499999999999996,0.9306249999999999,LPS,LPS,OFF,-1.2907427559900806,-0.27828922598375894,-0.23774299507270275,-1.4323819875717163,-0.3001970946788788,-0.28918591141700745,-1.0124535300063218,-1.1321848630905151,-1.0529997609173778,-1.1431961059570312,3.4752567039060684,80.06825750931725,-20.04386098292145,-3873.3877351591645,0.3233663166921424,4.21875,55.805646526395805,14739.120895550966,0.3115301279519124,-0.9164114594459534,-1.0487271818932833,-0.011836188740230014,18612.50863071013
50-75,0.31151867843815423,60.024396526395805,222.1257783836789,0.0,27.77777862548828,27.77777862548828,5,-0.7874592542648315,0.09100204706192017,-0.6569673010391616,-0.675,-1.0,-0.77,-0.5725,LPS,LPS,LPS,-1.212697740040436,-0.19854480069312855,-0.15547695435577524,-1.4474104642868042,-0.3241252899169922,-0.30388715863227844,-1.0141529393473074,-1.123285174369812,-1.0572207856846607,-1.1435233354568481,3.5888915708328017,85.53476505011402,-25.51036852371821,-4941.94190454946,0.3146381882413677,94.64561095144195,-34.62121442504615,-6681.2427831219975,0.3157311932174543,-0.0006232857704162598,0.004608686823785901,0.001093004976086609,-1739.3008785725378
50-75,0.3156885267205403,60.024396526395805,222.1257783836789,0.0,27.77777862548828,27.77777862548828,5,-0.7385624051094055,0.08425462990999222,-0.6282758148707468,-0.6499999999999999,-1.0,-0.77,-0.5725,LPS,LPS,LPS,-1.2994678647428508,-0.2860671006692662,-0.2441152975127601,-1.4406588077545166,-0.313533753156662,-0.2966960370540619,-1.0134007640735847,-1.1271250247955322,-1.0553525672300907,-1.1439627408981323,3.538531270664354,83.71259586984843,-23.68819934345263,-4586.523219854074,0.31858011157061816,94.64561095144195,-34.62121442504615,-6681.2427831219975,0.31989485850541205,-0.0008482635021209717,0.005681333336288119,0.0013147469347938867,-2094.719563267923
50-75,0.3198522540818592,60.024396526395805,222.1257783836789,0.0,27.77777862548828,27.77777862548828,5,-0.6807959675788879,0.07707475870847702,-0.5920366141478852,-0.6499999999999999,-1.0,0.33499999999999996,0.9306249999999999,LPS,LPS,OFF,-1.2925251516878706,-0.2798769888500744,-0.23904193818524766,-1.4340736865997314,-0.3029346764087677,-0.2905592918395996,-1.0126481628377961,-1.1311390399932861,-1.053483213502623,-1.1435143947601318,3.4882448943898656,81.89042668958284,-21.866030163187038,-4230.977993954309,0.3225164006458008,4.21875,55.805646526395805,14739.120895550966,0.31045104465060247,-0.917853593826294,-1.0496496233618342,-0.012065355995198312,18970.098889505276
50-75,0.31043959059010845,60.024396526395805,222.1257783836789,0.0,27.77777862548828,27.77777862548828,5,-0.8000137209892273,0.09282392263412476,-0.6640444409878926,-0.7,-1.0,-0.77,-0.5725,LPS,LPS,LPS,-1.2145251275496407,-0.20017778827728425,-0.15682151289043333,-1.4491578340530396,-0.3268645703792572,-0.3059268295764923,-1.0143473392723565,-1.12229323387146,-1.0577036146592074,-1.1432310342788696,3.601923984545612,87.35693423037961,-27.332537703983807,-5295.586882578559,0.3137828157532609,94.64561095144195,-34.62121442504615,-6681.2427831219975,0.3146537083747576,-0.0004749894142150879,0.004336948838412652,0.0008708926214966994,-1385.6559005434383
50-75,0.3146110257850763,60.024396526395805,222.1257783836789,0.0,27.77777862548828,27.77777862548828,5,-0.7514272928237915,0.08597122132778168,-0.6359996832279808,-0.675,-1.0,-0.77,-0.5725,LPS,LPS,LPS,-1.3012753426978025,-0.2876800671383154,-0.24543964932692477,-1.4424034357070923,-0.3162752091884613,-0.29855427145957947,-1.0135952755594873,-1.1261281967163086,-1.0558356933708777,-1.1438491344451904,3.5515445188371872,83.71259586984843,-23.68819934345263,-4586.523219854074,0.3175037108205951,94.64561095144195,-34.62121442504615,-6681.2427831219975,0.3188189535416935,-0.0009874701499938965,0.0053959131836869845,0.0013152427210983975,-2094.719563267923
50-75,0.3187763330953604,60.024396526395805,222.1257783836789,0.0,27.77777862548828,27.77777862548828,5,-0.696246325969696,0.07892461866140366,-0.6019797653754267,-0.6499999999999999,-1.0,0.33499999999999996,0.9306249999999999,LPS,LPS,OFF,-1.2943128042852932,-0.28147002067103194,-0.2403461732640503,-1.4357657432556152,-0.3056735694408417,-0.2919333577156067,-1.0128427836142613,-1.1300921440124512,-1.0539666310212428,-1.1438324451446533,3.5012390611240582,81.89042668958284,-21.866030163187038,-4230.977993954309,0.32144149082317686,4.21875,55.805646526395805,14739.120895550966,0.30937146195255477,-0.9192126393318176,-1.05052240178356,-0.012070028870622085,18970.098889505276
50-75,0.3093600033395461,60.024396526395805,222.1257783836789,0.0,27.77777862548828,27.77777862548828,5,-0.8125737309455872,0.09468307346105576,-0.6710076097102081,-0.7,-1.0,-0.79,-0.595625,LPS,LPS,LPS,-1.216357825853714,-0.2018161000361893,-0.1581714206690973,-1.4509059190750122,-0.3296051621437073,-0.30804723501205444,-1.0145417258175247,-1.1213006973266602,-1.0581864051846166,-1.1428587436676025,3.614962429667467,87.35693423037961,-27.332537703983807,-5295.586882578559,0.3127045041348789,96.46778013170754,-36.443383605311745,-7019.69724781323,0.31378828305903306,-0.0005823075771331787,0.004795923660664669,0.0010837789241541773,-1724.110365234671
50-75,0.31370340776236766,60.024396526395805,222.1257783836789,0.0,27.77777862548828,27.77777862548828,5,-0.7620419263839722,0.08742232620716095,-0.6422781233085274,-0.675,-1.0,-0.77,-0.5725,LPS,LPS,LPS,-1.3040184919787148,-0.29025945189355074,-0.24777604554479796,-1.4438731670379639,-0.3185792565345764,-0.3001195192337036,-1.013759040085164,-1.1252939701080322,-1.0562424464339168,-1.1437536478042603,3.5625060486019446,85.53476505011402,-25.51036852371821,-4941.94190454946,0.31682051138966416,94.64561095144195,-34.62121442504615,-6681.2427831219975,0.3179126807995745,-0.0008930563926696777,0.005161106051768005,0.0010921694099103596,-1739.3008785725378
50-75,0.31787004684740355,60.024396526395805,222.1257783836789,0.0,27.77777862548828,27.77777862548828,5,-0.7092218995094299,0.08051502704620361,-0.6101886745222244,-0.6499999999999999,-1.0,-0.77,-0.5725,LPS,LPS,LPS,-1.29582205046502,-0.2828154098450064,-0.24144841987376123,-1.437191367149353,-0.3079805374145508,-0.29322636127471924,-1.0130066406200136,-1.1292108297348022,-1.0543736305912588,-1.1439650058746338,3.5121845067121953,81.89042668958284,-21.866030163187038,-4230.977993954309,0.3205360569083527,94.64561095144195,-34.62121442504615,-6681.2427831219975,0.32207315109797874,-0.0005003511905670166,0.006345184884997079,0.0015370941896260537,-2450.264789167689
50-75,0.3220305790777923,60.024396526395805,222.1257783836789,0.0,27.77777862548828,27.77777862548828,5,-0.6445837020874023,0.07320258021354675,-0.568012460712251,-0.625,-1.0,0.33499999999999996,0.9306249999999999,LPS,LPS,OFF,-1.2889194327278846,-0.2766656129597954,-0.23641574158621714,-1.4306471347808838,-0.2973896265029907,-0.28777745366096497,-1.0122538197680893,-1.133257508277893,-1.0525036911416674,-1.1428697109222412,3.4619367188327326,80.06825750931725,-20.04386098292145,-3873.3877351591645,0.32446826739026186,4.21875,55.805646526395805,14739.120895550966,0.31263677438775217,-0.9137241840362549,-1.0477002841783545,-0.011831493002509685,18612.50863071013
50-75,0.31262532953305844,60.024396526395805,222.1257783836789,0.0,27.77777862548828,27.77777862548828,5,-0.7745844721794128,0.08917084336280823,-0.649587338341008,-0.675,-1.0,-0.77,-0.5725,LPS,LPS,LPS,-1.2108283100262347,-0.1968748433216315,-0.15410295778086547,-1.4456185102462769,-0.32131606340408325,-0.3019786775112152,-1.0139534667046033,-1.1243023872375488,-1.0567253522453692,-1.1436398029327393,3.5755262688968696,85.53476505011402,-25.51036852371821,-4941.94190454946,0.3157436200512382,94.64561095144195,-34.62121442504615,-6681.2427831219975,0.3168362016218123,-0.0007625818252563477,0.004887649574096348,0.0010925815705741249,-1739.3008785725378
50-75,0.31679355161623873,60.024396526395805,222.1257783836789,0.0,27.77777862548828,27.77777862548828,5,-0.7246347069740295,0.08244586735963821,-0.6197719412323727,-0.6499999999999999,-1.0,-0.77,-0.5725,LPS,LPS,LPS,-1.2976188380328817,-0.28441766044362504,-0.2427620075536555,-1.4388848543167114,-0.31072086095809937,-0.2949278950691223,-1.0132011775892567,-1.1281640529632568,-1.0548568304792263,-1.1439568996429443,3.5251856087427806,83.71259586984843,-23.68819934345263,-4586.523219854074,0.31968400904367344,94.64561095144195,-34.62121442504615,-6681.2427831219975,0.3209982479127997,-0.0006934702396392822,0.005993008633890212,0.0013142388691262386,-2094.719563267923
50-75,0.32095565990892105,60.024396526395805,222.1257783836789,0.0,27.77777862548828,27.77777862548828,5,-0.6629830598831177,0.07509832084178925,-0.5803452017119394,-0.6499999999999999,-1.0,0.33499999999999996,0.9306249999999999,LPS,LPS,OFF,-1.2906964420603015,-0.27824797722736183,-0.23770926270195206,-1.432337760925293,-0.3001258671283722,-0.289150208234787,-1.0124484648329397,-1.1322119235992432,-1.0529871793583494,-1.1431875228881836,3.474918786364983,80.06825750931725,-20.04386098292145,-3873.3877351591645,0.32339427230523904,4.21875,55.805646526395805,14739.120895550966,0.31155820273861845,-0.9163424968719482,-1.0487023038795884,-0.011836069566620588,18612.50863071013
50-75,0.31154675334310494,60.024396526395805,222.1257783836789,0.0,27.77777862548828,27.77777862548828,5,-0.7846460938453674,0.09080945700407028,-0.6553653612268543,-0.675,-1.0,-0.77,-0.5725,LPS,LPS,LPS,-1.212650255987974,-0.1985023757706672,-0.15544203567889875,-1.4408599138259888,-0.3238133490085602,-0.3042762875556946,-1.0141478802173067,-1.117046594619751,-1.0572082203090751,-1.1365835666656494,3.588552503186986,85.53476505011402,-25.51036852371821,-4941.94190454946,0.3146662322022262,94.64561095144195,-34.62121442504615,-6681.2427831219975,0.31575922643280874,-0.0008913278579711914,0.004677184870061246,0.0010929942305825113,-1739.3008785725378
50-75,0.3157165603544239,60.024396526395805,222.1257783836789,0.0,27.77777862548828,27.77777862548828,5,-0.7252590656280518,0.08281470090150833,-0.6201563241607366,-0.6499999999999999,-1.0,-0.77,-0.5725,LPS,LPS,LPS,-1.299420898492086,-0.2860251964436936,-0.24408090435044402,-1.4220056533813477,-0.3136475384235382,-0.29827967286109924,-1.0133957020483924,-1.1083581447601318,-1.0553399941416421,-1.1237260103225708,3.5381927014595336,83.71259586984843,-23.68819934345263,-4586.523219854074,0.3186081165918145,94.64561095144195,-34.62121442504615,-6681.2427831219975,0.31992285063255266,-0.0009566247463226318,0.006026941018828336,0.0013147340407381747,-2094.719563267923
50-75,0.3198802466257094,60.024396526395805,222.1257783836789,0.0,27.77777862548828,27.77777862548828,5,-0.6487108469009399,0.07456005364656448,-0.5708014770936345,-0.625,-1.0,0.33499999999999996,0.9306249999999999,LPS,LPS,OFF,-1.2924787010498497,-0.27983560307346306,-0.2390080681981732,-1.4133849143981934,-0.30384859442710876,-0.2945803701877594,-1.0126430979763867,-1.1095362901687622,-1.0534706328516765,-1.1188045740127563,3.487906821439651,80.06825750931725,-20.04386098292145,-3873.3877351591645,0.32231978423020036,4.21875,55.805646526395805,14739.120895550966,0.3104791324238039,-0.9020863771438599,-1.0487281048633117,-0.01184065180639643,18612.50863071013
50-75,0.31046767848170487,60.024396526395805,222.1257783836789,0.0,27.77777862548828,27.77777862548828,5,-0.7694334983825684,0.08913690596818924,-0.6465999190525737,-0.675,-1.0,-0.77,-0.5725,LPS,LPS,LPS,-1.2144775053878845,-0.20013522489914476,-0.15678645510832212,-1.4170476198196411,-0.3299727737903595,-0.310073584318161,-1.0143422804887396,-1.087074875831604,-1.0576910502795625,-1.1069740056991577,3.6015847600568294,85.53476505011402,-25.51036852371821,-4941.94190454946,0.3135883471348849,94.64561095144195,-34.62121442504615,-6681.2427831219975,0.31468175452586583,-0.0011370182037353516,0.005098541919923483,0.001093407390980905,-1739.3008785725378
50-75,0.31463907235522043,60.024396526395805,222.1257783836789,0.0,27.77777862548828,28.05555534362793,5,-0.7076857089996338,0.0811484307050705,-0.609223550245082,-0.6499999999999999,-1.0,-0.77,-0.5725,LPS,LPS,LPS,-1.3012282389483965,-0.2876380250833306,-0.24540511770985698,-1.4063814878463745,-0.31975480914115906,-0.3043610155582428,-1.0135902138650659,-1.086626648902893,-1.0558231212385394,-1.102020502090454,3.5512057933979144,81.89042668958284,-21.866030163187038,-4230.977993954309,0.3173081254726987,94.64561095144195,-34.62121442504615,-6681.2427831219975,0.3188469585545639,-0.0004684627056121826,0.006547546092144335,0.0015388330818651985,-2450.264789167689
